[{"g": "m", "item": "Paper+-Board Ex Newsprnt", "p": 22.0, "s": 8.0, "year": 1998, "partner": 131}, {"g": "m", "item": "Particle Board", "p": 37.0, "s": 5.0, "year": 1997, "partner": 5009}, {"g": "m", "item": "Paper+-Board Ex Newsprnt", "p": 23.0, "s": 9.0, "year": 1998, "partner": 5009}, {"g": "m", "item": "Paper+-Board Ex Newsprnt", "p": 0.0, "s": 0.0, "year": 1999, "partner": 5009}, {"g": "m", "item": "Fibreboard", "p": 0.0, "s": 0.0, "year": 1999, "partner": 5009}, {"g": "m", "item": "Paper+-Board Ex Newsprnt", "p": 0.0, "s": 0.0, "year": 2000, "partner": 5009}, {"g": "m", "item": "Ind Rwd Wir (C)", "p": 0.0, "s": 0.0, "year": 2000, "partner": 5009}, {"g": "m", "item": "Fibreboard", "p": 0.0, "s": 0.0, "year": 2000, "partner": 5009}, {"g": "m", "item": "Paper+-Board Ex Newsprnt", "p": 0.0, "s": 0.0, "year": 2001, "partner": 5009}, {"g": "m", "item": "Newsprint", "p": 0.0, "s": 0.0, "year": 2001, "partner": 5009}, {"g": "m", "item": "Paper+-Board Ex Newsprnt", "p": 0.0, "s": 0.0, "year": 2002, "partner": 5009}, {"g": "m", "item": "Particle Board", "p": 0.0, "s": 0.0, "year": 2002, "partner": 5009}, {"g": "m", "item": "Sawnwood (NC)", "p": 0.0, "s": 0.0, "year": 2003, "partner": 5009}, {"g": "m", "item": "Veneer Sheets", "p": 5.0, "s": 4.0, "year": 2004, "partner": 5009}, {"g": "m", "item": "Newsprint", "p": 3.0, "s": 1.0, "year": 2004, "partner": 5009}, {"g": "m", "item": "Sawnwood (NC)", "p": 2.0, "s": 1.0, "year": 2004, "partner": 5009}, {"g": "m", "item": "Ind Rwd Wir (C)", "p": 0.0, "s": 0.0, "year": 2004, "partner": 5009}, {"g": "m", "item": "Paper+-Board Ex Newsprnt", "p": 173.0, "s": 109.0, "year": 2004, "partner": 5009}, {"g": "m", "item": "Paper+-Board Ex Newsprnt", "p": 173.0, "s": 109.0, "year": 2005, "partner": 5009}, {"g": "m", "item": "Ind Rwd Wir (C)", "p": 0.0, "s": 0.0, "year": 2005, "partner": 5009}, {"g": "m", "item": "Paper+-Board Ex Newsprnt", "p": 11.0, "s": 7.0, "year": 1999, "partner": 159}, {"g": "m", "item": "Sawnwood (NC)", "p": 22.0, "s": 2.0, "year": 2003, "partner": 165}, {"g": "m", "item": "Ind Rwd Wir (C)", "p": 2450.0, "s": 1.0, "year": 2004, "partner": 178}, {"g": "m", "item": "Ind Rwd Wir (C)", "p": 16.0, "s": 1.0, "year": 2005, "partner": 179}, {"g": "m", "item": "Particle Board", "p": 37.0, "s": 5.0, "year": 1997, "partner": 351}, {"g": "m", "item": "Fibreboard", "p": 88.0, "s": 12.0, "year": 1999, "partner": 351}, {"g": "m", "item": "Paper+-Board Ex Newsprnt", "p": 1.0, "s": 1.0, "year": 1998, "partner": 60}, {"g": "m", "item": "Paper+-Board Ex Newsprnt", "p": 3.0, "s": 3.0, "year": 2001, "partner": 194}, {"g": "m", "item": "Sawnwood (NC)", "p": 350.0, "s": 1.0, "year": 2004, "partner": 194}, {"g": "m", "item": "Newsprint", "p": 16.0, "s": 1.0, "year": 2004, "partner": 194}, {"g": "m", "item": "Paper+-Board Ex Newsprnt", "p": 562.0, "s": 77.0, "year": 2005, "partner": 194}, {"g": "m", "item": "Ind Rwd Wir (C)", "p": 3.0, "s": 0.0, "year": 2005, "partner": 194}, {"g": "m", "item": "Fibreboard", "p": 8.0, "s": 3.0, "year": 2000, "partner": 68}, {"g": "m", "item": "Veneer Sheets", "p": 19.0, "s": 4.0, "year": 2004, "partner": 72}, {"g": "m", "item": "Paper+-Board Ex Newsprnt", "p": 17.0, "s": 11.0, "year": 2001, "partner": 203}, {"g": "m", "item": "Newsprint", "p": 14.0, "s": 52.0, "year": 2001, "partner": 221}, {"g": "m", "item": "Paper+-Board Ex Newsprnt", "p": 87.0, "s": 72.0, "year": 2000, "partner": 229}, {"g": "m", "item": "Particle Board", "p": 10.0, "s": 2.0, "year": 2002, "partner": 229}, {"g": "m", "item": "Paper+-Board Ex Newsprnt", "p": 441.0, "s": 29.0, "year": 2004, "partner": 225}, {"g": "m", "item": "Paper+-Board Ex Newsprnt", "p": 1001.0, "s": 80.0, "year": 2004, "partner": 100}, {"g": "m", "item": "Ind Rwd Wir (C)", "p": 6.0, "s": 1.0, "year": 2000, "partner": 106}, {"g": "m", "item": "Paper+-Board Ex Newsprnt", "p": 2.0, "s": 1.0, "year": 2001, "partner": 106}, {"g": "m", "item": "Paper+-Board Ex Newsprnt", "p": 2.0, "s": 5.0, "year": 2002, "partner": 106}, {"g": "m", "item": "Paper+-Board Ex Newsprnt", "p": 10.0, "s": 7.0, "year": 2000, "partner": 114}, {"g": "m", "item": "Veneer Sheets", "p": 1.0, "s": 0.0, "year": 2004, "partner": 252}, {"g": "m", "item": "Sawnwood (NC)", "p": 7.0, "s": 0.0, "year": 2004, "partner": 252}, {"g": "m", "item": "Particle Board", "p": 0.0, "s": 0.0, "year": 1997, "partner": 254}, {"g": "m", "item": "Paper+-Board Ex Newsprnt", "p": 0.0, "s": 0.0, "year": 1998, "partner": 254}, {"g": "m", "item": "Paper+-Board Ex Newsprnt", "p": 0.0, "s": 0.0, "year": 1999, "partner": 254}, {"g": "m", "item": "Fibreboard", "p": 0.0, "s": 0.0, "year": 1999, "partner": 254}, {"g": "m", "item": "Paper+-Board Ex Newsprnt", "p": 0.0, "s": 0.0, "year": 2000, "partner": 254}, {"g": "m", "item": "Ind Rwd Wir (C)", "p": 0.0, "s": 0.0, "year": 2000, "partner": 254}, {"g": "m", "item": "Fibreboard", "p": 0.0, "s": 0.0, "year": 2000, "partner": 254}, {"g": "m", "item": "Paper+-Board Ex Newsprnt", "p": 0.0, "s": 0.0, "year": 2001, "partner": 254}, {"g": "m", "item": "Newsprint", "p": 0.0, "s": 0.0, "year": 2001, "partner": 254}, {"g": "m", "item": "Paper+-Board Ex Newsprnt", "p": 0.0, "s": 0.0, "year": 2002, "partner": 254}, {"g": "m", "item": "Particle Board", "p": 0.0, "s": 0.0, "year": 2002, "partner": 254}, {"g": "m", "item": "Sawnwood (NC)", "p": 0.0, "s": 0.0, "year": 2003, "partner": 254}, {"g": "m", "item": "Veneer Sheets", "p": -15.0, "s": 0.0, "year": 2004, "partner": 254}, {"g": "m", "item": "Newsprint", "p": -13.0, "s": 0.0, "year": 2004, "partner": 254}, {"g": "m", "item": "Sawnwood (NC)", "p": -355.0, "s": 0.0, "year": 2004, "partner": 254}, {"g": "m", "item": "Ind Rwd Wir (C)", "p": 0.0, "s": 0.0, "year": 2004, "partner": 254}, {"g": "m", "item": "Paper+-Board Ex Newsprnt", "p": -1269.0, "s": 0.0, "year": 2004, "partner": 254}, {"g": "m", "item": "Paper+-Board Ex Newsprnt", "p": -389.0, "s": 32.0, "year": 2005, "partner": 254}, {"g": "f", "item": "Paper+-Board Ex Newsprnt", "p": 511.0, "s": 279.0, "year": 1998, "partner": 131}, {"g": "f", "item": "Sawnwood (NC)", "p": 105749.0, "s": 15506.0, "year": 1998, "partner": 131}, {"g": "f", "item": "Plywood", "p": 27751.0, "s": 5612.0, "year": 1998, "partner": 131}, {"g": "f", "item": "Fibreboard", "p": 656.0, "s": 179.0, "year": 1998, "partner": 131}, {"g": "f", "item": "Paper+-Board Ex Newsprnt", "p": 549.0, "s": 273.0, "year": 1999, "partner": 131}, {"g": "f", "item": "Sawnwood (NC)", "p": 70198.0, "s": 11261.0, "year": 1999, "partner": 131}, {"g": "f", "item": "Plywood", "p": 27369.0, "s": 7250.0, "year": 1999, "partner": 131}, {"g": "f", "item": "Fibreboard", "p": 2886.0, "s": 429.0, "year": 1999, "partner": 131}, {"g": "f", "item": "Fibreboard", "p": 4028.0, "s": 639.0, "year": 2001, "partner": 131}, {"g": "f", "item": "Sawnwood (C)", "p": 158.0, "s": 25.0, "year": 2001, "partner": 131}, {"g": "f", "item": "Sawnwood (NC)", "p": 82956.0, "s": 16333.0, "year": 2001, "partner": 131}, {"g": "f", "item": "Plywood", "p": 39061.0, "s": 9780.0, "year": 2001, "partner": 131}, {"g": "f", "item": "Paper+-Board Ex Newsprnt", "p": 2912.0, "s": 1894.0, "year": 2001, "partner": 131}, {"g": "f", "item": "Sawnwood (C)", "p": 355.0, "s": 53.0, "year": 2002, "partner": 131}, {"g": "f", "item": "Sawnwood (NC)", "p": 68202.0, "s": 12855.0, "year": 2002, "partner": 131}, {"g": "f", "item": "Plywood", "p": 14192.0, "s": 4967.0, "year": 2002, "partner": 131}, {"g": "f", "item": "Sawnwood (C)", "p": 372.0, "s": 121.0, "year": 2003, "partner": 131}, {"g": "f", "item": "Paper+-Board Ex Newsprnt", "p": 8.0, "s": 22.0, "year": 2003, "partner": 131}, {"g": "f", "item": "Sawnwood (NC)", "p": 54202.0, "s": 15307.0, "year": 2003, "partner": 131}, {"g": "f", "item": "Fibreboard", "p": 1706.0, "s": 255.0, "year": 2004, "partner": 131}, {"g": "f", "item": "Veneer Sheets", "p": 325.0, "s": 86.0, "year": 2004, "partner": 131}, {"g": "f", "item": "Particle Board", "p": 690.0, "s": 122.0, "year": 2004, "partner": 131}, {"g": "f", "item": "Sawnwood (C)", "p": 6200008.0, "s": 862.0, "year": 2004, "partner": 131}, {"g": "f", "item": "Sawnwood (NC)", "p": 48024.0, "s": 10601.0, "year": 2004, "partner": 131}, {"g": "f", "item": "Plywood", "p": 18926.0, "s": 3833.0, "year": 2004, "partner": 131}, {"g": "f", "item": "Paper+-Board Ex Newsprnt", "p": 2994.0, "s": 2088.0, "year": 2004, "partner": 131}, {"g": "f", "item": "Paper+-Board Ex Newsprnt", "p": 111.0, "s": 229.0, "year": 2005, "partner": 131}, {"g": "f", "item": "Plywood", "p": 53150.0, "s": 17433.0, "year": 2005, "partner": 131}, {"g": "f", "item": "Fibreboard", "p": 2283.0, "s": 602.0, "year": 2005, "partner": 131}, {"g": "f", "item": "Paper+-Board Ex Newsprnt", "p": 201.0, "s": 131.0, "year": 2005, "partner": 9}, {"g": "f", "item": "Paper+-Board Ex Newsprnt", "p": 1775.0, "s": 742.0, "year": 2004, "partner": 10}, {"g": "f", "item": "Newsprint", "p": 472.0, "s": 259.0, "year": 2004, "partner": 10}, {"g": "f", "item": "Sawnwood (C)", "p": 695.0, "s": 93.0, "year": 1998, "partner": 11}, {"g": "f", "item": "Paper+-Board Ex Newsprnt", "p": 3912.0, "s": 1339.0, "year": 1998, "partner": 11}, {"g": "f", "item": "Particle Board", "p": 25.0, "s": 8.0, "year": 1998, "partner": 11}, {"g": "f", "item": "Paper+-Board Ex Newsprnt", "p": 5997.0, "s": 2951.0, "year": 1999, "partner": 11}, {"g": "f", "item": "Particle Board", "p": 77.0, "s": 20.0, "year": 1999, "partner": 11}, {"g": "f", "item": "Sawnwood (C)", "p": 9.0, "s": 4.0, "year": 2000, "partner": 11}, {"g": "f", "item": "Paper+-Board Ex Newsprnt", "p": 3982.0, "s": 1591.0, "year": 2000, "partner": 11}, {"g": "f", "item": "Particle Board", "p": 25.0, "s": 6.0, "year": 2000, "partner": 11}, {"g": "f", "item": "Sawnwood (C)", "p": 67.0, "s": 7.0, "year": 2001, "partner": 11}, {"g": "f", "item": "Paper+-Board Ex Newsprnt", "p": 642.0, "s": 239.0, "year": 2001, "partner": 11}, {"g": "f", "item": "Paper+-Board Ex Newsprnt", "p": 199.0, "s": 61.0, "year": 2002, "partner": 11}, {"g": "f", "item": "Paper+-Board Ex Newsprnt", "p": 1257.0, "s": 504.0, "year": 2003, "partner": 11}, {"g": "f", "item": "Ind Rwd Wir (NC) Other", "p": 1743.0, "s": 460.0, "year": 2004, "partner": 11}, {"g": "f", "item": "Newsprint", "p": 392.0, "s": 235.0, "year": 2004, "partner": 11}, {"g": "f", "item": "Sawnwood (C)", "p": 286.0, "s": 105.0, "year": 2004, "partner": 11}, {"g": "f", "item": "Sawnwood (NC)", "p": 11368977.0, "s": 4453.0, "year": 2004, "partner": 11}, {"g": "f", "item": "Paper+-Board Ex Newsprnt", "p": 5222.0, "s": 2718.0, "year": 2004, "partner": 11}, {"g": "f", "item": "Sawnwood (C)", "p": 186.0, "s": 26.0, "year": 2005, "partner": 11}, {"g": "f", "item": "Paper+-Board Ex Newsprnt", "p": 1633.0, "s": 743.0, "year": 2005, "partner": 11}, {"g": "f", "item": "Paper+-Board Ex Newsprnt", "p": 205.0, "s": 122.0, "year": 2004, "partner": 12}, {"g": "f", "item": "Paper+-Board Ex Newsprnt", "p": 157.0, "s": 187.0, "year": 2003, "partner": 13}, {"g": "f", "item": "Paper+-Board Ex Newsprnt", "p": 163.0, "s": 222.0, "year": 2004, "partner": 13}, {"g": "f", "item": "Paper+-Board Ex Newsprnt", "p": 41.0, "s": 60.0, "year": 2000, "partner": 15}, {"g": "f", "item": "Paper+-Board Ex Newsprnt", "p": 22.0, "s": 14.0, "year": 1997, "partner": 15}, {"g": "f", "item": "Newsprint", "p": 24.0, "s": 13.0, "year": 1997, "partner": 15}, {"g": "f", "item": "Paper+-Board Ex Newsprnt", "p": 2.0, "s": 8.0, "year": 1998, "partner": 15}, {"g": "f", "item": "Paper+-Board Ex Newsprnt", "p": 6.0, "s": 18.0, "year": 1999, "partner": 15}, {"g": "f", "item": "Wood Pulp", "p": 1068.0, "s": 606.0, "year": 1997, "partner": 5009}, {"g": "f", "item": "Fibreboard", "p": 556.0, "s": 194.0, "year": 1997, "partner": 5009}, {"g": "f", "item": "Ind Rwd Wir (NC) Other", "p": 82.0, "s": 13.0, "year": 1997, "partner": 5009}, {"g": "f", "item": "Particle Board", "p": 280.0, "s": 80.0, "year": 1997, "partner": 5009}, {"g": "f", "item": "Sawnwood (C)", "p": 15108.0, "s": 2748.0, "year": 1997, "partner": 5009}, {"g": "f", "item": "Newsprint", "p": 1021.0, "s": 362.0, "year": 1997, "partner": 5009}, {"g": "f", "item": "Plywood", "p": 21768.0, "s": 9412.0, "year": 1997, "partner": 5009}, {"g": "f", "item": "Sawnwood (NC)", "p": 2.0, "s": 1.0, "year": 1997, "partner": 5009}, {"g": "f", "item": "Paper+-Board Ex Newsprnt", "p": 27429.0, "s": 14999.0, "year": 1997, "partner": 5009}, {"g": "f", "item": "Wood Pulp", "p": 823.0, "s": 487.0, "year": 1998, "partner": 5009}, {"g": "f", "item": "Fibreboard", "p": 2278.0, "s": 505.0, "year": 1998, "partner": 5009}, {"g": "f", "item": "Particle Board", "p": 40.0, "s": 28.0, "year": 1998, "partner": 5009}, {"g": "f", "item": "Veneer Sheets", "p": 9.0, "s": 16.0, "year": 1998, "partner": 5009}, {"g": "f", "item": "Newsprint", "p": 1496.0, "s": 579.0, "year": 1998, "partner": 5009}, {"g": "f", "item": "Sawnwood (C)", "p": 16737.0, "s": 3200.0, "year": 1998, "partner": 5009}, {"g": "f", "item": "Sawnwood (NC)", "p": 105836.0, "s": 15562.0, "year": 1998, "partner": 5009}, {"g": "f", "item": "Ind Rwd Wir (C)", "p": 61.0, "s": 9.0, "year": 1998, "partner": 5009}, {"g": "f", "item": "Paper+-Board Ex Newsprnt", "p": 38203.0, "s": 20468.0, "year": 1998, "partner": 5009}, {"g": "f", "item": "Plywood", "p": 60676.0, "s": 12292.0, "year": 1998, "partner": 5009}, {"g": "f", "item": "Wood Pulp", "p": 400.0, "s": 224.0, "year": 1999, "partner": 5009}, {"g": "f", "item": "Fibreboard", "p": 1500.0, "s": 435.0, "year": 1999, "partner": 5009}, {"g": "f", "item": "Particle Board", "p": 70.0, "s": 20.0, "year": 1999, "partner": 5009}, {"g": "f", "item": "Newsprint", "p": 1900.0, "s": 541.0, "year": 1999, "partner": 5009}, {"g": "f", "item": "Sawnwood (C)", "p": 24400.0, "s": 3925.0, "year": 1999, "partner": 5009}, {"g": "f", "item": "Sawnwood (NC)", "p": 70200.0, "s": 11261.0, "year": 1999, "partner": 5009}, {"g": "f", "item": "Ind Rwd Wir (C)", "p": 600.0, "s": 329.0, "year": 1999, "partner": 5009}, {"g": "f", "item": "Paper+-Board Ex Newsprnt", "p": 36200.0, "s": 19037.0, "year": 1999, "partner": 5009}, {"g": "f", "item": "Plywood", "p": 33200.0, "s": 8843.0, "year": 1999, "partner": 5009}, {"g": "f", "item": "Wood Pulp", "p": 400.0, "s": 224.0, "year": 2000, "partner": 5009}, {"g": "f", "item": "Fibreboard", "p": 1500.0, "s": 435.0, "year": 2000, "partner": 5009}, {"g": "f", "item": "Ind Rwd Wir (NC) Other", "p": 0.0, "s": 0.0, "year": 2000, "partner": 5009}, {"g": "f", "item": "Veneer Sheets", "p": 0.0, "s": 0.0, "year": 2000, "partner": 5009}, {"g": "f", "item": "Particle Board", "p": 70.0, "s": 20.0, "year": 2000, "partner": 5009}, {"g": "f", "item": "Sawnwood (C)", "p": 24400.0, "s": 3925.0, "year": 2000, "partner": 5009}, {"g": "f", "item": "Newsprint", "p": 1900.0, "s": 541.0, "year": 2000, "partner": 5009}, {"g": "f", "item": "Ind Rwd Wir (C)", "p": 600.0, "s": 329.0, "year": 2000, "partner": 5009}, {"g": "f", "item": "Sawnwood (NC)", "p": 70200.0, "s": 11261.0, "year": 2000, "partner": 5009}, {"g": "f", "item": "Paper+-Board Ex Newsprnt", "p": 36200.0, "s": 19037.0, "year": 2000, "partner": 5009}, {"g": "f", "item": "Plywood", "p": 33200.0, "s": 8843.0, "year": 2000, "partner": 5009}, {"g": "f", "item": "Wood Pulp", "p": 400.0, "s": 219.0, "year": 2001, "partner": 5009}, {"g": "f", "item": "Fibreboard", "p": 4100.0, "s": 1144.0, "year": 2001, "partner": 5009}, {"g": "f", "item": "Ind Rwd Wir (NC) Other", "p": 0.0, "s": 0.0, "year": 2001, "partner": 5009}, {"g": "f", "item": "Veneer Sheets", "p": 0.0, "s": 0.0, "year": 2001, "partner": 5009}, {"g": "f", "item": "Particle Board", "p": 70.0, "s": 20.0, "year": 2001, "partner": 5009}, {"g": "f", "item": "Sawnwood (C)", "p": 37800.0, "s": 4946.0, "year": 2001, "partner": 5009}, {"g": "f", "item": "Newsprint", "p": 2500.0, "s": 876.0, "year": 2001, "partner": 5009}, {"g": "f", "item": "Plywood", "p": 40000.0, "s": 14640.0, "year": 2001, "partner": 5009}, {"g": "f", "item": "Sawnwood (NC)", "p": 83000.0, "s": 16351.0, "year": 2001, "partner": 5009}, {"g": "f", "item": "Paper+-Board Ex Newsprnt", "p": 46900.0, "s": 25503.0, "year": 2001, "partner": 5009}, {"g": "f", "item": "Wood Pulp", "p": 200.0, "s": 124.0, "year": 2002, "partner": 5009}, {"g": "f", "item": "Fibreboard", "p": 2300.0, "s": 551.0, "year": 2002, "partner": 5009}, {"g": "f", "item": "Veneer Sheets", "p": 0.0, "s": 0.0, "year": 2002, "partner": 5009}, {"g": "f", "item": "Newsprint", "p": 7200.0, "s": 3784.0, "year": 2002, "partner": 5009}, {"g": "f", "item": "Sawnwood (C)", "p": 44200.0, "s": 12733.0, "year": 2002, "partner": 5009}, {"g": "f", "item": "Sawnwood (NC)", "p": 66100.0, "s": 13906.0, "year": 2002, "partner": 5009}, {"g": "f", "item": "Plywood", "p": 56400.0, "s": 18507.0, "year": 2002, "partner": 5009}, {"g": "f", "item": "Paper+-Board Ex Newsprnt", "p": 47300.0, "s": 36393.0, "year": 2002, "partner": 5009}, {"g": "f", "item": "Wood Pulp", "p": 200.0, "s": 124.0, "year": 2003, "partner": 5009}, {"g": "f", "item": "Fibreboard", "p": 2300.0, "s": 551.0, "year": 2003, "partner": 5009}, {"g": "f", "item": "Ind Rwd Wir (NC) Other", "p": 0.0, "s": 0.0, "year": 2003, "partner": 5009}, {"g": "f", "item": "Veneer Sheets", "p": 0.0, "s": 0.0, "year": 2003, "partner": 5009}, {"g": "f", "item": "Particle Board", "p": 400.0, "s": 124.0, "year": 2003, "partner": 5009}, {"g": "f", "item": "Sawnwood (C)", "p": 44200.0, "s": 12733.0, "year": 2003, "partner": 5009}, {"g": "f", "item": "Newsprint", "p": 7200.0, "s": 3784.0, "year": 2003, "partner": 5009}, {"g": "f", "item": "Ind Rwd Wir (C)", "p": 0.0, "s": 0.0, "year": 2003, "partner": 5009}, {"g": "f", "item": "Sawnwood (NC)", "p": 66100.0, "s": 13906.0, "year": 2003, "partner": 5009}, {"g": "f", "item": "Paper+-Board Ex Newsprnt", "p": 47300.0, "s": 36393.0, "year": 2003, "partner": 5009}, {"g": "f", "item": "Plywood", "p": 56400.0, "s": 18507.0, "year": 2003, "partner": 5009}, {"g": "f", "item": "Ind Rwd Wir (NC) Tropica", "p": 243.0, "s": 40.0, "year": 2004, "partner": 5009}, {"g": "f", "item": "Wood Pulp", "p": 176.0, "s": 66.0, "year": 2004, "partner": 5009}, {"g": "f", "item": "Fibreboard", "p": 14671.0, "s": 2930.0, "year": 2004, "partner": 5009}, {"g": "f", "item": "Ind Rwd Wir (NC) Other", "p": 9993.0, "s": 660.0, "year": 2004, "partner": 5009}, {"g": "f", "item": "Veneer Sheets", "p": 17081.0, "s": 13304.0, "year": 2004, "partner": 5009}, {"g": "f", "item": "Particle Board", "p": 10333.0, "s": 1694.0, "year": 2004, "partner": 5009}, {"g": "f", "item": "Sawnwood (C)", "p": 74374.0, "s": 12941.0, "year": 2004, "partner": 5009}, {"g": "f", "item": "Newsprint", "p": 3096.0, "s": 1580.0, "year": 2004, "partner": 5009}, {"g": "f", "item": "Ind Rwd Wir (C)", "p": 0.0, "s": 0.0, "year": 2004, "partner": 5009}, {"g": "f", "item": "Sawnwood (NC)", "p": 85460.0, "s": 26065.0, "year": 2004, "partner": 5009}, {"g": "f", "item": "Paper+-Board Ex Newsprnt", "p": 78960.0, "s": 55918.0, "year": 2004, "partner": 5009}, {"g": "f", "item": "Plywood", "p": 91008.0, "s": 32308.0, "year": 2004, "partner": 5009}, {"g": "f", "item": "Ind Rwd Wir (NC) Tropica", "p": 243.0, "s": 40.0, "year": 2005, "partner": 5009}, {"g": "f", "item": "Wood Pulp", "p": 176.0, "s": 66.0, "year": 2005, "partner": 5009}, {"g": "f", "item": "Fibreboard", "p": 14671.0, "s": 2930.0, "year": 2005, "partner": 5009}, {"g": "f", "item": "Particle Board", "p": 10333.0, "s": 1694.0, "year": 2005, "partner": 5009}, {"g": "f", "item": "Sawnwood (C)", "p": 74374.0, "s": 12941.0, "year": 2005, "partner": 5009}, {"g": "f", "item": "Newsprint", "p": 3096.0, "s": 1580.0, "year": 2005, "partner": 5009}, {"g": "f", "item": "Ind Rwd Wir (C)", "p": 0.0, "s": 0.0, "year": 2005, "partner": 5009}, {"g": "f", "item": "Sawnwood (NC)", "p": 85460.0, "s": 26065.0, "year": 2005, "partner": 5009}, {"g": "f", "item": "Paper+-Board Ex Newsprnt", "p": 78960.0, "s": 55918.0, "year": 2005, "partner": 5009}, {"g": "f", "item": "Plywood", "p": 91008.0, "s": 32308.0, "year": 2005, "partner": 5009}, {"g": "f", "item": "Sawnwood (NC)", "p": 184849.0, "s": 92153.0, "year": 2014, "partner": 5009}, {"g": "f", "item": "Paper+-Board Ex Newsprnt", "p": 3.0, "s": 7.0, "year": 2005, "partner": 195}, {"g": "f", "item": "Paper+-Board Ex Newsprnt", "p": 4333.0, "s": 2840.0, "year": 1997, "partner": 21}, {"g": "f", "item": "Paper+-Board Ex Newsprnt", "p": 5240.0, "s": 3287.0, "year": 1998, "partner": 21}, {"g": "f", "item": "Paper+-Board Ex Newsprnt", "p": 1249.0, "s": 628.0, "year": 1999, "partner": 21}, {"g": "f", "item": "Paper+-Board Ex Newsprnt", "p": 734.0, "s": 424.0, "year": 2000, "partner": 21}, {"g": "f", "item": "Paper+-Board Ex Newsprnt", "p": 3564.0, "s": 1032.0, "year": 2001, "partner": 21}, {"g": "f", "item": "Paper+-Board Ex Newsprnt", "p": 2051.0, "s": 538.0, "year": 2002, "partner": 21}, {"g": "f", "item": "Paper+-Board Ex Newsprnt", "p": 715.0, "s": 356.0, "year": 2003, "partner": 21}, {"g": "f", "item": "Paper+-Board Ex Newsprnt", "p": 778.0, "s": 453.0, "year": 2004, "partner": 21}, {"g": "f", "item": "Paper+-Board Ex Newsprnt", "p": 736.0, "s": 617.0, "year": 2005, "partner": 21}, {"g": "f", "item": "Paper+-Board Ex Newsprnt", "p": 74.0, "s": 129.0, "year": 1997, "partner": 150}, {"g": "f", "item": "Paper+-Board Ex Newsprnt", "p": 54.0, "s": 95.0, "year": 1998, "partner": 150}, {"g": "f", "item": "Paper+-Board Ex Newsprnt", "p": 74.0, "s": 69.0, "year": 1999, "partner": 150}, {"g": "f", "item": "Paper+-Board Ex Newsprnt", "p": 55.0, "s": 41.0, "year": 2000, "partner": 150}, {"g": "f", "item": "Paper+-Board Ex Newsprnt", "p": 181.0, "s": 187.0, "year": 2001, "partner": 150}, {"g": "f", "item": "Paper+-Board Ex Newsprnt", "p": 171.0, "s": 105.0, "year": 2002, "partner": 150}, {"g": "f", "item": "Paper+-Board Ex Newsprnt", "p": 751.0, "s": 449.0, "year": 2003, "partner": 150}, {"g": "f", "item": "Newsprint", "p": 207.0, "s": 105.0, "year": 2003, "partner": 150}, {"g": "f", "item": "Paper+-Board Ex Newsprnt", "p": 3099.0, "s": 1901.0, "year": 2004, "partner": 150}, {"g": "f", "item": "Paper+-Board Ex Newsprnt", "p": 793.0, "s": 578.0, "year": 2005, "partner": 150}, {"g": "f", "item": "Wood Pulp", "p": 54.0, "s": 36.0, "year": 2005, "partner": 150}, {"g": "f", "item": "Paper+-Board Ex Newsprnt", "p": 392.0, "s": 155.0, "year": 2004, "partner": 27}, {"g": "f", "item": "Paper+-Board Ex Newsprnt", "p": 220.0, "s": 83.0, "year": 2005, "partner": 27}, {"g": "f", "item": "Paper+-Board Ex Newsprnt", "p": 1338.0, "s": 983.0, "year": 2001, "partner": 156}, {"g": "f", "item": "Paper+-Board Ex Newsprnt", "p": 99.0, "s": 65.0, "year": 2003, "partner": 156}, {"g": "f", "item": "Paper+-Board Ex Newsprnt", "p": 172.0, "s": 98.0, "year": 2005, "partner": 156}, {"g": "f", "item": "Sawnwood (C)", "p": 2273.0, "s": 260.0, "year": 1997, "partner": 33}, {"g": "f", "item": "Paper+-Board Ex Newsprnt", "p": 3800.0, "s": 1451.0, "year": 1997, "partner": 33}, {"g": "f", "item": "Newsprint", "p": 28.0, "s": 21.0, "year": 1997, "partner": 33}, {"g": "f", "item": "Paper+-Board Ex Newsprnt", "p": 1864.0, "s": 730.0, "year": 1998, "partner": 33}, {"g": "f", "item": "Paper+-Board Ex Newsprnt", "p": 1316.0, "s": 462.0, "year": 1999, "partner": 33}, {"g": "f", "item": "Paper+-Board Ex Newsprnt", "p": 1748.0, "s": 641.0, "year": 2000, "partner": 33}, {"g": "f", "item": "Newsprint", "p": 294.0, "s": 149.0, "year": 2000, "partner": 33}, {"g": "f", "item": "Paper+-Board Ex Newsprnt", "p": 6184.0, "s": 1595.0, "year": 2001, "partner": 33}, {"g": "f", "item": "Newsprint", "p": 230.0, "s": 36.0, "year": 2001, "partner": 33}, {"g": "f", "item": "Paper+-Board Ex Newsprnt", "p": 867.0, "s": 400.0, "year": 2002, "partner": 33}, {"g": "f", "item": "Paper+-Board Ex Newsprnt", "p": 1007.0, "s": 240.0, "year": 2003, "partner": 33}, {"g": "f", "item": "Newsprint", "p": 199.0, "s": 74.0, "year": 2003, "partner": 33}, {"g": "f", "item": "Paper+-Board Ex Newsprnt", "p": 4420.0, "s": 1767.0, "year": 2004, "partner": 33}, {"g": "f", "item": "Sawnwood (C)", "p": 338.0, "s": 72.0, "year": 2005, "partner": 33}, {"g": "f", "item": "Paper+-Board Ex Newsprnt", "p": 492.0, "s": 317.0, "year": 2005, "partner": 33}, {"g": "f", "item": "Newsprint", "p": 441.0, "s": 286.0, "year": 2005, "partner": 33}, {"g": "f", "item": "Ind Rwd Wir (C)", "p": 117.0, "s": 48.0, "year": 2000, "partner": 162}, {"g": "f", "item": "Paper+-Board Ex Newsprnt", "p": 779.0, "s": 212.0, "year": 2001, "partner": 162}, {"g": "f", "item": "Sawnwood (C)", "p": 153816.0, "s": 67.0, "year": 2004, "partner": 162}, {"g": "f", "item": "Paper+-Board Ex Newsprnt", "p": 50.0, "s": 37.0, "year": 2004, "partner": 162}, {"g": "f", "item": "Newsprint", "p": 50.0, "s": 24.0, "year": 2004, "partner": 162}, {"g": "f", "item": "Ind Rwd Wir (C)", "p": 518.0, "s": 187.0, "year": 2004, "partner": 162}, {"g": "f", "item": "Ind Rwd Wir (C)", "p": 601.0, "s": 229.0, "year": 1999, "partner": 162}, {"g": "f", "item": "Paper+-Board Ex Newsprnt", "p": 10.0, "s": 16.0, "year": 2003, "partner": 165}, {"g": "f", "item": "Paper+-Board Ex Newsprnt", "p": 10.0, "s": 16.0, "year": 2004, "partner": 165}, {"g": "f", "item": "Paper+-Board Ex Newsprnt", "p": 14.0, "s": 22.0, "year": 2005, "partner": 165}, {"g": "f", "item": "Sawnwood (NC)", "p": 35952.0, "s": 10.0, "year": 2004, "partner": 38}, {"g": "f", "item": "Plywood", "p": 198.0, "s": 24.0, "year": 2004, "partner": 38}, {"g": "f", "item": "Fibreboard", "p": 1484.0, "s": 122.0, "year": 2004, "partner": 38}, {"g": "f", "item": "Paper+-Board Ex Newsprnt", "p": 10.0, "s": 16.0, "year": 2001, "partner": 167}, {"g": "f", "item": "Sawnwood (C)", "p": 3.0, "s": 309.0, "year": 2004, "partner": 40}, {"g": "f", "item": "Sawnwood (NC)", "p": 3659717.0, "s": 1096.0, "year": 2004, "partner": 40}, {"g": "f", "item": "Sawnwood (C)", "p": 1711.0, "s": 165.0, "year": 1997, "partner": 40}, {"g": "f", "item": "Fibreboard", "p": 49.0, "s": 10.0, "year": 2002, "partner": 44}, {"g": "f", "item": "Paper+-Board Ex Newsprnt", "p": 100.0, "s": 62.0, "year": 2001, "partner": 173}, {"g": "f", "item": "Paper+-Board Ex Newsprnt", "p": 497.0, "s": 194.0, "year": 2002, "partner": 173}, {"g": "f", "item": "Paper+-Board Ex Newsprnt", "p": 1696.0, "s": 390.0, "year": 2003, "partner": 173}, {"g": "f", "item": "Paper+-Board Ex Newsprnt", "p": 906.0, "s": 285.0, "year": 2004, "partner": 173}, {"g": "f", "item": "Newsprint", "p": 397.0, "s": 190.0, "year": 2005, "partner": 173}, {"g": "f", "item": "Paper+-Board Ex Newsprnt", "p": 423.0, "s": 320.0, "year": 2004, "partner": 174}, {"g": "f", "item": "Paper+-Board Ex Newsprnt", "p": 34.0, "s": 29.0, "year": 1997, "partner": 174}, {"g": "f", "item": "Particle Board", "p": 15.0, "s": 20.0, "year": 1998, "partner": 174}, {"g": "f", "item": "Paper+-Board Ex Newsprnt", "p": 96.0, "s": 39.0, "year": 1999, "partner": 174}, {"g": "f", "item": "Paper+-Board Ex Newsprnt", "p": 24.0, "s": 28.0, "year": 2004, "partner": 48}, {"g": "f", "item": "Newsprint", "p": 497.0, "s": 278.0, "year": 2004, "partner": 50}, {"g": "f", "item": "Paper+-Board Ex Newsprnt", "p": 2.0, "s": 3.0, "year": 1997, "partner": 50}, {"g": "f", "item": "Paper+-Board Ex Newsprnt", "p": 11.0, "s": 33.0, "year": 2005, "partner": 50}, {"g": "f", "item": "Paper+-Board Ex Newsprnt", "p": 1.0, "s": 1.0, "year": 2004, "partner": 54}, {"g": "f", "item": "Ind Rwd Wir (C)", "p": 773.0, "s": 307.0, "year": 2004, "partner": 54}, {"g": "f", "item": "Sawnwood (C)", "p": 479.0, "s": 72.0, "year": 1997, "partner": 183}, {"g": "f", "item": "Newsprint", "p": 422.0, "s": 141.0, "year": 1997, "partner": 183}, {"g": "f", "item": "Sawnwood (C)", "p": 277.0, "s": 28.0, "year": 1999, "partner": 183}, {"g": "f", "item": "Sawnwood (C)", "p": 2699.0, "s": 255.0, "year": 2002, "partner": 183}, {"g": "f", "item": "Paper+-Board Ex Newsprnt", "p": 1750.0, "s": 703.0, "year": 2002, "partner": 183}, {"g": "f", "item": "Sawnwood (C)", "p": 3548.0, "s": 603.0, "year": 2003, "partner": 183}, {"g": "f", "item": "Sawnwood (C)", "p": 2739.0, "s": 491.0, "year": 2004, "partner": 183}, {"g": "f", "item": "Paper+-Board Ex Newsprnt", "p": 1563.0, "s": 522.0, "year": 2004, "partner": 183}, {"g": "f", "item": "Sawnwood (NC)", "p": 544.0, "s": 190.0, "year": 2004, "partner": 183}, {"g": "f", "item": "Sawnwood (C)", "p": 796.0, "s": 101.0, "year": 2005, "partner": 183}, {"g": "f", "item": "Paper+-Board Ex Newsprnt", "p": 2170.0, "s": 737.0, "year": 2005, "partner": 183}, {"g": "f", "item": "Paper+-Board Ex Newsprnt", "p": 3258.0, "s": 1841.0, "year": 1997, "partner": 185}, {"g": "f", "item": "Newsprint", "p": 485.0, "s": 164.0, "year": 1997, "partner": 185}, {"g": "f", "item": "Paper+-Board Ex Newsprnt", "p": 674.0, "s": 373.0, "year": 1998, "partner": 185}, {"g": "f", "item": "Newsprint", "p": 1390.0, "s": 519.0, "year": 1998, "partner": 185}, {"g": "f", "item": "Paper+-Board Ex Newsprnt", "p": 3513.0, "s": 1408.0, "year": 1999, "partner": 185}, {"g": "f", "item": "Newsprint", "p": 1920.0, "s": 541.0, "year": 1999, "partner": 185}, {"g": "f", "item": "Paper+-Board Ex Newsprnt", "p": 2542.0, "s": 1136.0, "year": 2000, "partner": 185}, {"g": "f", "item": "Newsprint", "p": 1128.0, "s": 304.0, "year": 2000, "partner": 185}, {"g": "f", "item": "Paper+-Board Ex Newsprnt", "p": 2842.0, "s": 1234.0, "year": 2001, "partner": 185}, {"g": "f", "item": "Newsprint", "p": 1863.0, "s": 598.0, "year": 2001, "partner": 185}, {"g": "f", "item": "Paper+-Board Ex Newsprnt", "p": 809.0, "s": 299.0, "year": 2002, "partner": 185}, {"g": "f", "item": "Newsprint", "p": 827.0, "s": 227.0, "year": 2002, "partner": 185}, {"g": "f", "item": "Paper+-Board Ex Newsprnt", "p": 2008.0, "s": 982.0, "year": 2003, "partner": 185}, {"g": "f", "item": "Newsprint", "p": 1360.0, "s": 380.0, "year": 2003, "partner": 185}, {"g": "f", "item": "Paper+-Board Ex Newsprnt", "p": 1698.0, "s": 711.0, "year": 2004, "partner": 185}, {"g": "f", "item": "Newsprint", "p": 1644.0, "s": 598.0, "year": 2004, "partner": 185}, {"g": "f", "item": "Paper+-Board Ex Newsprnt", "p": 149.0, "s": 54.0, "year": 2005, "partner": 185}, {"g": "f", "item": "Newsprint", "p": 2034.0, "s": 819.0, "year": 2005, "partner": 185}, {"g": "f", "item": "Paper+-Board Ex Newsprnt", "p": 3632.0, "s": 2747.0, "year": 2004, "partner": 59}, {"g": "f", "item": "Particle Board", "p": 26.0, "s": 9.0, "year": 2004, "partner": 59}, {"g": "f", "item": "Paper+-Board Ex Newsprnt", "p": 14.0, "s": 11.0, "year": 1997, "partner": 59}, {"g": "f", "item": "Paper+-Board Ex Newsprnt", "p": 12.0, "s": 14.0, "year": 1998, "partner": 59}, {"g": "f", "item": "Fibreboard", "p": 96.0, "s": 0.0, "year": 2000, "partner": 138}, {"g": "f", "item": "Sawnwood (C)", "p": 1253.0, "s": 201.0, "year": 2005, "partner": 63}, {"g": "f", "item": "Paper+-Board Ex Newsprnt", "p": 25.0, "s": 15.0, "year": 2005, "partner": 63}, {"g": "f", "item": "Fibreboard", "p": 386.0, "s": 52.0, "year": 2001, "partner": 194}, {"g": "f", "item": "Ind Rwd Wir (NC) Other", "p": 16.0, "s": 8.0, "year": 2001, "partner": 194}, {"g": "f", "item": "Veneer Sheets", "p": 2.0, "s": 0.0, "year": 2001, "partner": 194}, {"g": "f", "item": "Particle Board", "p": 1.0, "s": 0.0, "year": 2001, "partner": 194}, {"g": "f", "item": "Newsprint", "p": 49.0, "s": 46.0, "year": 2001, "partner": 194}, {"g": "f", "item": "Plywood", "p": 108.0, "s": 7.0, "year": 2001, "partner": 194}, {"g": "f", "item": "Paper+-Board Ex Newsprnt", "p": 379.0, "s": 631.0, "year": 2001, "partner": 194}, {"g": "f", "item": "Ind Rwd Wir (NC) Tropica", "p": 33255.0, "s": 16.0, "year": 2004, "partner": 194}, {"g": "f", "item": "Fibreboard", "p": 44.0, "s": 21.0, "year": 2004, "partner": 194}, {"g": "f", "item": "Ind Rwd Wir (NC) Other", "p": 225.0, "s": 1.0, "year": 2004, "partner": 194}, {"g": "f", "item": "Veneer Sheets", "p": 7.0, "s": 1.0, "year": 2004, "partner": 194}, {"g": "f", "item": "Particle Board", "p": 31.0, "s": 9.0, "year": 2004, "partner": 194}, {"g": "f", "item": "Sawnwood (C)", "p": 2061007.0, "s": 602.0, "year": 2004, "partner": 194}, {"g": "f", "item": "Newsprint", "p": 148.0, "s": 147.0, "year": 2004, "partner": 194}, {"g": "f", "item": "Plywood", "p": 1.0, "s": 1.0, "year": 2004, "partner": 194}, {"g": "f", "item": "Sawnwood (NC)", "p": 2109321.0, "s": 548.0, "year": 2004, "partner": 194}, {"g": "f", "item": "Paper+-Board Ex Newsprnt", "p": 856.0, "s": 858.0, "year": 2004, "partner": 194}, {"g": "f", "item": "Paper+-Board Ex Newsprnt", "p": 957.0, "s": 906.0, "year": 1997, "partner": 67}, {"g": "f", "item": "Newsprint", "p": 62.0, "s": 23.0, "year": 1997, "partner": 67}, {"g": "f", "item": "Wood Pulp", "p": 45.0, "s": 20.0, "year": 1997, "partner": 67}, {"g": "f", "item": "Paper+-Board Ex Newsprnt", "p": 933.0, "s": 1065.0, "year": 1998, "partner": 67}, {"g": "f", "item": "Newsprint", "p": 106.0, "s": 60.0, "year": 1998, "partner": 67}, {"g": "f", "item": "Wood Pulp", "p": 42.0, "s": 19.0, "year": 1998, "partner": 67}, {"g": "f", "item": "Sawnwood (C)", "p": 309.0, "s": 76.0, "year": 1999, "partner": 67}, {"g": "f", "item": "Paper+-Board Ex Newsprnt", "p": 1081.0, "s": 987.0, "year": 1999, "partner": 67}, {"g": "f", "item": "Paper+-Board Ex Newsprnt", "p": 363.0, "s": 364.0, "year": 2000, "partner": 67}, {"g": "f", "item": "Sawnwood (C)", "p": 996.0, "s": 90.0, "year": 2001, "partner": 67}, {"g": "f", "item": "Paper+-Board Ex Newsprnt", "p": 662.0, "s": 614.0, "year": 2001, "partner": 67}, {"g": "f", "item": "Paper+-Board Ex Newsprnt", "p": 28.0, "s": 43.0, "year": 2002, "partner": 67}, {"g": "f", "item": "Paper+-Board Ex Newsprnt", "p": 599.0, "s": 473.0, "year": 2003, "partner": 67}, {"g": "f", "item": "Ind Rwd Wir (C)", "p": 131.0, "s": 8.0, "year": 2003, "partner": 67}, {"g": "f", "item": "Paper+-Board Ex Newsprnt", "p": 2922.0, "s": 1655.0, "year": 2004, "partner": 67}, {"g": "f", "item": "Sawnwood (C)", "p": 1539.0, "s": 269.0, "year": 2005, "partner": 67}, {"g": "f", "item": "Paper+-Board Ex Newsprnt", "p": 453.0, "s": 395.0, "year": 2005, "partner": 67}, {"g": "f", "item": "Newsprint", "p": 197.0, "s": 106.0, "year": 2005, "partner": 67}, {"g": "f", "item": "Paper+-Board Ex Newsprnt", "p": 636.0, "s": 560.0, "year": 1997, "partner": 68}, {"g": "f", "item": "Wood Pulp", "p": 399.0, "s": 267.0, "year": 1997, "partner": 68}, {"g": "f", "item": "Paper+-Board Ex Newsprnt", "p": 60.0, "s": 85.0, "year": 1998, "partner": 68}, {"g": "f", "item": "Paper+-Board Ex Newsprnt", "p": 503.0, "s": 373.0, "year": 1999, "partner": 68}, {"g": "f", "item": "Wood Pulp", "p": 37.0, "s": 24.0, "year": 1999, "partner": 68}, {"g": "f", "item": "Paper+-Board Ex Newsprnt", "p": 330.0, "s": 283.0, "year": 2000, "partner": 68}, {"g": "f", "item": "Wood Pulp", "p": 12.0, "s": 10.0, "year": 2000, "partner": 68}, {"g": "f", "item": "Paper+-Board Ex Newsprnt", "p": 145.0, "s": 176.0, "year": 2001, "partner": 68}, {"g": "f", "item": "Newsprint", "p": 346.0, "s": 188.0, "year": 2001, "partner": 68}, {"g": "f", "item": "Wood Pulp", "p": 62.0, "s": 45.0, "year": 2001, "partner": 68}, {"g": "f", "item": "Paper+-Board Ex Newsprnt", "p": 157.0, "s": 129.0, "year": 2002, "partner": 68}, {"g": "f", "item": "Newsprint", "p": 540.0, "s": 228.0, "year": 2002, "partner": 68}, {"g": "f", "item": "Paper+-Board Ex Newsprnt", "p": 126.0, "s": 203.0, "year": 2003, "partner": 68}, {"g": "f", "item": "Newsprint", "p": 496.0, "s": 226.0, "year": 2003, "partner": 68}, {"g": "f", "item": "Paper+-Board Ex Newsprnt", "p": 2267.0, "s": 1933.0, "year": 2004, "partner": 68}, {"g": "f", "item": "Paper+-Board Ex Newsprnt", "p": 796.0, "s": 2240.0, "year": 2005, "partner": 68}, {"g": "f", "item": "Sawnwood (C)", "p": 40.0, "s": 4.0, "year": 1997, "partner": 198}, {"g": "f", "item": "Paper+-Board Ex Newsprnt", "p": 227.0, "s": 182.0, "year": 1997, "partner": 198}, {"g": "f", "item": "Paper+-Board Ex Newsprnt", "p": 112.0, "s": 79.0, "year": 1998, "partner": 198}, {"g": "f", "item": "Paper+-Board Ex Newsprnt", "p": 239.0, "s": 108.0, "year": 1999, "partner": 198}, {"g": "f", "item": "Paper+-Board Ex Newsprnt", "p": 671.0, "s": 502.0, "year": 2000, "partner": 198}, {"g": "f", "item": "Paper+-Board Ex Newsprnt", "p": 804.0, "s": 537.0, "year": 2001, "partner": 198}, {"g": "f", "item": "Sawnwood (C)", "p": 411.0, "s": 48.0, "year": 2002, "partner": 198}, {"g": "f", "item": "Paper+-Board Ex Newsprnt", "p": 255.0, "s": 233.0, "year": 2003, "partner": 198}, {"g": "f", "item": "Paper+-Board Ex Newsprnt", "p": 1269.0, "s": 436.0, "year": 2004, "partner": 198}, {"g": "f", "item": "Sawnwood (C)", "p": 60525.0, "s": 13290.0, "year": 2005, "partner": 198}, {"g": "f", "item": "Paper+-Board Ex Newsprnt", "p": 888.0, "s": 423.0, "year": 2005, "partner": 198}, {"g": "f", "item": "Paper+-Board Ex Newsprnt", "p": 354.0, "s": 133.0, "year": 2001, "partner": 199}, {"g": "f", "item": "Plywood", "p": 322.0, "s": 71.0, "year": 1997, "partner": 200}, {"g": "f", "item": "Paper+-Board Ex Newsprnt", "p": 726.0, "s": 543.0, "year": 1998, "partner": 200}, {"g": "f", "item": "Paper+-Board Ex Newsprnt", "p": 11.0, "s": 20.0, "year": 1999, "partner": 200}, {"g": "f", "item": "Paper+-Board Ex Newsprnt", "p": 291.0, "s": 263.0, "year": 2000, "partner": 200}, {"g": "f", "item": "Paper+-Board Ex Newsprnt", "p": 29.0, "s": 51.0, "year": 2001, "partner": 200}, {"g": "f", "item": "Paper+-Board Ex Newsprnt", "p": 16.0, "s": 93.0, "year": 2003, "partner": 200}, {"g": "f", "item": "Fibreboard", "p": 2192.0, "s": 97.0, "year": 2004, "partner": 200}, {"g": "f", "item": "Particle Board", "p": 1304.0, "s": 217.0, "year": 2004, "partner": 200}, {"g": "f", "item": "Sawnwood (C)", "p": 1699327.0, "s": 91.0, "year": 2004, "partner": 200}, {"g": "f", "item": "Sawnwood (NC)", "p": 5921947.0, "s": 2351.0, "year": 2004, "partner": 200}, {"g": "f", "item": "Plywood", "p": 24893.0, "s": 5413.0, "year": 2004, "partner": 200}, {"g": "f", "item": "Paper+-Board Ex Newsprnt", "p": 229.0, "s": 123.0, "year": 2004, "partner": 200}, {"g": "f", "item": "Sawnwood (NC)", "p": 40.0, "s": 25.0, "year": 2005, "partner": 200}, {"g": "f", "item": "Paper+-Board Ex Newsprnt", "p": 3152.0, "s": 1137.0, "year": 2003, "partner": 202}, {"g": "f", "item": "Paper+-Board Ex Newsprnt", "p": 369.0, "s": 211.0, "year": 2004, "partner": 202}, {"g": "f", "item": "Ind Rwd Wir (NC) Other", "p": 74.0, "s": 18.0, "year": 2004, "partner": 202}, {"g": "f", "item": "Ind Rwd Wir (C)", "p": 32968.0, "s": 14.0, "year": 2004, "partner": 202}, {"g": "f", "item": "Plywood", "p": 17.0, "s": 15.0, "year": 2004, "partner": 202}, {"g": "f", "item": "Paper+-Board Ex Newsprnt", "p": 318.0, "s": 167.0, "year": 2005, "partner": 202}, {"g": "f", "item": "Ind Rwd Wir (C)", "p": 7603.0, "s": 464.0, "year": 2005, "partner": 202}, {"g": "f", "item": "Veneer Sheets", "p": 9.0, "s": 16.0, "year": 1998, "partner": 203}, {"g": "f", "item": "Paper+-Board Ex Newsprnt", "p": 333.0, "s": 140.0, "year": 1998, "partner": 203}, {"g": "f", "item": "Paper+-Board Ex Newsprnt", "p": 78.0, "s": 120.0, "year": 1999, "partner": 203}, {"g": "f", "item": "Veneer Sheets", "p": 9.0, "s": 13.0, "year": 2000, "partner": 203}, {"g": "f", "item": "Paper+-Board Ex Newsprnt", "p": 484.0, "s": 250.0, "year": 2000, "partner": 203}, {"g": "f", "item": "Paper+-Board Ex Newsprnt", "p": 405.0, "s": 420.0, "year": 2001, "partner": 203}, {"g": "f", "item": "Veneer Sheets", "p": 9.0, "s": 15.0, "year": 2002, "partner": 203}, {"g": "f", "item": "Paper+-Board Ex Newsprnt", "p": 269.0, "s": 543.0, "year": 2002, "partner": 203}, {"g": "f", "item": "Veneer Sheets", "p": 19.0, "s": 29.0, "year": 2003, "partner": 203}, {"g": "f", "item": "Paper+-Board Ex Newsprnt", "p": 199.0, "s": 429.0, "year": 2003, "partner": 203}, {"g": "f", "item": "Veneer Sheets", "p": 9.0, "s": 18.0, "year": 2004, "partner": 203}, {"g": "f", "item": "Paper+-Board Ex Newsprnt", "p": 361.0, "s": 754.0, "year": 2004, "partner": 203}, {"g": "f", "item": "Paper+-Board Ex Newsprnt", "p": 160.0, "s": 323.0, "year": 2005, "partner": 203}, {"g": "f", "item": "Sawnwood (NC)", "p": 410094.0, "s": 176.0, "year": 2004, "partner": 206}, {"g": "f", "item": "Ind Rwd Wir (NC) Other", "p": 134.0, "s": 83.0, "year": 1997, "partner": 79}, {"g": "f", "item": "Sawnwood (C)", "p": 4.0, "s": 1.0, "year": 1997, "partner": 79}, {"g": "f", "item": "Sawnwood (NC)", "p": 2.0, "s": 1.0, "year": 1997, "partner": 79}, {"g": "f", "item": "Plywood", "p": 2.0, "s": 1.0, "year": 1997, "partner": 79}, {"g": "f", "item": "Paper+-Board Ex Newsprnt", "p": 1780.0, "s": 1195.0, "year": 1997, "partner": 79}, {"g": "f", "item": "Sawnwood (C)", "p": 490.0, "s": 105.0, "year": 1998, "partner": 79}, {"g": "f", "item": "Paper+-Board Ex Newsprnt", "p": 1914.0, "s": 1458.0, "year": 1998, "partner": 79}, {"g": "f", "item": "Paper+-Board Ex Newsprnt", "p": 969.0, "s": 715.0, "year": 1999, "partner": 79}, {"g": "f", "item": "Wood Pulp", "p": 4.0, "s": 13.0, "year": 1999, "partner": 79}, {"g": "f", "item": "Paper+-Board Ex Newsprnt", "p": 1814.0, "s": 1198.0, "year": 2000, "partner": 79}, {"g": "f", "item": "Wood Pulp", "p": 1.0, "s": 2.0, "year": 2000, "partner": 79}, {"g": "f", "item": "Paper+-Board Ex Newsprnt", "p": 462.0, "s": 319.0, "year": 2002, "partner": 79}, {"g": "f", "item": "Wood Pulp", "p": 3.0, "s": 6.0, "year": 2002, "partner": 79}, {"g": "f", "item": "Paper+-Board Ex Newsprnt", "p": 6703.0, "s": 4013.0, "year": 2003, "partner": 79}, {"g": "f", "item": "Fibreboard", "p": 23.0, "s": 26.0, "year": 2003, "partner": 79}, {"g": "f", "item": "Ind Rwd Wir (NC) Tropica", "p": 188192.0, "s": 23.0, "year": 2004, "partner": 79}, {"g": "f", "item": "Fibreboard", "p": 9.0, "s": 14.0, "year": 2004, "partner": 79}, {"g": "f", "item": "Ind Rwd Wir (NC) Other", "p": 402.0, "s": 106.0, "year": 2004, "partner": 79}, {"g": "f", "item": "Ind Rwd Wir (C)", "p": 240.0, "s": 29.0, "year": 2004, "partner": 79}, {"g": "f", "item": "Paper+-Board Ex Newsprnt", "p": 8211.0, "s": 5122.0, "year": 2004, "partner": 79}, {"g": "f", "item": "Ind Rwd Wir (NC) Tropica", "p": 102.0, "s": 40.0, "year": 2005, "partner": 79}, {"g": "f", "item": "Wood Pulp", "p": 1.0, "s": 5.0, "year": 2005, "partner": 79}, {"g": "f", "item": "Fibreboard", "p": 202.0, "s": 85.0, "year": 2005, "partner": 79}, {"g": "f", "item": "Ind Rwd Wir (C)", "p": 170.0, "s": 9.0, "year": 2005, "partner": 79}, {"g": "f", "item": "Paper+-Board Ex Newsprnt", "p": 7793.0, "s": 5474.0, "year": 2005, "partner": 79}, {"g": "f", "item": "Sawnwood (NC)", "p": 23.0, "s": 7.0, "year": 2003, "partner": 80}, {"g": "f", "item": "Sawnwood (C)", "p": 10598.0, "s": 2246.0, "year": 1997, "partner": 210}, {"g": "f", "item": "Paper+-Board Ex Newsprnt", "p": 2361.0, "s": 1146.0, "year": 1997, "partner": 210}, {"g": "f", "item": "Sawnwood (C)", "p": 15457.0, "s": 2984.0, "year": 1998, "partner": 210}, {"g": "f", "item": "Paper+-Board Ex Newsprnt", "p": 1015.0, "s": 942.0, "year": 1998, "partner": 210}, {"g": "f", "item": "Sawnwood (C)", "p": 23849.0, "s": 3852.0, "year": 1999, "partner": 210}, {"g": "f", "item": "Paper+-Board Ex Newsprnt", "p": 1304.0, "s": 912.0, "year": 1999, "partner": 210}, {"g": "f", "item": "Sawnwood (C)", "p": 16806.0, "s": 4980.0, "year": 2000, "partner": 210}, {"g": "f", "item": "Paper+-Board Ex Newsprnt", "p": 1081.0, "s": 1236.0, "year": 2000, "partner": 210}, {"g": "f", "item": "Ind Rwd Wir (C)", "p": 207.0, "s": 95.0, "year": 2000, "partner": 210}, {"g": "f", "item": "Sawnwood (C)", "p": 36622.0, "s": 4825.0, "year": 2001, "partner": 210}, {"g": "f", "item": "Paper+-Board Ex Newsprnt", "p": 4701.0, "s": 2742.0, "year": 2001, "partner": 210}, {"g": "f", "item": "Sawnwood (C)", "p": 37032.0, "s": 6716.0, "year": 2002, "partner": 210}, {"g": "f", "item": "Paper+-Board Ex Newsprnt", "p": 396.0, "s": 193.0, "year": 2002, "partner": 210}, {"g": "f", "item": "Wood Pulp", "p": 25.0, "s": 15.0, "year": 2002, "partner": 210}, {"g": "f", "item": "Sawnwood (C)", "p": 24429.0, "s": 8424.0, "year": 2003, "partner": 210}, {"g": "f", "item": "Paper+-Board Ex Newsprnt", "p": 7054.0, "s": 4480.0, "year": 2003, "partner": 210}, {"g": "f", "item": "Newsprint", "p": 207.0, "s": 89.0, "year": 2003, "partner": 210}, {"g": "f", "item": "Newsprint", "p": 14.0, "s": 12.0, "year": 2004, "partner": 210}, {"g": "f", "item": "Sawnwood (C)", "p": 27596.0, "s": 9472.0, "year": 2004, "partner": 210}, {"g": "f", "item": "Sawnwood (NC)", "p": 14927115.0, "s": 6620.0, "year": 2004, "partner": 210}, {"g": "f", "item": "Plywood", "p": 1889.0, "s": 397.0, "year": 2004, "partner": 210}, {"g": "f", "item": "Paper+-Board Ex Newsprnt", "p": 10340.0, "s": 5123.0, "year": 2004, "partner": 210}, {"g": "f", "item": "Sawnwood (C)", "p": 51388.0, "s": 8782.0, "year": 2005, "partner": 210}, {"g": "f", "item": "Paper+-Board Ex Newsprnt", "p": 7535.0, "s": 5707.0, "year": 2005, "partner": 210}, {"g": "f", "item": "Newsprint", "p": 50.0, "s": 21.0, "year": 2005, "partner": 210}, {"g": "f", "item": "Paper+-Board Ex Newsprnt", "p": 250.0, "s": 95.0, "year": 1997, "partner": 211}, {"g": "f", "item": "Particle Board", "p": 49.0, "s": 14.0, "year": 1997, "partner": 211}, {"g": "f", "item": "Paper+-Board Ex Newsprnt", "p": 10.0, "s": 4.0, "year": 1998, "partner": 211}, {"g": "f", "item": "Paper+-Board Ex Newsprnt", "p": 3.0, "s": 1.0, "year": 2001, "partner": 211}, {"g": "f", "item": "Paper+-Board Ex Newsprnt", "p": 3.0, "s": 20.0, "year": 2002, "partner": 211}, {"g": "f", "item": "Paper+-Board Ex Newsprnt", "p": 62.0, "s": 53.0, "year": 2003, "partner": 211}, {"g": "f", "item": "Paper+-Board Ex Newsprnt", "p": 26.0, "s": 10.0, "year": 2004, "partner": 211}, {"g": "f", "item": "Paper+-Board Ex Newsprnt", "p": 25.0, "s": 10.0, "year": 2005, "partner": 211}, {"g": "f", "item": "Ind Rwd Wir (C)", "p": 40.0, "s": 2.0, "year": 2005, "partner": 211}, {"g": "f", "item": "Particle Board", "p": 5.0, "s": 0.0, "year": 1997, "partner": 84}, {"g": "f", "item": "Plywood", "p": 6.0, "s": 5.0, "year": 1997, "partner": 84}, {"g": "f", "item": "Plywood", "p": 15.0, "s": 6.0, "year": 1999, "partner": 84}, {"g": "f", "item": "Sawnwood (NC)", "p": 110.0, "s": 3.0, "year": 2004, "partner": 215}, {"g": "f", "item": "Ind Rwd Wir (NC) Other", "p": 86.0, "s": 1.0, "year": 2004, "partner": 215}, {"g": "f", "item": "Ind Rwd Wir (C)", "p": 503.0, "s": 31.0, "year": 2005, "partner": 215}, {"g": "f", "item": "Fibreboard", "p": 430.0, "s": 144.0, "year": 1997, "partner": 216}, {"g": "f", "item": "Paper+-Board Ex Newsprnt", "p": 117.0, "s": 73.0, "year": 1999, "partner": 216}, {"g": "f", "item": "Paper+-Board Ex Newsprnt", "p": 1078.0, "s": 316.0, "year": 2001, "partner": 216}, {"g": "f", "item": "Ind Rwd Wir (NC) Other", "p": 166.0, "s": 14.0, "year": 2001, "partner": 216}, {"g": "f", "item": "Paper+-Board Ex Newsprnt", "p": 3176.0, "s": 1851.0, "year": 2003, "partner": 216}, {"g": "f", "item": "Paper+-Board Ex Newsprnt", "p": 266.0, "s": 141.0, "year": 2004, "partner": 216}, {"g": "f", "item": "Paper+-Board Ex Newsprnt", "p": 2825.0, "s": 883.0, "year": 2005, "partner": 216}, {"g": "f", "item": "Paper+-Board Ex Newsprnt", "p": 46.0, "s": 56.0, "year": 2004, "partner": 90}, {"g": "f", "item": "Paper+-Board Ex Newsprnt", "p": 143.0, "s": 93.0, "year": 2001, "partner": 221}, {"g": "f", "item": "Particle Board", "p": 1.0, "s": 1.0, "year": 2001, "partner": 221}, {"g": "f", "item": "Plywood", "p": 5.0, "s": 1.0, "year": 2001, "partner": 221}, {"g": "f", "item": "Newsprint", "p": 49.0, "s": 80.0, "year": 2002, "partner": 221}, {"g": "f", "item": "Plywood", "p": 19.0, "s": 5.0, "year": 2002, "partner": 221}, {"g": "f", "item": "Paper+-Board Ex Newsprnt", "p": 17.0, "s": 14.0, "year": 2003, "partner": 221}, {"g": "f", "item": "Plywood", "p": 3.0, "s": 4.0, "year": 2003, "partner": 221}, {"g": "f", "item": "Fibreboard", "p": 12.0, "s": 31.0, "year": 2004, "partner": 221}, {"g": "f", "item": "Newsprint", "p": 11592.0, "s": 242.0, "year": 2004, "partner": 221}, {"g": "f", "item": "Sawnwood (NC)", "p": 1.0, "s": 1.0, "year": 2004, "partner": 221}, {"g": "f", "item": "Plywood", "p": 21.0, "s": 7.0, "year": 2004, "partner": 221}, {"g": "f", "item": "Paper+-Board Ex Newsprnt", "p": 307.0, "s": 452.0, "year": 2004, "partner": 221}, {"g": "f", "item": "Newsprint", "p": 95.0, "s": 320.0, "year": 2005, "partner": 221}, {"g": "f", "item": "Plywood", "p": 3.0, "s": 1.0, "year": 2005, "partner": 221}, {"g": "f", "item": "Fibreboard", "p": 55.0, "s": 39.0, "year": 2005, "partner": 221}, {"g": "f", "item": "Paper+-Board Ex Newsprnt", "p": 1.0, "s": 3.0, "year": 2004, "partner": 222}, {"g": "f", "item": "Paper+-Board Ex Newsprnt", "p": 440.0, "s": 90.0, "year": 1997, "partner": 351}, {"g": "f", "item": "Paper+-Board Ex Newsprnt", "p": 548.0, "s": 175.0, "year": 1998, "partner": 351}, {"g": "f", "item": "Paper+-Board Ex Newsprnt", "p": 2144.0, "s": 993.0, "year": 1999, "partner": 351}, {"g": "f", "item": "Plywood", "p": 2310.0, "s": 646.0, "year": 1999, "partner": 351}, {"g": "f", "item": "Paper+-Board Ex Newsprnt", "p": 330.0, "s": 233.0, "year": 2000, "partner": 351}, {"g": "f", "item": "Plywood", "p": 4432.0, "s": 1023.0, "year": 2000, "partner": 351}, {"g": "f", "item": "Paper+-Board Ex Newsprnt", "p": 1002.0, "s": 575.0, "year": 2001, "partner": 351}, {"g": "f", "item": "Plywood", "p": 16235.0, "s": 3570.0, "year": 2001, "partner": 351}, {"g": "f", "item": "Paper+-Board Ex Newsprnt", "p": 24.0, "s": 16.0, "year": 2002, "partner": 351}, {"g": "f", "item": "Plywood", "p": 23582.0, "s": 8253.0, "year": 2002, "partner": 351}, {"g": "f", "item": "Fibreboard", "p": 155.0, "s": 29.0, "year": 2002, "partner": 351}, {"g": "f", "item": "Paper+-Board Ex Newsprnt", "p": 585.0, "s": 388.0, "year": 2003, "partner": 351}, {"g": "f", "item": "Fibreboard", "p": 582.0, "s": 96.0, "year": 2003, "partner": 351}, {"g": "f", "item": "Wood Pulp", "p": 11.0, "s": 10.0, "year": 2004, "partner": 351}, {"g": "f", "item": "Fibreboard", "p": 6256.0, "s": 777.0, "year": 2004, "partner": 351}, {"g": "f", "item": "Veneer Sheets", "p": 22.0, "s": 7.0, "year": 2004, "partner": 351}, {"g": "f", "item": "Ind Rwd Wir (NC) Other", "p": 62.0, "s": 28.0, "year": 2004, "partner": 351}, {"g": "f", "item": "Plywood", "p": 28116.0, "s": 5749.0, "year": 2004, "partner": 351}, {"g": "f", "item": "Paper+-Board Ex Newsprnt", "p": 811.0, "s": 513.0, "year": 2004, "partner": 351}, {"g": "f", "item": "Paper+-Board Ex Newsprnt", "p": 689.0, "s": 458.0, "year": 2005, "partner": 351}, {"g": "f", "item": "Plywood", "p": 3979.0, "s": 1305.0, "year": 2005, "partner": 351}, {"g": "f", "item": "Fibreboard", "p": 6297.0, "s": 739.0, "year": 2005, "partner": 351}, {"g": "f", "item": "Ind Rwd Wir (NC) Tropica", "p": 75.0, "s": 2.0, "year": 2004, "partner": 225}, {"g": "f", "item": "Ind Rwd Wir (NC) Other", "p": 57.0, "s": 46.0, "year": 2004, "partner": 225}, {"g": "f", "item": "Particle Board", "p": 5.0, "s": 3.0, "year": 2004, "partner": 225}, {"g": "f", "item": "Sawnwood (C)", "p": 1635.0, "s": 16.0, "year": 2004, "partner": 225}, {"g": "f", "item": "Newsprint", "p": 58.0, "s": 41.0, "year": 2004, "partner": 225}, {"g": "f", "item": "Plywood", "p": 105.0, "s": 92.0, "year": 2004, "partner": 225}, {"g": "f", "item": "Sawnwood (NC)", "p": 45208.0, "s": 25.0, "year": 2004, "partner": 225}, {"g": "f", "item": "Paper+-Board Ex Newsprnt", "p": 1635.0, "s": 1342.0, "year": 2004, "partner": 225}, {"g": "f", "item": "Sawnwood (C)", "p": 56.0, "s": 8.0, "year": 2000, "partner": 98}, {"g": "f", "item": "Paper+-Board Ex Newsprnt", "p": 610.0, "s": 208.0, "year": 2000, "partner": 98}, {"g": "f", "item": "Paper+-Board Ex Newsprnt", "p": 1922.0, "s": 419.0, "year": 2001, "partner": 98}, {"g": "f", "item": "Sawnwood (C)", "p": 55.0, "s": 11.0, "year": 2005, "partner": 98}, {"g": "f", "item": "Paper+-Board Ex Newsprnt", "p": 313.0, "s": 645.0, "year": 1997, "partner": 229}, {"g": "f", "item": "Paper+-Board Ex Newsprnt", "p": 261.0, "s": 401.0, "year": 1998, "partner": 229}, {"g": "f", "item": "Paper+-Board Ex Newsprnt", "p": 645.0, "s": 1736.0, "year": 1999, "partner": 229}, {"g": "f", "item": "Paper+-Board Ex Newsprnt", "p": 566.0, "s": 1362.0, "year": 2000, "partner": 229}, {"g": "f", "item": "Paper+-Board Ex Newsprnt", "p": 545.0, "s": 1309.0, "year": 2001, "partner": 229}, {"g": "f", "item": "Sawnwood (NC)", "p": 21.0, "s": 17.0, "year": 2001, "partner": 229}, {"g": "f", "item": "Paper+-Board Ex Newsprnt", "p": 486.0, "s": 1598.0, "year": 2002, "partner": 229}, {"g": "f", "item": "Paper+-Board Ex Newsprnt", "p": 924.0, "s": 2152.0, "year": 2003, "partner": 229}, {"g": "f", "item": "Paper+-Board Ex Newsprnt", "p": 16508.0, "s": 10271.0, "year": 2004, "partner": 229}, {"g": "f", "item": "Ind Rwd Wir (C)", "p": 15.0, "s": 5.0, "year": 2004, "partner": 229}, {"g": "f", "item": "Paper+-Board Ex Newsprnt", "p": 1089.0, "s": 4491.0, "year": 2005, "partner": 229}, {"g": "f", "item": "Paper+-Board Ex Newsprnt", "p": 4625.0, "s": 2703.0, "year": 2003, "partner": 100}, {"g": "f", "item": "Ind Rwd Wir (NC) Other", "p": 6.0, "s": 7.0, "year": 2003, "partner": 100}, {"g": "f", "item": "Plywood", "p": 1.0, "s": 116.0, "year": 2003, "partner": 100}, {"g": "f", "item": "Paper+-Board Ex Newsprnt", "p": 5491.0, "s": 3733.0, "year": 2004, "partner": 100}, {"g": "f", "item": "Veneer Sheets", "p": 286.0, "s": 95.0, "year": 2004, "partner": 100}, {"g": "f", "item": "Sawnwood (NC)", "p": 30886.0, "s": 14.0, "year": 2004, "partner": 100}, {"g": "f", "item": "Plywood", "p": 129.0, "s": 28.0, "year": 2004, "partner": 100}, {"g": "f", "item": "Paper+-Board Ex Newsprnt", "p": 319.0, "s": 471.0, "year": 1997, "partner": 101}, {"g": "f", "item": "Plywood", "p": 21438.0, "s": 9336.0, "year": 1997, "partner": 101}, {"g": "f", "item": "Paper+-Board Ex Newsprnt", "p": 12282.0, "s": 6386.0, "year": 1998, "partner": 101}, {"g": "f", "item": "Plywood", "p": 32916.0, "s": 6674.0, "year": 1998, "partner": 101}, {"g": "f", "item": "Fibreboard", "p": 1580.0, "s": 290.0, "year": 1998, "partner": 101}, {"g": "f", "item": "Paper+-Board Ex Newsprnt", "p": 8592.0, "s": 3817.0, "year": 1999, "partner": 101}, {"g": "f", "item": "Plywood", "p": 3474.0, "s": 929.0, "year": 1999, "partner": 101}, {"g": "f", "item": "Fibreboard", "p": 595.0, "s": 103.0, "year": 1999, "partner": 101}, {"g": "f", "item": "Paper+-Board Ex Newsprnt", "p": 12054.0, "s": 6897.0, "year": 2000, "partner": 101}, {"g": "f", "item": "Sawnwood (NC)", "p": 14.0, "s": 2.0, "year": 2000, "partner": 101}, {"g": "f", "item": "Plywood", "p": 4355.0, "s": 1706.0, "year": 2000, "partner": 101}, {"g": "f", "item": "Fibreboard", "p": 3613.0, "s": 775.0, "year": 2000, "partner": 101}, {"g": "f", "item": "Paper+-Board Ex Newsprnt", "p": 8847.0, "s": 4851.0, "year": 2001, "partner": 101}, {"g": "f", "item": "Plywood", "p": 6902.0, "s": 1271.0, "year": 2001, "partner": 101}, {"g": "f", "item": "Fibreboard", "p": 2656.0, "s": 510.0, "year": 2001, "partner": 101}, {"g": "f", "item": "Paper+-Board Ex Newsprnt", "p": 4153.0, "s": 3041.0, "year": 2003, "partner": 101}, {"g": "f", "item": "Plywood", "p": 35975.0, "s": 9658.0, "year": 2003, "partner": 101}, {"g": "f", "item": "Fibreboard", "p": 2033.0, "s": 538.0, "year": 2003, "partner": 101}, {"g": "f", "item": "Paper+-Board Ex Newsprnt", "p": 6541.0, "s": 5126.0, "year": 2004, "partner": 101}, {"g": "f", "item": "Particle Board", "p": 7215.0, "s": 1296.0, "year": 2004, "partner": 101}, {"g": "f", "item": "Plywood", "p": 38307.0, "s": 11125.0, "year": 2004, "partner": 101}, {"g": "f", "item": "Fibreboard", "p": 4781.0, "s": 811.0, "year": 2004, "partner": 101}, {"g": "f", "item": "Sawnwood (C)", "p": 3.0, "s": 1.0, "year": 1997, "partner": 223}, {"g": "f", "item": "Particle Board", "p": 106.0, "s": 18.0, "year": 1997, "partner": 223}, {"g": "f", "item": "Paper+-Board Ex Newsprnt", "p": 2.0, "s": 1.0, "year": 1998, "partner": 223}, {"g": "f", "item": "Plywood", "p": 1.0, "s": 0.0, "year": 1998, "partner": 223}, {"g": "f", "item": "Paper+-Board Ex Newsprnt", "p": 322.0, "s": 517.0, "year": 2001, "partner": 223}, {"g": "f", "item": "Paper+-Board Ex Newsprnt", "p": 465.0, "s": 181.0, "year": 2002, "partner": 223}, {"g": "f", "item": "Plywood", "p": 3.0, "s": 2.0, "year": 2002, "partner": 223}, {"g": "f", "item": "Fibreboard", "p": 12.0, "s": 9.0, "year": 2003, "partner": 223}, {"g": "f", "item": "Sawnwood (NC)", "p": 2.0, "s": 4.0, "year": 2005, "partner": 223}, {"g": "f", "item": "Paper+-Board Ex Newsprnt", "p": 1567.0, "s": 1120.0, "year": 1997, "partner": 106}, {"g": "f", "item": "Fibreboard", "p": 26.0, "s": 8.0, "year": 1997, "partner": 106}, {"g": "f", "item": "Paper+-Board Ex Newsprnt", "p": 256.0, "s": 632.0, "year": 1998, "partner": 106}, {"g": "f", "item": "Fibreboard", "p": 19.0, "s": 10.0, "year": 1998, "partner": 106}, {"g": "f", "item": "Paper+-Board Ex Newsprnt", "p": 408.0, "s": 817.0, "year": 1999, "partner": 106}, {"g": "f", "item": "Paper+-Board Ex Newsprnt", "p": 886.0, "s": 1602.0, "year": 2000, "partner": 106}, {"g": "f", "item": "Paper+-Board Ex Newsprnt", "p": 633.0, "s": 1587.0, "year": 2001, "partner": 106}, {"g": "f", "item": "Newsprint", "p": 3.0, "s": 8.0, "year": 2001, "partner": 106}, {"g": "f", "item": "Paper+-Board Ex Newsprnt", "p": 37.0, "s": 77.0, "year": 2002, "partner": 106}, {"g": "f", "item": "Paper+-Board Ex Newsprnt", "p": 112.0, "s": 152.0, "year": 2003, "partner": 106}, {"g": "f", "item": "Paper+-Board Ex Newsprnt", "p": 278.0, "s": 362.0, "year": 2004, "partner": 106}, {"g": "f", "item": "Paper+-Board Ex Newsprnt", "p": 1482.0, "s": 690.0, "year": 2005, "partner": 106}, {"g": "f", "item": "Particle Board", "p": 3.0, "s": 28.0, "year": 2005, "partner": 106}, {"g": "f", "item": "Paper+-Board Ex Newsprnt", "p": 6994.0, "s": 2224.0, "year": 1997, "partner": 231}, {"g": "f", "item": "Wood Pulp", "p": 624.0, "s": 319.0, "year": 1997, "partner": 231}, {"g": "f", "item": "Wood Pulp", "p": 382.0, "s": 201.0, "year": 1998, "partner": 231}, {"g": "f", "item": "Sawnwood (C)", "p": 80.0, "s": 9.0, "year": 1998, "partner": 231}, {"g": "f", "item": "Sawnwood (NC)", "p": 87.0, "s": 56.0, "year": 1998, "partner": 231}, {"g": "f", "item": "Ind Rwd Wir (C)", "p": 61.0, "s": 9.0, "year": 1998, "partner": 231}, {"g": "f", "item": "Paper+-Board Ex Newsprnt", "p": 7278.0, "s": 2273.0, "year": 1998, "partner": 231}, {"g": "f", "item": "Paper+-Board Ex Newsprnt", "p": 7215.0, "s": 2421.0, "year": 1999, "partner": 231}, {"g": "f", "item": "Wood Pulp", "p": 408.0, "s": 212.0, "year": 1999, "partner": 231}, {"g": "f", "item": "Paper+-Board Ex Newsprnt", "p": 7152.0, "s": 3001.0, "year": 2000, "partner": 231}, {"g": "f", "item": "Sawnwood (NC)", "p": 24.0, "s": 34.0, "year": 2000, "partner": 231}, {"g": "f", "item": "Ind Rwd Wir (NC) Other", "p": 98.0, "s": 32.0, "year": 2000, "partner": 231}, {"g": "f", "item": "Wood Pulp", "p": 434.0, "s": 279.0, "year": 2000, "partner": 231}, {"g": "f", "item": "Paper+-Board Ex Newsprnt", "p": 3956.0, "s": 1654.0, "year": 2001, "partner": 231}, {"g": "f", "item": "Wood Pulp", "p": 332.0, "s": 174.0, "year": 2001, "partner": 231}, {"g": "f", "item": "Paper+-Board Ex Newsprnt", "p": 4997.0, "s": 1780.0, "year": 2002, "partner": 231}, {"g": "f", "item": "Wood Pulp", "p": 375.0, "s": 180.0, "year": 2002, "partner": 231}, {"g": "f", "item": "Paper+-Board Ex Newsprnt", "p": 7704.0, "s": 2895.0, "year": 2003, "partner": 231}, {"g": "f", "item": "Newsprint", "p": 61.0, "s": 33.0, "year": 2003, "partner": 231}, {"g": "f", "item": "Wood Pulp", "p": 87.0, "s": 44.0, "year": 2003, "partner": 231}, {"g": "f", "item": "Paper+-Board Ex Newsprnt", "p": 12450.0, "s": 5261.0, "year": 2004, "partner": 231}, {"g": "f", "item": "Wood Pulp", "p": 240.0, "s": 106.0, "year": 2004, "partner": 231}, {"g": "f", "item": "Paper+-Board Ex Newsprnt", "p": 20514.0, "s": 8134.0, "year": 2005, "partner": 231}, {"g": "f", "item": "Wood Pulp", "p": 170.0, "s": 93.0, "year": 2005, "partner": 231}, {"g": "f", "item": "Paper+-Board Ex Newsprnt", "p": 47.0, "s": 49.0, "year": 1997, "partner": 110}, {"g": "f", "item": "Sawnwood (C)", "p": 15.0, "s": 9.0, "year": 1998, "partner": 110}, {"g": "f", "item": "Paper+-Board Ex Newsprnt", "p": 32.0, "s": 34.0, "year": 1998, "partner": 110}, {"g": "f", "item": "Plywood", "p": 8.0, "s": 7.0, "year": 1998, "partner": 110}, {"g": "f", "item": "Fibreboard", "p": 23.0, "s": 26.0, "year": 1998, "partner": 110}, {"g": "f", "item": "Sawnwood (C)", "p": 15.0, "s": 9.0, "year": 1999, "partner": 110}, {"g": "f", "item": "Paper+-Board Ex Newsprnt", "p": 14.0, "s": 15.0, "year": 1999, "partner": 110}, {"g": "f", "item": "Plywood", "p": 18.0, "s": 12.0, "year": 1999, "partner": 110}, {"g": "f", "item": "Paper+-Board Ex Newsprnt", "p": 11.0, "s": 9.0, "year": 2000, "partner": 110}, {"g": "f", "item": "Fibreboard", "p": 48.0, "s": 14.0, "year": 2001, "partner": 110}, {"g": "f", "item": "Fibreboard", "p": 48.0, "s": 13.0, "year": 2002, "partner": 110}, {"g": "f", "item": "Fibreboard", "p": 40.0, "s": 12.0, "year": 2004, "partner": 110}, {"g": "f", "item": "Paper+-Board Ex Newsprnt", "p": 179.0, "s": 121.0, "year": 2000, "partner": 112}, {"g": "f", "item": "Paper+-Board Ex Newsprnt", "p": 344.0, "s": 395.0, "year": 2001, "partner": 112}, {"g": "f", "item": "Paper+-Board Ex Newsprnt", "p": 1595.0, "s": 1494.0, "year": 2002, "partner": 112}, {"g": "f", "item": "Paper+-Board Ex Newsprnt", "p": 1822.0, "s": 1760.0, "year": 2003, "partner": 112}, {"g": "f", "item": "Paper+-Board Ex Newsprnt", "p": 1437.0, "s": 1410.0, "year": 2004, "partner": 112}, {"g": "f", "item": "Paper+-Board Ex Newsprnt", "p": 2138.0, "s": 2412.0, "year": 2005, "partner": 112}, {"g": "f", "item": "Fibreboard", "p": 1.0, "s": 2.0, "year": 2005, "partner": 112}, {"g": "f", "item": "Paper+-Board Ex Newsprnt", "p": 78.0, "s": 55.0, "year": 2003, "partner": 212}, {"g": "f", "item": "Paper+-Board Ex Newsprnt", "p": 287.0, "s": 241.0, "year": 2004, "partner": 212}, {"g": "f", "item": "Particle Board", "p": 68.0, "s": 21.0, "year": 2004, "partner": 212}, {"g": "f", "item": "Paper+-Board Ex Newsprnt", "p": 172.0, "s": 123.0, "year": 1998, "partner": 117}, {"g": "f", "item": "Paper+-Board Ex Newsprnt", "p": 115.0, "s": 82.0, "year": 1999, "partner": 117}, {"g": "f", "item": "Paper+-Board Ex Newsprnt", "p": 434.0, "s": 362.0, "year": 2000, "partner": 117}, {"g": "f", "item": "Paper+-Board Ex Newsprnt", "p": 1488.0, "s": 969.0, "year": 2001, "partner": 117}, {"g": "f", "item": "Paper+-Board Ex Newsprnt", "p": 1963.0, "s": 1284.0, "year": 2003, "partner": 117}, {"g": "f", "item": "Paper+-Board Ex Newsprnt", "p": 1622.0, "s": 1246.0, "year": 2004, "partner": 117}, {"g": "f", "item": "Newsprint", "p": 490.0, "s": 103.0, "year": 2004, "partner": 117}, {"g": "f", "item": "Paper+-Board Ex Newsprnt", "p": 1763.0, "s": 1342.0, "year": 2005, "partner": 117}, {"g": "f", "item": "Particle Board", "p": 120.0, "s": 48.0, "year": 1997, "partner": 119}, {"g": "f", "item": "Sawnwood (C)", "p": 123.0, "s": 22.0, "year": 2005, "partner": 119}, {"g": "f", "item": "Paper+-Board Ex Newsprnt", "p": 6.0, "s": 19.0, "year": 2001, "partner": 121}, {"g": "f", "item": "Plywood", "p": 18.0, "s": 9.0, "year": 2001, "partner": 121}, {"g": "f", "item": "Fibreboard", "p": 54.0, "s": 4.0, "year": 2001, "partner": 121}, {"g": "f", "item": "Paper+-Board Ex Newsprnt", "p": 12.0, "s": 12.0, "year": 2003, "partner": 121}, {"g": "f", "item": "Sawnwood (NC)", "p": 27.0, "s": 34.0, "year": 2003, "partner": 121}, {"g": "f", "item": "Paper+-Board Ex Newsprnt", "p": 10.0, "s": 66.0, "year": 2004, "partner": 121}, {"g": "f", "item": "Paper+-Board Ex Newsprnt", "p": 41.0, "s": 60.0, "year": 2000, "partner": 252}, {"g": "f", "item": "Paper+-Board Ex Newsprnt", "p": 53.0, "s": 38.0, "year": 2001, "partner": 252}, {"g": "f", "item": "Particle Board", "p": 7.0, "s": 13.0, "year": 2001, "partner": 252}, {"g": "f", "item": "Fibreboard", "p": 117.0, "s": 73.0, "year": 2003, "partner": 252}, {"g": "f", "item": "Paper+-Board Ex Newsprnt", "p": 2.0, "s": 3.0, "year": 2004, "partner": 252}, {"g": "f", "item": "Particle Board", "p": 60.0, "s": 10.0, "year": 2004, "partner": 252}, {"g": "f", "item": "Fibreboard", "p": 78.0, "s": 45.0, "year": 2004, "partner": 252}, {"g": "f", "item": "Paper+-Board Ex Newsprnt", "p": 144.0, "s": 76.0, "year": 2005, "partner": 252}, {"g": "f", "item": "Fibreboard", "p": 39.0, "s": 24.0, "year": 2005, "partner": 252}, {"g": "f", "item": "Wood Pulp", "p": 0.0, "s": 1.0, "year": 1997, "partner": 254}, {"g": "f", "item": "Fibreboard", "p": 100.0, "s": 42.0, "year": 1997, "partner": 254}, {"g": "f", "item": "Ind Rwd Wir (NC) Other", "p": -52.0, "s": -70.0, "year": 1997, "partner": 254}, {"g": "f", "item": "Particle Board", "p": 0.0, "s": 0.0, "year": 1997, "partner": 254}, {"g": "f", "item": "Sawnwood (C)", "p": 0.0, "s": 0.0, "year": 1997, "partner": 254}, {"g": "f", "item": "Newsprint", "p": 0.0, "s": 0.0, "year": 1997, "partner": 254}, {"g": "f", "item": "Plywood", "p": 0.0, "s": 0.0, "year": 1997, "partner": 254}, {"g": "f", "item": "Sawnwood (NC)", "p": 0.0, "s": 0.0, "year": 1997, "partner": 254}, {"g": "f", "item": "Paper+-Board Ex Newsprnt", "p": 1.0, "s": 0.0, "year": 1997, "partner": 254}, {"g": "f", "item": "Wood Pulp", "p": 399.0, "s": 267.0, "year": 1998, "partner": 254}, {"g": "f", "item": "Fibreboard", "p": 0.0, "s": 0.0, "year": 1998, "partner": 254}, {"g": "f", "item": "Particle Board", "p": 0.0, "s": 0.0, "year": 1998, "partner": 254}, {"g": "f", "item": "Veneer Sheets", "p": 0.0, "s": 0.0, "year": 1998, "partner": 254}, {"g": "f", "item": "Newsprint", "p": 0.0, "s": 0.0, "year": 1998, "partner": 254}, {"g": "f", "item": "Sawnwood (C)", "p": 0.0, "s": 0.0, "year": 1998, "partner": 254}, {"g": "f", "item": "Sawnwood (NC)", "p": 0.0, "s": 0.0, "year": 1998, "partner": 254}, {"g": "f", "item": "Ind Rwd Wir (C)", "p": 0.0, "s": 0.0, "year": 1998, "partner": 254}, {"g": "f", "item": "Paper+-Board Ex Newsprnt", "p": 0.0, "s": 0.0, "year": 1998, "partner": 254}, {"g": "f", "item": "Plywood", "p": 0.0, "s": 0.0, "year": 1998, "partner": 254}, {"g": "f", "item": "Wood Pulp", "p": -49.0, "s": -24.0, "year": 1999, "partner": 254}, {"g": "f", "item": "Fibreboard", "p": -1981.0, "s": -97.0, "year": 1999, "partner": 254}, {"g": "f", "item": "Particle Board", "p": -7.0, "s": 0.0, "year": 1999, "partner": 254}, {"g": "f", "item": "Newsprint", "p": -20.0, "s": 0.0, "year": 1999, "partner": 254}, {"g": "f", "item": "Sawnwood (C)", "p": -50.0, "s": -40.0, "year": 1999, "partner": 254}, {"g": "f", "item": "Sawnwood (NC)", "p": 2.0, "s": 0.0, "year": 1999, "partner": 254}, {"g": "f", "item": "Ind Rwd Wir (C)", "p": -1.0, "s": 100.0, "year": 1999, "partner": 254}, {"g": "f", "item": "Paper+-Board Ex Newsprnt", "p": -35.0, "s": 1.0, "year": 1999, "partner": 254}, {"g": "f", "item": "Plywood", "p": 14.0, "s": 0.0, "year": 1999, "partner": 254}, {"g": "f", "item": "Wood Pulp", "p": -47.0, "s": -67.0, "year": 2000, "partner": 254}, {"g": "f", "item": "Fibreboard", "p": -2209.0, "s": -340.0, "year": 2000, "partner": 254}, {"g": "f", "item": "Ind Rwd Wir (NC) Other", "p": 0.0, "s": 0.0, "year": 2000, "partner": 254}, {"g": "f", "item": "Veneer Sheets", "p": 0.0, "s": 0.0, "year": 2000, "partner": 254}, {"g": "f", "item": "Particle Board", "p": 45.0, "s": 14.0, "year": 2000, "partner": 254}, {"g": "f", "item": "Sawnwood (C)", "p": 7529.0, "s": -1068.0, "year": 2000, "partner": 254}, {"g": "f", "item": "Newsprint", "p": 478.0, "s": 88.0, "year": 2000, "partner": 254}, {"g": "f", "item": "Ind Rwd Wir (C)", "p": 276.0, "s": 187.0, "year": 2000, "partner": 254}, {"g": "f", "item": "Sawnwood (NC)", "p": 70162.0, "s": 11225.0, "year": 2000, "partner": 254}, {"g": "f", "item": "Paper+-Board Ex Newsprnt", "p": -158.0, "s": -2748.0, "year": 2000, "partner": 254}, {"g": "f", "item": "Plywood", "p": 24413.0, "s": 6115.0, "year": 2000, "partner": 254}, {"g": "f", "item": "Wood Pulp", "p": 6.0, "s": 0.0, "year": 2001, "partner": 254}, {"g": "f", "item": "Fibreboard", "p": -3072.0, "s": -76.0, "year": 2001, "partner": 254}, {"g": "f", "item": "Ind Rwd Wir (NC) Other", "p": 0.0, "s": 0.0, "year": 2001, "partner": 254}, {"g": "f", "item": "Veneer Sheets", "p": 0.0, "s": 0.0, "year": 2001, "partner": 254}, {"g": "f", "item": "Particle Board", "p": -11.0, "s": 6.0, "year": 2001, "partner": 254}, {"g": "f", "item": "Sawnwood (C)", "p": -43.0, "s": 0.0, "year": 2001, "partner": 254}, {"g": "f", "item": "Newsprint", "p": 9.0, "s": 0.0, "year": 2001, "partner": 254}, {"g": "f", "item": "Plywood", "p": -22332.0, "s": 0.0, "year": 2001, "partner": 254}, {"g": "f", "item": "Sawnwood (NC)", "p": 23.0, "s": 1.0, "year": 2001, "partner": 254}, {"g": "f", "item": "Paper+-Board Ex Newsprnt", "p": 530.0, "s": 1.0, "year": 2001, "partner": 254}, {"g": "f", "item": "Wood Pulp", "p": -203.0, "s": -77.0, "year": 2002, "partner": 254}, {"g": "f", "item": "Fibreboard", "p": 2048.0, "s": 500.0, "year": 2002, "partner": 254}, {"g": "f", "item": "Veneer Sheets", "p": 0.0, "s": 0.0, "year": 2002, "partner": 254}, {"g": "f", "item": "Newsprint", "p": 5784.0, "s": 3248.0, "year": 2002, "partner": 254}, {"g": "f", "item": "Sawnwood (C)", "p": 3703.0, "s": 5662.0, "year": 2002, "partner": 254}, {"g": "f", "item": "Sawnwood (NC)", "p": -2102.0, "s": 1051.0, "year": 2002, "partner": 254}, {"g": "f", "item": "Plywood", "p": 18601.0, "s": 5276.0, "year": 2002, "partner": 254}, {"g": "f", "item": "Paper+-Board Ex Newsprnt", "p": 31845.0, "s": 27586.0, "year": 2002, "partner": 254}, {"g": "f", "item": "Wood Pulp", "p": 113.0, "s": 80.0, "year": 2003, "partner": 254}, {"g": "f", "item": "Fibreboard", "p": -467.0, "s": -190.0, "year": 2003, "partner": 254}, {"g": "f", "item": "Ind Rwd Wir (NC) Other", "p": 0.0, "s": 0.0, "year": 2003, "partner": 254}, {"g": "f", "item": "Veneer Sheets", "p": 0.0, "s": 0.0, "year": 2003, "partner": 254}, {"g": "f", "item": "Particle Board", "p": 356.0, "s": 115.0, "year": 2003, "partner": 254}, {"g": "f", "item": "Sawnwood (C)", "p": 15851.0, "s": 3585.0, "year": 2003, "partner": 254}, {"g": "f", "item": "Newsprint", "p": 4670.0, "s": 2878.0, "year": 2003, "partner": 254}, {"g": "f", "item": "Ind Rwd Wir (C)", "p": 0.0, "s": 0.0, "year": 2003, "partner": 254}, {"g": "f", "item": "Sawnwood (NC)", "p": 11848.0, "s": -1442.0, "year": 2003, "partner": 254}, {"g": "f", "item": "Paper+-Board Ex Newsprnt", "p": -3745.0, "s": 5761.0, "year": 2003, "partner": 254}, {"g": "f", "item": "Plywood", "p": 20417.0, "s": 8725.0, "year": 2003, "partner": 254}, {"g": "f", "item": "Ind Rwd Wir (NC) Tropica", "p": -221279.0, "s": 0.0, "year": 2004, "partner": 254}, {"g": "f", "item": "Wood Pulp", "p": -75.0, "s": -50.0, "year": 2004, "partner": 254}, {"g": "f", "item": "Fibreboard", "p": -1931.0, "s": 746.0, "year": 2004, "partner": 254}, {"g": "f", "item": "Ind Rwd Wir (NC) Other", "p": 7344.0, "s": 0.0, "year": 2004, "partner": 254}, {"g": "f", "item": "Veneer Sheets", "p": 16432.0, "s": 13098.0, "year": 2004, "partner": 254}, {"g": "f", "item": "Particle Board", "p": 908.0, "s": -1.0, "year": 2004, "partner": 254}, {"g": "f", "item": "Sawnwood (C)", "p": -10072043.0, "s": 926.0, "year": 2004, "partner": 254}, {"g": "f", "item": "Newsprint", "p": -12261.0, "s": -360.0, "year": 2004, "partner": 254}, {"g": "f", "item": "Ind Rwd Wir (C)", "p": 0.0, "s": 0.0, "year": 2004, "partner": 254}, {"g": "f", "item": "Sawnwood (NC)", "p": -38472436.0, "s": -22.0, "year": 2004, "partner": 254}, {"g": "f", "item": "Paper+-Board Ex Newsprnt", "p": -24204.0, "s": -5970.0, "year": 2004, "partner": 254}, {"g": "f", "item": "Plywood", "p": -21594.0, "s": 5624.0, "year": 2004, "partner": 254}, {"g": "f", "item": "Ind Rwd Wir (NC) Tropica", "p": 141.0, "s": 0.0, "year": 2005, "partner": 254}, {"g": "f", "item": "Wood Pulp", "p": -49.0, "s": -68.0, "year": 2005, "partner": 254}, {"g": "f", "item": "Fibreboard", "p": 5794.0, "s": 1440.0, "year": 2005, "partner": 254}, {"g": "f", "item": "Particle Board", "p": 10330.0, "s": 1666.0, "year": 2005, "partner": 254}, {"g": "f", "item": "Sawnwood (C)", "p": -41829.0, "s": -9832.0, "year": 2005, "partner": 254}, {"g": "f", "item": "Newsprint", "p": -118.0, "s": -162.0, "year": 2005, "partner": 254}, {"g": "f", "item": "Plywood", "p": 33876.0, "s": 13569.0, "year": 2005, "partner": 254}, {"g": "f", "item": "Sawnwood (NC)", "p": 85418.0, "s": 26036.0, "year": 2005, "partner": 254}, {"g": "f", "item": "Paper+-Board Ex Newsprnt", "p": 21269.0, "s": 18194.0, "year": 2005, "partner": 254}, {"g": "f", "item": "Sawnwood (NC)", "p": 163849.0, "s": 92153.0, "year": 2014, "partner": 254}, {"g": "f", "item": "Paper+-Board Ex Newsprnt", "p": 53.0, "s": 38.0, "year": 2001, "partner": 255}, {"g": "f", "item": "Particle Board", "p": 7.0, "s": 13.0, "year": 2001, "partner": 255}, {"g": "f", "item": "Plywood", "p": 3.0, "s": 2.0, "year": 2001, "partner": 255}, {"g": "f", "item": "Paper+-Board Ex Newsprnt", "p": 192.0, "s": 116.0, "year": 2002, "partner": 255}, {"g": "f", "item": "Plywood", "p": 3.0, "s": 3.0, "year": 2002, "partner": 255}, {"g": "f", "item": "Particle Board", "p": 44.0, "s": 9.0, "year": 2003, "partner": 255}, {"g": "f", "item": "Plywood", "p": 4.0, "s": 4.0, "year": 2003, "partner": 255}, {"g": "f", "item": "Paper+-Board Ex Newsprnt", "p": 1267.0, "s": 603.0, "year": 2004, "partner": 255}, {"g": "f", "item": "Particle Board", "p": 26.0, "s": 7.0, "year": 2004, "partner": 255}, {"g": "f", "item": "Paper+-Board Ex Newsprnt", "p": 2349.0, "s": 835.0, "year": 2005, "partner": 255}]