[{"g": "m", "item": "Sawnwood (NC)", "p": 18.0, "s": 17.0, "year": 2008, "partner": 33}, {"g": "m", "item": "Sawnwood (NC)", "p": 167.0, "s": 189.0, "year": 2011, "partner": 66}, {"g": "m", "item": "Paper+-Board Ex Newsprnt", "p": 16.0, "s": 33.0, "year": 2012, "partner": 66}, {"g": "m", "item": "Ind Rwd Wir (C)", "p": 2070.0, "s": 110.0, "year": 2012, "partner": 66}, {"g": "m", "item": "Sawnwood (NC)", "p": 6.0, "s": 8.0, "year": 2014, "partner": 66}, {"g": "m", "item": "Ind Rwd Wir (C)", "p": 46.0, "s": 2.0, "year": 2014, "partner": 66}, {"g": "m", "item": "Sawnwood (NC)", "p": 232.0, "s": 169.0, "year": 2011, "partner": 229}, {"g": "m", "item": "Ind Rwd Wir (NC) Tropica", "p": 180.0, "s": 33.0, "year": 2001, "partner": 229}, {"g": "m", "item": "Ind Rwd Wir (NC) Tropica", "p": 27.0, "s": 66.0, "year": 2003, "partner": 229}, {"g": "m", "item": "Ind Rwd Wir (NC) Tropica", "p": 94.0, "s": 31.0, "year": 1997, "partner": 229}, {"g": "m", "item": "Sawnwood (NC)", "p": 13.0, "s": 5.0, "year": 1998, "partner": 229}, {"g": "m", "item": "Ind Rwd Wir (NC) Other", "p": 255.0, "s": 27.0, "year": 1998, "partner": 229}, {"g": "m", "item": "Sawnwood (C)", "p": 3.0, "s": 0.0, "year": 2011, "partner": 68}, {"g": "m", "item": "Fibreboard", "p": 428.0, "s": 55.0, "year": 2004, "partner": 165}, {"g": "m", "item": "Sawnwood (C)", "p": 851.0, "s": 142.0, "year": 2011, "partner": 231}, {"g": "m", "item": "Ind Rwd Wir (NC) Other", "p": 760.0, "s": 232.0, "year": 2011, "partner": 231}, {"g": "m", "item": "Sawnwood (NC)", "p": 1.0, "s": 10.0, "year": 2004, "partner": 231}, {"g": "m", "item": "Ind Rwd Wir (NC) Other", "p": 44.0, "s": 44.0, "year": 2004, "partner": 231}, {"g": "m", "item": "Sawnwood (NC)", "p": 38.0, "s": 53.0, "year": 2013, "partner": 231}, {"g": "m", "item": "Sawnwood (NC)", "p": 23.0, "s": 26.0, "year": 2011, "partner": 200}, {"g": "m", "item": "Plywood", "p": 12.0, "s": 12.0, "year": 2013, "partner": 200}, {"g": "m", "item": "Sawnwood (C)", "p": 88.0, "s": 15.0, "year": 2013, "partner": 233}, {"g": "m", "item": "Paper+-Board Ex Newsprnt", "p": 25.0, "s": 28.0, "year": 2013, "partner": 233}, {"g": "m", "item": "Sawnwood (C)", "p": 4.0, "s": 2.0, "year": 1997, "partner": 10}, {"g": "m", "item": "Veneer Sheets", "p": 119.0, "s": 62.0, "year": 1997, "partner": 10}, {"g": "m", "item": "Sawnwood (NC)", "p": 398.0, "s": 323.0, "year": 1997, "partner": 10}, {"g": "m", "item": "Sawnwood (C)", "p": 47.0, "s": 12.0, "year": 1998, "partner": 10}, {"g": "m", "item": "Sawnwood (NC)", "p": 262.0, "s": 109.0, "year": 1998, "partner": 10}, {"g": "m", "item": "Sawnwood (C)", "p": 20.0, "s": 10.0, "year": 1999, "partner": 10}, {"g": "m", "item": "Sawnwood (NC)", "p": 252.0, "s": 83.0, "year": 1999, "partner": 10}, {"g": "m", "item": "Sawnwood (C)", "p": 25.0, "s": 8.0, "year": 2000, "partner": 10}, {"g": "m", "item": "Sawnwood (NC)", "p": 227.0, "s": 88.0, "year": 2000, "partner": 10}, {"g": "m", "item": "Sawnwood (C)", "p": 151.0, "s": 32.0, "year": 2001, "partner": 10}, {"g": "m", "item": "Sawnwood (NC)", "p": 21.0, "s": 6.0, "year": 2001, "partner": 10}, {"g": "m", "item": "Sawnwood (C)", "p": 100.0, "s": 28.0, "year": 2002, "partner": 10}, {"g": "m", "item": "Sawnwood (NC)", "p": 310.0, "s": 111.0, "year": 2002, "partner": 10}, {"g": "m", "item": "Sawnwood (C)", "p": 12.0, "s": 24.0, "year": 2004, "partner": 10}, {"g": "m", "item": "Sawnwood (NC)", "p": 48.0, "s": 24.0, "year": 2004, "partner": 10}, {"g": "m", "item": "Ind Rwd Wir (NC) Other", "p": 2.0, "s": 6.0, "year": 2004, "partner": 10}, {"g": "m", "item": "Chips and Particles", "p": 186.0, "s": 624.0, "year": 2005, "partner": 10}, {"g": "m", "item": "Sawnwood (NC)", "p": 71.0, "s": 30.0, "year": 2005, "partner": 10}, {"g": "m", "item": "Ind Rwd Wir (NC) Other", "p": 60.0, "s": 25.0, "year": 2005, "partner": 10}, {"g": "m", "item": "Chips and Particles", "p": 56.0, "s": 281.0, "year": 2006, "partner": 10}, {"g": "m", "item": "Chips and Particles", "p": 2.0, "s": 1.0, "year": 2011, "partner": 10}, {"g": "m", "item": "Sawnwood (C)", "p": 7.0, "s": 1.0, "year": 2011, "partner": 10}, {"g": "m", "item": "Sawnwood (C)", "p": 428.0, "s": 71.0, "year": 2012, "partner": 10}, {"g": "m", "item": "Sawnwood (NC)", "p": 23.0, "s": 13.0, "year": 2012, "partner": 10}, {"g": "m", "item": "Sawnwood (NC)", "p": 11.0, "s": 80.0, "year": 2009, "partner": 215}, {"g": "m", "item": "Paper+-Board Ex Newsprnt", "p": 203.0, "s": 9.0, "year": 2007, "partner": 194}, {"g": "m", "item": "Ind Rwd Wir (NC) Tropica", "p": 112.0, "s": 22.0, "year": 1997, "partner": 110}, {"g": "m", "item": "Sawnwood (NC)", "p": 2870.0, "s": 1683.0, "year": 1997, "partner": 110}, {"g": "m", "item": "Sawnwood (NC)", "p": 3654.0, "s": 2541.0, "year": 1998, "partner": 110}, {"g": "m", "item": "Sawnwood (NC)", "p": 2848.0, "s": 2021.0, "year": 1999, "partner": 110}, {"g": "m", "item": "Ind Rwd Wir (NC) Other", "p": 19.0, "s": 137.0, "year": 1999, "partner": 110}, {"g": "m", "item": "Sawnwood (NC)", "p": 2045.0, "s": 1389.0, "year": 2000, "partner": 110}, {"g": "m", "item": "Sawnwood (NC)", "p": 2032.0, "s": 1372.0, "year": 2001, "partner": 110}, {"g": "m", "item": "Sawnwood (NC)", "p": 2018.0, "s": 1295.0, "year": 2002, "partner": 110}, {"g": "m", "item": "Sawnwood (NC)", "p": 1353.0, "s": 1296.0, "year": 2003, "partner": 110}, {"g": "m", "item": "Sawnwood (NC)", "p": 1012.0, "s": 1006.0, "year": 2004, "partner": 110}, {"g": "m", "item": "Sawnwood (NC)", "p": 393.0, "s": 166.0, "year": 2005, "partner": 110}, {"g": "m", "item": "Sawnwood (NC)", "p": 11.0, "s": 11.0, "year": 2010, "partner": 110}, {"g": "m", "item": "Sawnwood (NC)", "p": 24.0, "s": 24.0, "year": 2011, "partner": 110}, {"g": "m", "item": "Sawnwood (NC)", "p": 16.0, "s": 15.0, "year": 2013, "partner": 110}, {"g": "m", "item": "Sawnwood (NC)", "p": 33.0, "s": 35.0, "year": 2014, "partner": 110}, {"g": "m", "item": "Paper+-Board Ex Newsprnt", "p": 19.0, "s": 24.0, "year": 2000, "partner": 15}, {"g": "m", "item": "Ind Rwd Wir (NC) Tropica", "p": 94.0, "s": 31.0, "year": 1997, "partner": 5009}, {"g": "m", "item": "Sawnwood (C)", "p": 4.0, "s": 2.0, "year": 1997, "partner": 5009}, {"g": "m", "item": "Veneer Sheets", "p": 131.0, "s": 62.0, "year": 1997, "partner": 5009}, {"g": "m", "item": "Sawnwood (NC)", "p": 3268.0, "s": 2006.0, "year": 1997, "partner": 5009}, {"g": "m", "item": "Sawnwood (C)", "p": 47.0, "s": 12.0, "year": 1998, "partner": 5009}, {"g": "m", "item": "Sawnwood (NC)", "p": 6270.0, "s": 3635.0, "year": 1998, "partner": 5009}, {"g": "m", "item": "Ind Rwd Wir (NC) Other", "p": 255.0, "s": 27.0, "year": 1998, "partner": 5009}, {"g": "m", "item": "Ind Rwd Wir (NC) Tropica", "p": 3.0, "s": 1.0, "year": 1999, "partner": 5009}, {"g": "m", "item": "Sawnwood (C)", "p": 20.0, "s": 10.0, "year": 1999, "partner": 5009}, {"g": "m", "item": "Sawnwood (NC)", "p": 73694.0, "s": 2849.0, "year": 1999, "partner": 5009}, {"g": "m", "item": "Ind Rwd Wir (NC) Other", "p": 1130.0, "s": 137.0, "year": 1999, "partner": 5009}, {"g": "m", "item": "Sawnwood (C)", "p": 0.0, "s": 0.0, "year": 2000, "partner": 5009}, {"g": "m", "item": "Paper+-Board Ex Newsprnt", "p": 0.0, "s": 0.0, "year": 2000, "partner": 5009}, {"g": "m", "item": "Sawnwood (NC)", "p": 10000.0, "s": 2691.0, "year": 2000, "partner": 5009}, {"g": "m", "item": "Ind Rwd Wir (NC) Tropica", "p": 6.0, "s": 2.0, "year": 2001, "partner": 5009}, {"g": "m", "item": "Sawnwood (C)", "p": 0.0, "s": 0.0, "year": 2001, "partner": 5009}, {"g": "m", "item": "Sawnwood (NC)", "p": 5400.0, "s": 2344.0, "year": 2001, "partner": 5009}, {"g": "m", "item": "Sawnwood (C)", "p": 0.0, "s": 0.0, "year": 2002, "partner": 5009}, {"g": "m", "item": "Sawnwood (NC)", "p": 5192.0, "s": 2302.0, "year": 2002, "partner": 5009}, {"g": "m", "item": "Ind Rwd Wir (NC) Other", "p": 150.0, "s": 18.0, "year": 2002, "partner": 5009}, {"g": "m", "item": "Ind Rwd Wir (NC) Tropica", "p": 27.0, "s": 66.0, "year": 2003, "partner": 5009}, {"g": "m", "item": "Sawnwood (NC)", "p": 4597.0, "s": 2604.0, "year": 2003, "partner": 5009}, {"g": "m", "item": "Ind Rwd Wir (NC) Other", "p": 19803.0, "s": 328.0, "year": 2003, "partner": 5009}, {"g": "m", "item": "Plywood", "p": 12.0, "s": 4.0, "year": 2003, "partner": 5009}, {"g": "m", "item": "Fibreboard", "p": 228.0, "s": 55.0, "year": 2004, "partner": 5009}, {"g": "m", "item": "Ind Rwd Wir (NC) Other", "p": 4268.0, "s": 252.0, "year": 2004, "partner": 5009}, {"g": "m", "item": "Sawnwood (C)", "p": 144.0, "s": 24.0, "year": 2004, "partner": 5009}, {"g": "m", "item": "Sawnwood (NC)", "p": 8995.0, "s": 2734.0, "year": 2004, "partner": 5009}, {"g": "m", "item": "Plywood", "p": 14.0, "s": 5.0, "year": 2004, "partner": 5009}, {"g": "m", "item": "Paper+-Board Ex Newsprnt", "p": 0.0, "s": 0.0, "year": 2005, "partner": 5009}, {"g": "m", "item": "Sawnwood (NC)", "p": 8995.0, "s": 2734.0, "year": 2005, "partner": 5009}, {"g": "m", "item": "Ind Rwd Wir (NC) Other", "p": 4268.0, "s": 252.0, "year": 2005, "partner": 5009}, {"g": "m", "item": "Plywood", "p": 14.0, "s": 5.0, "year": 2005, "partner": 5009}, {"g": "m", "item": "Sawnwood (NC)", "p": 8995.0, "s": 2734.0, "year": 2006, "partner": 5009}, {"g": "m", "item": "Ind Rwd Wir (NC) Other", "p": 4268.0, "s": 252.0, "year": 2006, "partner": 5009}, {"g": "m", "item": "Sawnwood (C)", "p": 204.0, "s": 34.0, "year": 2007, "partner": 5009}, {"g": "m", "item": "Paper+-Board Ex Newsprnt", "p": 212.0, "s": 15.0, "year": 2007, "partner": 5009}, {"g": "m", "item": "Sawnwood (NC)", "p": 491.0, "s": 405.0, "year": 2007, "partner": 5009}, {"g": "m", "item": "Ind Rwd Wir (NC) Other", "p": 62.0, "s": 80.0, "year": 2007, "partner": 5009}, {"g": "m", "item": "Ind Rwd Wir (NC) Tropica", "p": 30.0, "s": 25.0, "year": 2008, "partner": 5009}, {"g": "m", "item": "Sawnwood (C)", "p": 22.0, "s": 4.0, "year": 2008, "partner": 5009}, {"g": "m", "item": "Sawnwood (NC)", "p": 417.0, "s": 368.0, "year": 2008, "partner": 5009}, {"g": "m", "item": "Ind Rwd Wir (NC) Other", "p": 9.0, "s": 12.0, "year": 2008, "partner": 5009}, {"g": "m", "item": "Ind Rwd Wir (NC) Tropica", "p": 15.0, "s": 11.0, "year": 2009, "partner": 5009}, {"g": "m", "item": "Sawnwood (NC)", "p": 11.0, "s": 80.0, "year": 2009, "partner": 5009}, {"g": "m", "item": "Ind Rwd Wir (NC) Other", "p": 26.0, "s": 40.0, "year": 2009, "partner": 5009}, {"g": "m", "item": "Sawnwood (C)", "p": 46.0, "s": 8.0, "year": 2010, "partner": 5009}, {"g": "m", "item": "Sawnwood (NC)", "p": 365.0, "s": 258.0, "year": 2010, "partner": 5009}, {"g": "m", "item": "Ind Rwd Wir (NC) Other", "p": 7.0, "s": 20.0, "year": 2010, "partner": 5009}, {"g": "m", "item": "Plywood", "p": 5.0, "s": 4.0, "year": 2010, "partner": 5009}, {"g": "m", "item": "Chips and Particles", "p": 186.0, "s": 624.0, "year": 2011, "partner": 5009}, {"g": "m", "item": "Ind Rwd Wir (NC) Tropica", "p": 48.0, "s": 20.0, "year": 2011, "partner": 5009}, {"g": "m", "item": "Ind Rwd Wir (NC) Other", "p": 765.0, "s": 300.0, "year": 2011, "partner": 5009}, {"g": "m", "item": "Sawnwood (C)", "p": 29.0, "s": 8.0, "year": 2011, "partner": 5009}, {"g": "m", "item": "Sawnwood (NC)", "p": 165.0, "s": 142.0, "year": 2011, "partner": 5009}, {"g": "m", "item": "Plywood", "p": 8.0, "s": 4.0, "year": 2011, "partner": 5009}, {"g": "m", "item": "Ind Rwd Wir (NC) Other", "p": 27.0, "s": 480.0, "year": 2012, "partner": 5009}, {"g": "m", "item": "Sawnwood (C)", "p": 428.0, "s": 71.0, "year": 2012, "partner": 5009}, {"g": "m", "item": "Sawnwood (NC)", "p": 65.0, "s": 171.0, "year": 2012, "partner": 5009}, {"g": "m", "item": "Ind Rwd Wir (C)", "p": 2070.0, "s": 110.0, "year": 2012, "partner": 5009}, {"g": "m", "item": "Paper+-Board Ex Newsprnt", "p": 228.0, "s": 48.0, "year": 2012, "partner": 5009}, {"g": "m", "item": "Ind Rwd Wir (NC) Other", "p": 38.0, "s": 674.0, "year": 2013, "partner": 5009}, {"g": "m", "item": "Sawnwood (C)", "p": 88.0, "s": 15.0, "year": 2013, "partner": 5009}, {"g": "m", "item": "Sawnwood (NC)", "p": 109.0, "s": 121.0, "year": 2013, "partner": 5009}, {"g": "m", "item": "Plywood", "p": 12.0, "s": 12.0, "year": 2013, "partner": 5009}, {"g": "m", "item": "Paper+-Board Ex Newsprnt", "p": 244.0, "s": 70.0, "year": 2013, "partner": 5009}, {"g": "m", "item": "Ind Rwd Wir (NC) Tropica", "p": 80.0, "s": 56.0, "year": 2014, "partner": 5009}, {"g": "m", "item": "Ind Rwd Wir (NC) Other", "p": 21.0, "s": 365.0, "year": 2014, "partner": 5009}, {"g": "m", "item": "Sawnwood (C)", "p": 39.0, "s": 7.0, "year": 2014, "partner": 5009}, {"g": "m", "item": "Sawnwood (NC)", "p": 1521.0, "s": 1623.0, "year": 2014, "partner": 5009}, {"g": "m", "item": "Ind Rwd Wir (C)", "p": 46.0, "s": 2.0, "year": 2014, "partner": 5009}, {"g": "m", "item": "Paper+-Board Ex Newsprnt", "p": 19.0, "s": 24.0, "year": 2000, "partner": 252}, {"g": "m", "item": "Sawnwood (NC)", "p": 476.0, "s": 132.0, "year": 2003, "partner": 252}, {"g": "m", "item": "Ind Rwd Wir (NC) Other", "p": 19750.0, "s": 218.0, "year": 2003, "partner": 252}, {"g": "m", "item": "Sawnwood (NC)", "p": 1014.0, "s": 399.0, "year": 2004, "partner": 252}, {"g": "m", "item": "Sawnwood (NC)", "p": 306.0, "s": 105.0, "year": 2005, "partner": 252}, {"g": "m", "item": "Ind Rwd Wir (NC) Other", "p": 10.0, "s": 9.0, "year": 2006, "partner": 252}, {"g": "m", "item": "Ind Rwd Wir (NC) Other", "p": 62.0, "s": 73.0, "year": 2007, "partner": 252}, {"g": "m", "item": "Ind Rwd Wir (NC) Other", "p": 9.0, "s": 5.0, "year": 2008, "partner": 252}, {"g": "m", "item": "Ind Rwd Wir (NC) Tropica", "p": 4.0, "s": 2.0, "year": 2009, "partner": 252}, {"g": "m", "item": "Ind Rwd Wir (NC) Other", "p": 26.0, "s": 40.0, "year": 2009, "partner": 252}, {"g": "m", "item": "Ind Rwd Wir (NC) Other", "p": 7.0, "s": 20.0, "year": 2010, "partner": 252}, {"g": "m", "item": "Sawnwood (NC)", "p": 18.0, "s": 13.0, "year": 2011, "partner": 252}, {"g": "m", "item": "Ind Rwd Wir (NC) Other", "p": 4.0, "s": 4.0, "year": 2011, "partner": 252}, {"g": "m", "item": "Sawnwood (NC)", "p": 2.0, "s": 86.0, "year": 2012, "partner": 252}, {"g": "m", "item": "Ind Rwd Wir (NC) Other", "p": 2.0, "s": 153.0, "year": 2013, "partner": 252}, {"g": "m", "item": "Sawnwood (NC)", "p": 2032.0, "s": 831.0, "year": 1998, "partner": 117}, {"g": "m", "item": "Sawnwood (NC)", "p": 2349.0, "s": 658.0, "year": 1999, "partner": 117}, {"g": "m", "item": "Sawnwood (NC)", "p": 2747.0, "s": 770.0, "year": 2000, "partner": 117}, {"g": "m", "item": "Sawnwood (NC)", "p": 1594.0, "s": 405.0, "year": 2001, "partner": 117}, {"g": "m", "item": "Sawnwood (NC)", "p": 14.0, "s": 5.0, "year": 2003, "partner": 117}, {"g": "m", "item": "Sawnwood (NC)", "p": 31.0, "s": 15.0, "year": 2004, "partner": 117}, {"g": "m", "item": "Sawnwood (NC)", "p": 139.0, "s": 40.0, "year": 2005, "partner": 117}, {"g": "m", "item": "Sawnwood (NC)", "p": 553.0, "s": 288.0, "year": 2003, "partner": 153}, {"g": "m", "item": "Plywood", "p": 12.0, "s": 4.0, "year": 2003, "partner": 153}, {"g": "m", "item": "Sawnwood (NC)", "p": 830.0, "s": 485.0, "year": 2004, "partner": 153}, {"g": "m", "item": "Plywood", "p": 13.0, "s": 5.0, "year": 2004, "partner": 153}, {"g": "m", "item": "Paper+-Board Ex Newsprnt", "p": 9.0, "s": 6.0, "year": 2005, "partner": 153}, {"g": "m", "item": "Sawnwood (NC)", "p": 761.0, "s": 344.0, "year": 2005, "partner": 153}, {"g": "m", "item": "Plywood", "p": 1.0, "s": 2.0, "year": 2005, "partner": 153}, {"g": "m", "item": "Sawnwood (NC)", "p": 1021.0, "s": 509.0, "year": 2006, "partner": 153}, {"g": "m", "item": "Sawnwood (C)", "p": 204.0, "s": 34.0, "year": 2007, "partner": 153}, {"g": "m", "item": "Sawnwood (NC)", "p": 491.0, "s": 385.0, "year": 2007, "partner": 153}, {"g": "m", "item": "Sawnwood (C)", "p": 22.0, "s": 4.0, "year": 2008, "partner": 153}, {"g": "m", "item": "Sawnwood (NC)", "p": 392.0, "s": 340.0, "year": 2008, "partner": 153}, {"g": "m", "item": "Sawnwood (C)", "p": 46.0, "s": 8.0, "year": 2010, "partner": 153}, {"g": "m", "item": "Sawnwood (NC)", "p": 354.0, "s": 248.0, "year": 2010, "partner": 153}, {"g": "m", "item": "Plywood", "p": 5.0, "s": 4.0, "year": 2010, "partner": 153}, {"g": "m", "item": "Sawnwood (NC)", "p": 121.0, "s": 101.0, "year": 2011, "partner": 153}, {"g": "m", "item": "Plywood", "p": 37.0, "s": 23.0, "year": 2011, "partner": 153}, {"g": "m", "item": "Sawnwood (NC)", "p": 40.0, "s": 38.0, "year": 2012, "partner": 153}, {"g": "m", "item": "Sawnwood (NC)", "p": 59.0, "s": 61.0, "year": 2014, "partner": 153}, {"g": "m", "item": "Ind Rwd Wir (NC) Other", "p": 53.0, "s": 109.0, "year": 2003, "partner": 100}, {"g": "m", "item": "Ind Rwd Wir (NC) Other", "p": 71.0, "s": 202.0, "year": 2004, "partner": 100}, {"g": "m", "item": "Ind Rwd Wir (NC) Other", "p": 11.0, "s": 2.0, "year": 2002, "partner": 156}, {"g": "m", "item": "Sawnwood (NC)", "p": 3.0, "s": 2.0, "year": 2005, "partner": 156}, {"g": "m", "item": "Ind Rwd Wir (NC) Tropica", "p": -112.0, "s": -22.0, "year": 1997, "partner": 254}, {"g": "m", "item": "Sawnwood (C)", "p": 0.0, "s": 0.0, "year": 1997, "partner": 254}, {"g": "m", "item": "Veneer Sheets", "p": 12.0, "s": 0.0, "year": 1997, "partner": 254}, {"g": "m", "item": "Sawnwood (NC)", "p": 0.0, "s": 0.0, "year": 1997, "partner": 254}, {"g": "m", "item": "Sawnwood (C)", "p": 0.0, "s": 0.0, "year": 1998, "partner": 254}, {"g": "m", "item": "Sawnwood (NC)", "p": 0.0, "s": 0.0, "year": 1998, "partner": 254}, {"g": "m", "item": "Ind Rwd Wir (NC) Other", "p": 0.0, "s": 0.0, "year": 1998, "partner": 254}, {"g": "m", "item": "Ind Rwd Wir (NC) Tropica", "p": 0.0, "s": 0.0, "year": 1999, "partner": 254}, {"g": "m", "item": "Sawnwood (C)", "p": 0.0, "s": 0.0, "year": 1999, "partner": 254}, {"g": "m", "item": "Sawnwood (NC)", "p": 68035.0, "s": 0.0, "year": 1999, "partner": 254}, {"g": "m", "item": "Ind Rwd Wir (NC) Other", "p": 1111.0, "s": 0.0, "year": 1999, "partner": 254}, {"g": "m", "item": "Sawnwood (C)", "p": 0.0, "s": 0.0, "year": 2000, "partner": 254}, {"g": "m", "item": "Paper+-Board Ex Newsprnt", "p": 0.0, "s": 0.0, "year": 2000, "partner": 254}, {"g": "m", "item": "Sawnwood (NC)", "p": 2532.0, "s": -168.0, "year": 2000, "partner": 254}, {"g": "m", "item": "Ind Rwd Wir (NC) Tropica", "p": -174.0, "s": -31.0, "year": 2001, "partner": 254}, {"g": "m", "item": "Sawnwood (C)", "p": 0.0, "s": 0.0, "year": 2001, "partner": 254}, {"g": "m", "item": "Sawnwood (NC)", "p": -34.0, "s": 0.0, "year": 2001, "partner": 254}, {"g": "m", "item": "Sawnwood (C)", "p": 0.0, "s": 0.0, "year": 2002, "partner": 254}, {"g": "m", "item": "Sawnwood (NC)", "p": -817.0, "s": -204.0, "year": 2002, "partner": 254}, {"g": "m", "item": "Ind Rwd Wir (NC) Other", "p": 139.0, "s": 16.0, "year": 2002, "partner": 254}, {"g": "m", "item": "Ind Rwd Wir (NC) Tropica", "p": 0.0, "s": 0.0, "year": 2003, "partner": 254}, {"g": "m", "item": "Sawnwood (NC)", "p": 0.0, "s": 38.0, "year": 2003, "partner": 254}, {"g": "m", "item": "Ind Rwd Wir (NC) Other", "p": 0.0, "s": 0.0, "year": 2003, "partner": 254}, {"g": "m", "item": "Plywood", "p": 0.0, "s": 0.0, "year": 2003, "partner": 254}, {"g": "m", "item": "Fibreboard", "p": -200.0, "s": 0.0, "year": 2004, "partner": 254}, {"g": "m", "item": "Ind Rwd Wir (NC) Other", "p": 4151.0, "s": 0.0, "year": 2004, "partner": 254}, {"g": "m", "item": "Sawnwood (C)", "p": 132.0, "s": 0.0, "year": 2004, "partner": 254}, {"g": "m", "item": "Sawnwood (NC)", "p": 3908.0, "s": 0.0, "year": 2004, "partner": 254}, {"g": "m", "item": "Plywood", "p": 1.0, "s": 0.0, "year": 2004, "partner": 254}, {"g": "m", "item": "Sawnwood (NC)", "p": 7231.0, "s": 2007.0, "year": 2005, "partner": 254}, {"g": "m", "item": "Ind Rwd Wir (NC) Other", "p": 4208.0, "s": 227.0, "year": 2005, "partner": 254}, {"g": "m", "item": "Plywood", "p": 13.0, "s": 3.0, "year": 2005, "partner": 254}, {"g": "m", "item": "Sawnwood (NC)", "p": 7974.0, "s": 2225.0, "year": 2006, "partner": 254}, {"g": "m", "item": "Ind Rwd Wir (NC) Other", "p": 4258.0, "s": 243.0, "year": 2006, "partner": 254}, {"g": "m", "item": "Paper+-Board Ex Newsprnt", "p": 9.0, "s": 6.0, "year": 2007, "partner": 254}, {"g": "m", "item": "Sawnwood (NC)", "p": 0.0, "s": 20.0, "year": 2007, "partner": 254}, {"g": "m", "item": "Ind Rwd Wir (NC) Other", "p": 0.0, "s": 7.0, "year": 2007, "partner": 254}, {"g": "m", "item": "Ind Rwd Wir (NC) Tropica", "p": 0.0, "s": 0.0, "year": 2008, "partner": 254}, {"g": "m", "item": "Sawnwood (C)", "p": 0.0, "s": 0.0, "year": 2008, "partner": 254}, {"g": "m", "item": "Sawnwood (NC)", "p": 0.0, "s": 0.0, "year": 2008, "partner": 254}, {"g": "m", "item": "Ind Rwd Wir (NC) Other", "p": 0.0, "s": 7.0, "year": 2008, "partner": 254}, {"g": "m", "item": "Ind Rwd Wir (NC) Tropica", "p": 0.0, "s": 0.0, "year": 2009, "partner": 254}, {"g": "m", "item": "Sawnwood (NC)", "p": 0.0, "s": 0.0, "year": 2009, "partner": 254}, {"g": "m", "item": "Ind Rwd Wir (NC) Other", "p": 0.0, "s": 0.0, "year": 2009, "partner": 254}, {"g": "m", "item": "Sawnwood (C)", "p": 0.0, "s": 0.0, "year": 2010, "partner": 254}, {"g": "m", "item": "Sawnwood (NC)", "p": 0.0, "s": 0.0, "year": 2010, "partner": 254}, {"g": "m", "item": "Ind Rwd Wir (NC) Other", "p": 0.0, "s": 0.0, "year": 2010, "partner": 254}, {"g": "m", "item": "Plywood", "p": 0.0, "s": 0.0, "year": 2010, "partner": 254}, {"g": "m", "item": "Chips and Particles", "p": 184.0, "s": 623.0, "year": 2011, "partner": 254}, {"g": "m", "item": "Ind Rwd Wir (NC) Tropica", "p": 0.0, "s": 0.0, "year": 2011, "partner": 254}, {"g": "m", "item": "Ind Rwd Wir (NC) Other", "p": 1.0, "s": 64.0, "year": 2011, "partner": 254}, {"g": "m", "item": "Sawnwood (C)", "p": -832.0, "s": -136.0, "year": 2011, "partner": 254}, {"g": "m", "item": "Sawnwood (NC)", "p": -453.0, "s": -413.0, "year": 2011, "partner": 254}, {"g": "m", "item": "Plywood", "p": -29.0, "s": -19.0, "year": 2011, "partner": 254}, {"g": "m", "item": "Ind Rwd Wir (NC) Other", "p": 0.0, "s": 241.0, "year": 2012, "partner": 254}, {"g": "m", "item": "Sawnwood (C)", "p": 0.0, "s": 0.0, "year": 2012, "partner": 254}, {"g": "m", "item": "Sawnwood (NC)", "p": 0.0, "s": 34.0, "year": 2012, "partner": 254}, {"g": "m", "item": "Ind Rwd Wir (C)", "p": 0.0, "s": 0.0, "year": 2012, "partner": 254}, {"g": "m", "item": "Paper+-Board Ex Newsprnt", "p": 212.0, "s": 15.0, "year": 2012, "partner": 254}, {"g": "m", "item": "Ind Rwd Wir (NC) Other", "p": 0.0, "s": 0.0, "year": 2013, "partner": 254}, {"g": "m", "item": "Sawnwood (C)", "p": 0.0, "s": 0.0, "year": 2013, "partner": 254}, {"g": "m", "item": "Sawnwood (NC)", "p": 0.0, "s": 2.0, "year": 2013, "partner": 254}, {"g": "m", "item": "Plywood", "p": 0.0, "s": 0.0, "year": 2013, "partner": 254}, {"g": "m", "item": "Paper+-Board Ex Newsprnt", "p": 219.0, "s": 42.0, "year": 2013, "partner": 254}, {"g": "m", "item": "Ind Rwd Wir (NC) Tropica", "p": 0.0, "s": 0.0, "year": 2014, "partner": 254}, {"g": "m", "item": "Ind Rwd Wir (NC) Other", "p": 1.0, "s": 51.0, "year": 2014, "partner": 254}, {"g": "m", "item": "Sawnwood (C)", "p": 0.0, "s": 0.0, "year": 2014, "partner": 254}, {"g": "m", "item": "Sawnwood (NC)", "p": 0.0, "s": 0.0, "year": 2014, "partner": 254}, {"g": "m", "item": "Ind Rwd Wir (C)", "p": 0.0, "s": 0.0, "year": 2014, "partner": 254}, {"g": "m", "item": "Sawnwood (NC)", "p": 309.0, "s": 148.0, "year": 1998, "partner": 351}, {"g": "m", "item": "Ind Rwd Wir (NC) Tropica", "p": 3.0, "s": 1.0, "year": 1999, "partner": 351}, {"g": "m", "item": "Sawnwood (NC)", "p": 210.0, "s": 86.0, "year": 1999, "partner": 351}, {"g": "m", "item": "Sawnwood (NC)", "p": 2449.0, "s": 613.0, "year": 2000, "partner": 351}, {"g": "m", "item": "Sawnwood (NC)", "p": 1787.0, "s": 561.0, "year": 2001, "partner": 351}, {"g": "m", "item": "Sawnwood (NC)", "p": 3681.0, "s": 1100.0, "year": 2002, "partner": 351}, {"g": "m", "item": "Sawnwood (NC)", "p": 2201.0, "s": 845.0, "year": 2003, "partner": 351}, {"g": "m", "item": "Sawnwood (NC)", "p": 2151.0, "s": 796.0, "year": 2004, "partner": 351}, {"g": "m", "item": "Sawnwood (NC)", "p": 91.0, "s": 39.0, "year": 2005, "partner": 351}, {"g": "m", "item": "Ind Rwd Wir (NC) Tropica", "p": 30.0, "s": 25.0, "year": 2008, "partner": 351}, {"g": "m", "item": "Sawnwood (NC)", "p": 8.0, "s": 10.0, "year": 2008, "partner": 351}, {"g": "m", "item": "Ind Rwd Wir (NC) Tropica", "p": 11.0, "s": 9.0, "year": 2009, "partner": 351}, {"g": "m", "item": "Ind Rwd Wir (NC) Tropica", "p": 48.0, "s": 20.0, "year": 2011, "partner": 351}, {"g": "m", "item": "Sawnwood (NC)", "p": 34.0, "s": 33.0, "year": 2011, "partner": 351}, {"g": "m", "item": "Ind Rwd Wir (NC) Other", "p": 27.0, "s": 239.0, "year": 2012, "partner": 351}, {"g": "m", "item": "Sawnwood (NC)", "p": 56.0, "s": 51.0, "year": 2013, "partner": 351}, {"g": "m", "item": "Ind Rwd Wir (NC) Other", "p": 36.0, "s": 521.0, "year": 2013, "partner": 351}, {"g": "m", "item": "Ind Rwd Wir (NC) Tropica", "p": 80.0, "s": 56.0, "year": 2014, "partner": 351}, {"g": "m", "item": "Sawnwood (C)", "p": 39.0, "s": 7.0, "year": 2014, "partner": 351}, {"g": "m", "item": "Sawnwood (NC)", "p": 1424.0, "s": 1518.0, "year": 2014, "partner": 351}, {"g": "m", "item": "Ind Rwd Wir (NC) Other", "p": 20.0, "s": 314.0, "year": 2014, "partner": 351}, {"g": "f", "item": "Paper+-Board Ex Newsprnt", "p": 2.0, "s": 1.0, "year": 2003, "partner": 131}, {"g": "f", "item": "Paper+-Board Ex Newsprnt", "p": 4.0, "s": 2.0, "year": 2006, "partner": 131}, {"g": "f", "item": "Paper+-Board Ex Newsprnt", "p": 7.0, "s": 2.0, "year": 2007, "partner": 131}, {"g": "f", "item": "Paper+-Board Ex Newsprnt", "p": 5.0, "s": 7.0, "year": 2009, "partner": 131}, {"g": "f", "item": "Paper+-Board Ex Newsprnt", "p": 3.0, "s": 4.0, "year": 2010, "partner": 131}, {"g": "f", "item": "Paper+-Board Ex Newsprnt", "p": 16.0, "s": 33.0, "year": 2011, "partner": 131}, {"g": "f", "item": "Paper+-Board Ex Newsprnt", "p": 1.0, "s": 3.0, "year": 2012, "partner": 131}, {"g": "f", "item": "Paper+-Board Ex Newsprnt", "p": 46.0, "s": 68.0, "year": 1997, "partner": 10}, {"g": "f", "item": "Veneer Sheets", "p": 3.0, "s": 1.0, "year": 1997, "partner": 10}, {"g": "f", "item": "Particle Board", "p": 6.0, "s": 3.0, "year": 1997, "partner": 10}, {"g": "f", "item": "Plywood", "p": 2.0, "s": 2.0, "year": 1997, "partner": 10}, {"g": "f", "item": "Paper+-Board Ex Newsprnt", "p": 35.0, "s": 55.0, "year": 1998, "partner": 10}, {"g": "f", "item": "Ind Rwd Wir (C)", "p": 23.0, "s": 2.0, "year": 1998, "partner": 10}, {"g": "f", "item": "Plywood", "p": 8.0, "s": 15.0, "year": 1998, "partner": 10}, {"g": "f", "item": "Sawnwood (C)", "p": 13.0, "s": 2.0, "year": 1999, "partner": 10}, {"g": "f", "item": "Paper+-Board Ex Newsprnt", "p": 64.0, "s": 94.0, "year": 1999, "partner": 10}, {"g": "f", "item": "Particle Board", "p": 8.0, "s": 2.0, "year": 1999, "partner": 10}, {"g": "f", "item": "Plywood", "p": 15.0, "s": 6.0, "year": 1999, "partner": 10}, {"g": "f", "item": "Veneer Sheets", "p": 8.0, "s": 4.0, "year": 2000, "partner": 10}, {"g": "f", "item": "Ind Rwd Wir (NC) Other", "p": 21.0, "s": 6.0, "year": 2000, "partner": 10}, {"g": "f", "item": "Paper+-Board Ex Newsprnt", "p": 50.0, "s": 63.0, "year": 2000, "partner": 10}, {"g": "f", "item": "Wood Pulp", "p": 1.0, "s": 0.0, "year": 2001, "partner": 10}, {"g": "f", "item": "Fibreboard", "p": 10.0, "s": 2.0, "year": 2001, "partner": 10}, {"g": "f", "item": "Particle Board", "p": 1.0, "s": 3.0, "year": 2001, "partner": 10}, {"g": "f", "item": "Sawnwood (C)", "p": 419.0, "s": 18.0, "year": 2001, "partner": 10}, {"g": "f", "item": "Plywood", "p": 108.0, "s": 14.0, "year": 2001, "partner": 10}, {"g": "f", "item": "Paper+-Board Ex Newsprnt", "p": 44.0, "s": 43.0, "year": 2001, "partner": 10}, {"g": "f", "item": "Sawnwood (C)", "p": 3.0, "s": 3.0, "year": 2002, "partner": 10}, {"g": "f", "item": "Paper+-Board Ex Newsprnt", "p": 4.0, "s": 14.0, "year": 2002, "partner": 10}, {"g": "f", "item": "Sawnwood (NC)", "p": 363.0, "s": 2.0, "year": 2002, "partner": 10}, {"g": "f", "item": "Plywood", "p": 21.0, "s": 7.0, "year": 2002, "partner": 10}, {"g": "f", "item": "Paper+-Board Ex Newsprnt", "p": 45.0, "s": 69.0, "year": 2003, "partner": 10}, {"g": "f", "item": "Ind Rwd Wir (NC) Tropica", "p": 23.0, "s": 16.0, "year": 2004, "partner": 10}, {"g": "f", "item": "Paper+-Board Ex Newsprnt", "p": 30.0, "s": 36.0, "year": 2004, "partner": 10}, {"g": "f", "item": "Fibreboard", "p": 5.0, "s": 3.0, "year": 2005, "partner": 10}, {"g": "f", "item": "Veneer Sheets", "p": 4.0, "s": 7.0, "year": 2005, "partner": 10}, {"g": "f", "item": "Sawnwood (C)", "p": 273.0, "s": 48.0, "year": 2005, "partner": 10}, {"g": "f", "item": "Sawnwood (NC)", "p": 22.0, "s": 9.0, "year": 2005, "partner": 10}, {"g": "f", "item": "Plywood", "p": 53.0, "s": 33.0, "year": 2005, "partner": 10}, {"g": "f", "item": "Paper+-Board Ex Newsprnt", "p": 7.0, "s": 17.0, "year": 2005, "partner": 10}, {"g": "f", "item": "Paper+-Board Ex Newsprnt", "p": 37.0, "s": 41.0, "year": 2006, "partner": 10}, {"g": "f", "item": "Veneer Sheets", "p": 5.0, "s": 10.0, "year": 2006, "partner": 10}, {"g": "f", "item": "Fibreboard", "p": 4.0, "s": 2.0, "year": 2006, "partner": 10}, {"g": "f", "item": "Particle Board", "p": 2.0, "s": 2.0, "year": 2007, "partner": 10}, {"g": "f", "item": "Veneer Sheets", "p": 1.0, "s": 3.0, "year": 2007, "partner": 10}, {"g": "f", "item": "Ind Rwd Wir (NC) Other", "p": 16.0, "s": 5.0, "year": 2007, "partner": 10}, {"g": "f", "item": "Paper+-Board Ex Newsprnt", "p": 33.0, "s": 48.0, "year": 2007, "partner": 10}, {"g": "f", "item": "Chips and Particles", "p": 28.0, "s": 15.0, "year": 2008, "partner": 10}, {"g": "f", "item": "Fibreboard", "p": 9.0, "s": 9.0, "year": 2008, "partner": 10}, {"g": "f", "item": "Particle Board", "p": 18.0, "s": 9.0, "year": 2008, "partner": 10}, {"g": "f", "item": "Ind Rwd Wir (C)", "p": 79.0, "s": 5.0, "year": 2008, "partner": 10}, {"g": "f", "item": "Paper+-Board Ex Newsprnt", "p": 5.0, "s": 13.0, "year": 2008, "partner": 10}, {"g": "f", "item": "Plywood", "p": 7.0, "s": 12.0, "year": 2008, "partner": 10}, {"g": "f", "item": "Fibreboard", "p": 7.0, "s": 6.0, "year": 2009, "partner": 10}, {"g": "f", "item": "Particle Board", "p": 21.0, "s": 14.0, "year": 2009, "partner": 10}, {"g": "f", "item": "Sawnwood (C)", "p": 38.0, "s": 7.0, "year": 2009, "partner": 10}, {"g": "f", "item": "Sawnwood (NC)", "p": 5.0, "s": 4.0, "year": 2009, "partner": 10}, {"g": "f", "item": "Ind Rwd Wir (C)", "p": 1.0, "s": 0.0, "year": 2009, "partner": 10}, {"g": "f", "item": "Paper+-Board Ex Newsprnt", "p": 374.0, "s": 50.0, "year": 2009, "partner": 10}, {"g": "f", "item": "Plywood", "p": 6.0, "s": 7.0, "year": 2009, "partner": 10}, {"g": "f", "item": "Particle Board", "p": 98.0, "s": 42.0, "year": 2010, "partner": 10}, {"g": "f", "item": "Sawnwood (C)", "p": 29.0, "s": 5.0, "year": 2010, "partner": 10}, {"g": "f", "item": "Sawnwood (NC)", "p": 90.0, "s": 77.0, "year": 2010, "partner": 10}, {"g": "f", "item": "Plywood", "p": 12.0, "s": 17.0, "year": 2010, "partner": 10}, {"g": "f", "item": "Paper+-Board Ex Newsprnt", "p": 33.0, "s": 46.0, "year": 2010, "partner": 10}, {"g": "f", "item": "Fibreboard", "p": 2.0, "s": 4.0, "year": 2011, "partner": 10}, {"g": "f", "item": "Veneer Sheets", "p": 15.0, "s": 11.0, "year": 2011, "partner": 10}, {"g": "f", "item": "Particle Board", "p": 7.0, "s": 18.0, "year": 2011, "partner": 10}, {"g": "f", "item": "Sawnwood (C)", "p": 564.0, "s": 98.0, "year": 2011, "partner": 10}, {"g": "f", "item": "Sawnwood (NC)", "p": 7.0, "s": 32.0, "year": 2011, "partner": 10}, {"g": "f", "item": "Ind Rwd Wir (C)", "p": 18.0, "s": 1.0, "year": 2011, "partner": 10}, {"g": "f", "item": "Paper+-Board Ex Newsprnt", "p": 52.0, "s": 166.0, "year": 2011, "partner": 10}, {"g": "f", "item": "Plywood", "p": 87.0, "s": 88.0, "year": 2011, "partner": 10}, {"g": "f", "item": "Paper+-Board Ex Newsprnt", "p": 4.0, "s": 38.0, "year": 2012, "partner": 10}, {"g": "f", "item": "Plywood", "p": 6.0, "s": 60.0, "year": 2012, "partner": 10}, {"g": "f", "item": "Sawnwood (C)", "p": 111.0, "s": 19.0, "year": 2013, "partner": 10}, {"g": "f", "item": "Paper+-Board Ex Newsprnt", "p": 15.0, "s": 19.0, "year": 2013, "partner": 10}, {"g": "f", "item": "Plywood", "p": 15.0, "s": 20.0, "year": 2013, "partner": 10}, {"g": "f", "item": "Fibreboard", "p": 5.0, "s": 5.0, "year": 2013, "partner": 10}, {"g": "f", "item": "Sawnwood (C)", "p": 122.0, "s": 21.0, "year": 2014, "partner": 10}, {"g": "f", "item": "Paper+-Board Ex Newsprnt", "p": 18.0, "s": 16.0, "year": 2014, "partner": 10}, {"g": "f", "item": "Particle Board", "p": 8.0, "s": 10.0, "year": 2014, "partner": 10}, {"g": "f", "item": "Plywood", "p": 6.0, "s": 16.0, "year": 2014, "partner": 10}, {"g": "f", "item": "Fibreboard", "p": 169.0, "s": 51.0, "year": 1997, "partner": 5009}, {"g": "f", "item": "Veneer Sheets", "p": 3.0, "s": 1.0, "year": 1997, "partner": 5009}, {"g": "f", "item": "Particle Board", "p": 6.0, "s": 3.0, "year": 1997, "partner": 5009}, {"g": "f", "item": "Sawnwood (C)", "p": 5.0, "s": 1.0, "year": 1997, "partner": 5009}, {"g": "f", "item": "Sawnwood (NC)", "p": 16.0, "s": 4.0, "year": 1997, "partner": 5009}, {"g": "f", "item": "Plywood", "p": 339.0, "s": 119.0, "year": 1997, "partner": 5009}, {"g": "f", "item": "Paper+-Board Ex Newsprnt", "p": 78.0, "s": 103.0, "year": 1997, "partner": 5009}, {"g": "f", "item": "Fibreboard", "p": 61.0, "s": 25.0, "year": 1998, "partner": 5009}, {"g": "f", "item": "Particle Board", "p": 42.0, "s": 13.0, "year": 1998, "partner": 5009}, {"g": "f", "item": "Newsprint", "p": 25.0, "s": 16.0, "year": 1998, "partner": 5009}, {"g": "f", "item": "Sawnwood (C)", "p": 721.0, "s": 140.0, "year": 1998, "partner": 5009}, {"g": "f", "item": "Sawnwood (NC)", "p": 1.0, "s": 1.0, "year": 1998, "partner": 5009}, {"g": "f", "item": "Ind Rwd Wir (C)", "p": 23.0, "s": 2.0, "year": 1998, "partner": 5009}, {"g": "f", "item": "Paper+-Board Ex Newsprnt", "p": 188.0, "s": 229.0, "year": 1998, "partner": 5009}, {"g": "f", "item": "Plywood", "p": 322.0, "s": 143.0, "year": 1998, "partner": 5009}, {"g": "f", "item": "Fibreboard", "p": 2925.0, "s": 63.0, "year": 1999, "partner": 5009}, {"g": "f", "item": "Particle Board", "p": 16.0, "s": 3.0, "year": 1999, "partner": 5009}, {"g": "f", "item": "Veneer Sheets", "p": 10.0, "s": 5.0, "year": 1999, "partner": 5009}, {"g": "f", "item": "Newsprint", "p": 18.0, "s": 11.0, "year": 1999, "partner": 5009}, {"g": "f", "item": "Sawnwood (C)", "p": 1261.0, "s": 162.0, "year": 1999, "partner": 5009}, {"g": "f", "item": "Sawnwood (NC)", "p": 90.0, "s": 4.0, "year": 1999, "partner": 5009}, {"g": "f", "item": "Ind Rwd Wir (C)", "p": 82.0, "s": 26.0, "year": 1999, "partner": 5009}, {"g": "f", "item": "Paper+-Board Ex Newsprnt", "p": 234.0, "s": 263.0, "year": 1999, "partner": 5009}, {"g": "f", "item": "Plywood", "p": 110.0, "s": 47.0, "year": 1999, "partner": 5009}, {"g": "f", "item": "Fibreboard", "p": 820.0, "s": 67.0, "year": 2000, "partner": 5009}, {"g": "f", "item": "Ind Rwd Wir (NC) Other", "p": 0.0, "s": 0.0, "year": 2000, "partner": 5009}, {"g": "f", "item": "Veneer Sheets", "p": 10.0, "s": 5.0, "year": 2000, "partner": 5009}, {"g": "f", "item": "Particle Board", "p": 300.0, "s": 83.0, "year": 2000, "partner": 5009}, {"g": "f", "item": "Sawnwood (C)", "p": 100.0, "s": 46.0, "year": 2000, "partner": 5009}, {"g": "f", "item": "Newsprint", "p": 7.0, "s": 11.0, "year": 2000, "partner": 5009}, {"g": "f", "item": "Plywood", "p": 400.0, "s": 227.0, "year": 2000, "partner": 5009}, {"g": "f", "item": "Paper+-Board Ex Newsprnt", "p": 340.0, "s": 489.0, "year": 2000, "partner": 5009}, {"g": "f", "item": "Wood Pulp", "p": 500.0, "s": 325.0, "year": 2001, "partner": 5009}, {"g": "f", "item": "Fibreboard", "p": 750.0, "s": 63.0, "year": 2001, "partner": 5009}, {"g": "f", "item": "Particle Board", "p": 300.0, "s": 83.0, "year": 2001, "partner": 5009}, {"g": "f", "item": "Newsprint", "p": 1000.0, "s": 440.0, "year": 2001, "partner": 5009}, {"g": "f", "item": "Sawnwood (C)", "p": 1200.0, "s": 337.0, "year": 2001, "partner": 5009}, {"g": "f", "item": "Sawnwood (NC)", "p": 700.0, "s": 180.0, "year": 2001, "partner": 5009}, {"g": "f", "item": "Plywood", "p": 400.0, "s": 227.0, "year": 2001, "partner": 5009}, {"g": "f", "item": "Paper+-Board Ex Newsprnt", "p": 320.0, "s": 492.0, "year": 2001, "partner": 5009}, {"g": "f", "item": "Fibreboard", "p": 412.0, "s": 13.0, "year": 2002, "partner": 5009}, {"g": "f", "item": "Particle Board", "p": 1.0, "s": 1.0, "year": 2002, "partner": 5009}, {"g": "f", "item": "Newsprint", "p": 1000.0, "s": 440.0, "year": 2002, "partner": 5009}, {"g": "f", "item": "Sawnwood (C)", "p": 1200.0, "s": 337.0, "year": 2002, "partner": 5009}, {"g": "f", "item": "Sawnwood (NC)", "p": 700.0, "s": 180.0, "year": 2002, "partner": 5009}, {"g": "f", "item": "Plywood", "p": 540.0, "s": 143.0, "year": 2002, "partner": 5009}, {"g": "f", "item": "Paper+-Board Ex Newsprnt", "p": 188.0, "s": 344.0, "year": 2002, "partner": 5009}, {"g": "f", "item": "Ind Rwd Wir (NC) Tropica", "p": 57.0, "s": 30.0, "year": 2003, "partner": 5009}, {"g": "f", "item": "Fibreboard", "p": 476.0, "s": 45.0, "year": 2003, "partner": 5009}, {"g": "f", "item": "Particle Board", "p": 1.0, "s": 2.0, "year": 2003, "partner": 5009}, {"g": "f", "item": "Sawnwood (C)", "p": 974.0, "s": 170.0, "year": 2003, "partner": 5009}, {"g": "f", "item": "Plywood", "p": 269.0, "s": 150.0, "year": 2003, "partner": 5009}, {"g": "f", "item": "Paper+-Board Ex Newsprnt", "p": 272.0, "s": 449.0, "year": 2003, "partner": 5009}, {"g": "f", "item": "Ind Rwd Wir (NC) Tropica", "p": 98.0, "s": 16.0, "year": 2004, "partner": 5009}, {"g": "f", "item": "Fibreboard", "p": 104.0, "s": 19.0, "year": 2004, "partner": 5009}, {"g": "f", "item": "Ind Rwd Wir (NC) Other", "p": 1361.0, "s": 90.0, "year": 2004, "partner": 5009}, {"g": "f", "item": "Sawnwood (C)", "p": 2298.0, "s": 400.0, "year": 2004, "partner": 5009}, {"g": "f", "item": "Newsprint", "p": 20.0, "s": 10.0, "year": 2004, "partner": 5009}, {"g": "f", "item": "Plywood", "p": 207.0, "s": 74.0, "year": 2004, "partner": 5009}, {"g": "f", "item": "Sawnwood (NC)", "p": 25.0, "s": 7.0, "year": 2004, "partner": 5009}, {"g": "f", "item": "Paper+-Board Ex Newsprnt", "p": 529.0, "s": 442.0, "year": 2004, "partner": 5009}, {"g": "f", "item": "Fibreboard", "p": 104.0, "s": 19.0, "year": 2005, "partner": 5009}, {"g": "f", "item": "Particle Board", "p": 1.0, "s": 2.0, "year": 2005, "partner": 5009}, {"g": "f", "item": "Veneer Sheets", "p": 47.0, "s": 37.0, "year": 2005, "partner": 5009}, {"g": "f", "item": "Newsprint", "p": 20.0, "s": 10.0, "year": 2005, "partner": 5009}, {"g": "f", "item": "Sawnwood (C)", "p": 2298.0, "s": 400.0, "year": 2005, "partner": 5009}, {"g": "f", "item": "Sawnwood (NC)", "p": 25.0, "s": 7.0, "year": 2005, "partner": 5009}, {"g": "f", "item": "Ind Rwd Wir (C)", "p": 92.0, "s": 6.0, "year": 2005, "partner": 5009}, {"g": "f", "item": "Paper+-Board Ex Newsprnt", "p": 529.0, "s": 442.0, "year": 2005, "partner": 5009}, {"g": "f", "item": "Plywood", "p": 207.0, "s": 74.0, "year": 2005, "partner": 5009}, {"g": "f", "item": "Fibreboard", "p": 104.0, "s": 19.0, "year": 2006, "partner": 5009}, {"g": "f", "item": "Veneer Sheets", "p": 47.0, "s": 37.0, "year": 2006, "partner": 5009}, {"g": "f", "item": "Particle Board", "p": 1.0, "s": 2.0, "year": 2006, "partner": 5009}, {"g": "f", "item": "Sawnwood (C)", "p": 2298.0, "s": 400.0, "year": 2006, "partner": 5009}, {"g": "f", "item": "Sawnwood (NC)", "p": 25.0, "s": 7.0, "year": 2006, "partner": 5009}, {"g": "f", "item": "Ind Rwd Wir (C)", "p": 92.0, "s": 6.0, "year": 2006, "partner": 5009}, {"g": "f", "item": "Paper+-Board Ex Newsprnt", "p": 529.0, "s": 442.0, "year": 2006, "partner": 5009}, {"g": "f", "item": "Plywood", "p": 207.0, "s": 74.0, "year": 2006, "partner": 5009}, {"g": "f", "item": "Fibreboard", "p": 289.0, "s": 125.0, "year": 2007, "partner": 5009}, {"g": "f", "item": "Ind Rwd Wir (NC) Other", "p": 16.0, "s": 5.0, "year": 2007, "partner": 5009}, {"g": "f", "item": "Veneer Sheets", "p": 47.0, "s": 61.0, "year": 2007, "partner": 5009}, {"g": "f", "item": "Particle Board", "p": 3.0, "s": 3.0, "year": 2007, "partner": 5009}, {"g": "f", "item": "Sawnwood (C)", "p": 5260.0, "s": 915.0, "year": 2007, "partner": 5009}, {"g": "f", "item": "Sawnwood (NC)", "p": 14.0, "s": 10.0, "year": 2007, "partner": 5009}, {"g": "f", "item": "Ind Rwd Wir (C)", "p": 20.0, "s": 1.0, "year": 2007, "partner": 5009}, {"g": "f", "item": "Paper+-Board Ex Newsprnt", "p": 256.0, "s": 367.0, "year": 2007, "partner": 5009}, {"g": "f", "item": "Plywood", "p": 132.0, "s": 397.0, "year": 2007, "partner": 5009}, {"g": "f", "item": "Chips and Particles", "p": 28.0, "s": 15.0, "year": 2008, "partner": 5009}, {"g": "f", "item": "Fibreboard", "p": 457.0, "s": 197.0, "year": 2008, "partner": 5009}, {"g": "f", "item": "Veneer Sheets", "p": 205.0, "s": 175.0, "year": 2008, "partner": 5009}, {"g": "f", "item": "Particle Board", "p": 29.0, "s": 15.0, "year": 2008, "partner": 5009}, {"g": "f", "item": "Sawnwood (C)", "p": 6285.0, "s": 1094.0, "year": 2008, "partner": 5009}, {"g": "f", "item": "Newsprint", "p": 9.0, "s": 11.0, "year": 2008, "partner": 5009}, {"g": "f", "item": "Ind Rwd Wir (C)", "p": 79.0, "s": 5.0, "year": 2008, "partner": 5009}, {"g": "f", "item": "Paper+-Board Ex Newsprnt", "p": 237.0, "s": 391.0, "year": 2008, "partner": 5009}, {"g": "f", "item": "Plywood", "p": 377.0, "s": 331.0, "year": 2008, "partner": 5009}, {"g": "f", "item": "Fibreboard", "p": 106.0, "s": 44.0, "year": 2009, "partner": 5009}, {"g": "f", "item": "Veneer Sheets", "p": 334.0, "s": 260.0, "year": 2009, "partner": 5009}, {"g": "f", "item": "Particle Board", "p": 34.0, "s": 21.0, "year": 2009, "partner": 5009}, {"g": "f", "item": "Sawnwood (C)", "p": 8907.0, "s": 1550.0, "year": 2009, "partner": 5009}, {"g": "f", "item": "Sawnwood (NC)", "p": 11.0, "s": 6.0, "year": 2009, "partner": 5009}, {"g": "f", "item": "Ind Rwd Wir (C)", "p": 291.0, "s": 18.0, "year": 2009, "partner": 5009}, {"g": "f", "item": "Paper+-Board Ex Newsprnt", "p": 713.0, "s": 628.0, "year": 2009, "partner": 5009}, {"g": "f", "item": "Plywood", "p": 287.0, "s": 274.0, "year": 2009, "partner": 5009}, {"g": "f", "item": "Fibreboard", "p": 435.0, "s": 176.0, "year": 2010, "partner": 5009}, {"g": "f", "item": "Veneer Sheets", "p": 73.0, "s": 183.0, "year": 2010, "partner": 5009}, {"g": "f", "item": "Particle Board", "p": 100.0, "s": 45.0, "year": 2010, "partner": 5009}, {"g": "f", "item": "Sawnwood (C)", "p": 11449.0, "s": 1992.0, "year": 2010, "partner": 5009}, {"g": "f", "item": "Sawnwood (NC)", "p": 91.0, "s": 78.0, "year": 2010, "partner": 5009}, {"g": "f", "item": "Ind Rwd Wir (C)", "p": 45.0, "s": 3.0, "year": 2010, "partner": 5009}, {"g": "f", "item": "Paper+-Board Ex Newsprnt", "p": 453.0, "s": 653.0, "year": 2010, "partner": 5009}, {"g": "f", "item": "Plywood", "p": 427.0, "s": 334.0, "year": 2010, "partner": 5009}, {"g": "f", "item": "Fibreboard", "p": 197.0, "s": 100.0, "year": 2011, "partner": 5009}, {"g": "f", "item": "Particle Board", "p": 47.0, "s": 41.0, "year": 2011, "partner": 5009}, {"g": "f", "item": "Veneer Sheets", "p": 193.0, "s": 233.0, "year": 2011, "partner": 5009}, {"g": "f", "item": "Newsprint", "p": 9.0, "s": 11.0, "year": 2011, "partner": 5009}, {"g": "f", "item": "Sawnwood (C)", "p": 11858.0, "s": 2063.0, "year": 2011, "partner": 5009}, {"g": "f", "item": "Sawnwood (NC)", "p": 4.0, "s": 21.0, "year": 2011, "partner": 5009}, {"g": "f", "item": "Ind Rwd Wir (C)", "p": 45.0, "s": 3.0, "year": 2011, "partner": 5009}, {"g": "f", "item": "Paper+-Board Ex Newsprnt", "p": 688.0, "s": 1055.0, "year": 2011, "partner": 5009}, {"g": "f", "item": "Plywood", "p": 858.0, "s": 687.0, "year": 2011, "partner": 5009}, {"g": "f", "item": "Fibreboard", "p": 308.0, "s": 156.0, "year": 2012, "partner": 5009}, {"g": "f", "item": "Particle Board", "p": 31.0, "s": 25.0, "year": 2012, "partner": 5009}, {"g": "f", "item": "Veneer Sheets", "p": 121.0, "s": 123.0, "year": 2012, "partner": 5009}, {"g": "f", "item": "Newsprint", "p": 2.0, "s": 2.0, "year": 2012, "partner": 5009}, {"g": "f", "item": "Sawnwood (C)", "p": 13779.0, "s": 2398.0, "year": 2012, "partner": 5009}, {"g": "f", "item": "Sawnwood (NC)", "p": 2.0, "s": 4.0, "year": 2012, "partner": 5009}, {"g": "f", "item": "Plywood", "p": 479.0, "s": 669.0, "year": 2012, "partner": 5009}, {"g": "f", "item": "Paper+-Board Ex Newsprnt", "p": 383.0, "s": 615.0, "year": 2012, "partner": 5009}, {"g": "f", "item": "Fibreboard", "p": 293.0, "s": 153.0, "year": 2013, "partner": 5009}, {"g": "f", "item": "Ind Rwd Wir (NC) Other", "p": 14.0, "s": 5.0, "year": 2013, "partner": 5009}, {"g": "f", "item": "Veneer Sheets", "p": 9.0, "s": 10.0, "year": 2013, "partner": 5009}, {"g": "f", "item": "Particle Board", "p": 12.0, "s": 7.0, "year": 2013, "partner": 5009}, {"g": "f", "item": "Sawnwood (C)", "p": 14092.0, "s": 2452.0, "year": 2013, "partner": 5009}, {"g": "f", "item": "Sawnwood (NC)", "p": 9.0, "s": 22.0, "year": 2013, "partner": 5009}, {"g": "f", "item": "Plywood", "p": 936.0, "s": 831.0, "year": 2013, "partner": 5009}, {"g": "f", "item": "Paper+-Board Ex Newsprnt", "p": 427.0, "s": 602.0, "year": 2013, "partner": 5009}, {"g": "f", "item": "Fibreboard", "p": 211.0, "s": 129.0, "year": 2014, "partner": 5009}, {"g": "f", "item": "Veneer Sheets", "p": 75.0, "s": 51.0, "year": 2014, "partner": 5009}, {"g": "f", "item": "Particle Board", "p": 54.0, "s": 72.0, "year": 2014, "partner": 5009}, {"g": "f", "item": "Sawnwood (C)", "p": 14131.0, "s": 2459.0, "year": 2014, "partner": 5009}, {"g": "f", "item": "Sawnwood (NC)", "p": 20.0, "s": 11.0, "year": 2014, "partner": 5009}, {"g": "f", "item": "Ind Rwd Wir (C)", "p": 56.0, "s": 3.0, "year": 2014, "partner": 5009}, {"g": "f", "item": "Paper+-Board Ex Newsprnt", "p": 618.0, "s": 990.0, "year": 2014, "partner": 5009}, {"g": "f", "item": "Plywood", "p": 528.0, "s": 685.0, "year": 2014, "partner": 5009}, {"g": "f", "item": "Paper+-Board Ex Newsprnt", "p": 7.0, "s": 5.0, "year": 1997, "partner": 21}, {"g": "f", "item": "Paper+-Board Ex Newsprnt", "p": 1.0, "s": 2.0, "year": 2003, "partner": 153}, {"g": "f", "item": "Paper+-Board Ex Newsprnt", "p": 1.0, "s": 4.0, "year": 2005, "partner": 153}, {"g": "f", "item": "Paper+-Board Ex Newsprnt", "p": 2.0, "s": 16.0, "year": 2006, "partner": 153}, {"g": "f", "item": "Sawnwood (NC)", "p": 5.0, "s": 0.0, "year": 2006, "partner": 153}, {"g": "f", "item": "Paper+-Board Ex Newsprnt", "p": 3.0, "s": 10.0, "year": 2007, "partner": 153}, {"g": "f", "item": "Particle Board", "p": 1.0, "s": 1.0, "year": 2007, "partner": 153}, {"g": "f", "item": "Plywood", "p": 2.0, "s": 4.0, "year": 2007, "partner": 153}, {"g": "f", "item": "Plywood", "p": 2.0, "s": 6.0, "year": 2008, "partner": 153}, {"g": "f", "item": "Paper+-Board Ex Newsprnt", "p": 57.0, "s": 57.0, "year": 2010, "partner": 153}, {"g": "f", "item": "Paper+-Board Ex Newsprnt", "p": 11.0, "s": 24.0, "year": 2011, "partner": 153}, {"g": "f", "item": "Paper+-Board Ex Newsprnt", "p": 18.0, "s": 44.0, "year": 2012, "partner": 153}, {"g": "f", "item": "Fibreboard", "p": 55.0, "s": 21.0, "year": 1998, "partner": 156}, {"g": "f", "item": "Particle Board", "p": 42.0, "s": 13.0, "year": 1998, "partner": 156}, {"g": "f", "item": "Sawnwood (C)", "p": 721.0, "s": 140.0, "year": 1998, "partner": 156}, {"g": "f", "item": "Newsprint", "p": 25.0, "s": 16.0, "year": 1998, "partner": 156}, {"g": "f", "item": "Plywood", "p": 57.0, "s": 32.0, "year": 1998, "partner": 156}, {"g": "f", "item": "Paper+-Board Ex Newsprnt", "p": 103.0, "s": 124.0, "year": 1998, "partner": 156}, {"g": "f", "item": "Fibreboard", "p": 153.0, "s": 50.0, "year": 1999, "partner": 156}, {"g": "f", "item": "Particle Board", "p": 8.0, "s": 2.0, "year": 1999, "partner": 156}, {"g": "f", "item": "Newsprint", "p": 18.0, "s": 11.0, "year": 1999, "partner": 156}, {"g": "f", "item": "Sawnwood (C)", "p": 1225.0, "s": 158.0, "year": 1999, "partner": 156}, {"g": "f", "item": "Sawnwood (NC)", "p": 1.0, "s": 4.0, "year": 1999, "partner": 156}, {"g": "f", "item": "Ind Rwd Wir (C)", "p": 82.0, "s": 26.0, "year": 1999, "partner": 156}, {"g": "f", "item": "Paper+-Board Ex Newsprnt", "p": 110.0, "s": 129.0, "year": 1999, "partner": 156}, {"g": "f", "item": "Plywood", "p": 50.0, "s": 26.0, "year": 1999, "partner": 156}, {"g": "f", "item": "Fibreboard", "p": 167.0, "s": 43.0, "year": 2000, "partner": 156}, {"g": "f", "item": "Veneer Sheets", "p": 30.0, "s": 15.0, "year": 2000, "partner": 156}, {"g": "f", "item": "Particle Board", "p": 65.0, "s": 8.0, "year": 2000, "partner": 156}, {"g": "f", "item": "Sawnwood (C)", "p": 920.0, "s": 130.0, "year": 2000, "partner": 156}, {"g": "f", "item": "Newsprint", "p": 55.0, "s": 4.0, "year": 2000, "partner": 156}, {"g": "f", "item": "Plywood", "p": 51.0, "s": 14.0, "year": 2000, "partner": 156}, {"g": "f", "item": "Paper+-Board Ex Newsprnt", "p": 83.0, "s": 97.0, "year": 2000, "partner": 156}, {"g": "f", "item": "Fibreboard", "p": 55.0, "s": 43.0, "year": 2001, "partner": 156}, {"g": "f", "item": "Sawnwood (C)", "p": 757.0, "s": 319.0, "year": 2001, "partner": 156}, {"g": "f", "item": "Sawnwood (NC)", "p": 7.0, "s": 14.0, "year": 2001, "partner": 156}, {"g": "f", "item": "Plywood", "p": 31.0, "s": 27.0, "year": 2001, "partner": 156}, {"g": "f", "item": "Paper+-Board Ex Newsprnt", "p": 53.0, "s": 167.0, "year": 2001, "partner": 156}, {"g": "f", "item": "Particle Board", "p": 7.0, "s": 1.0, "year": 2002, "partner": 156}, {"g": "f", "item": "Newsprint", "p": 5.0, "s": 3.0, "year": 2002, "partner": 156}, {"g": "f", "item": "Sawnwood (C)", "p": 1008.0, "s": 170.0, "year": 2002, "partner": 156}, {"g": "f", "item": "Sawnwood (NC)", "p": 1.0, "s": 1.0, "year": 2002, "partner": 156}, {"g": "f", "item": "Plywood", "p": 18.0, "s": 6.0, "year": 2002, "partner": 156}, {"g": "f", "item": "Paper+-Board Ex Newsprnt", "p": 36.0, "s": 41.0, "year": 2002, "partner": 156}, {"g": "f", "item": "Sawnwood (C)", "p": 940.0, "s": 164.0, "year": 2003, "partner": 156}, {"g": "f", "item": "Paper+-Board Ex Newsprnt", "p": 98.0, "s": 163.0, "year": 2003, "partner": 156}, {"g": "f", "item": "Sawnwood (C)", "p": 1600.0, "s": 400.0, "year": 2004, "partner": 156}, {"g": "f", "item": "Sawnwood (NC)", "p": 22541.0, "s": 7.0, "year": 2004, "partner": 156}, {"g": "f", "item": "Paper+-Board Ex Newsprnt", "p": 91.0, "s": 176.0, "year": 2004, "partner": 156}, {"g": "f", "item": "Newsprint", "p": 2.0, "s": 8.0, "year": 2004, "partner": 156}, {"g": "f", "item": "Fibreboard", "p": 53.0, "s": 14.0, "year": 2005, "partner": 156}, {"g": "f", "item": "Particle Board", "p": 80.0, "s": 17.0, "year": 2005, "partner": 156}, {"g": "f", "item": "Veneer Sheets", "p": 75.0, "s": 59.0, "year": 2005, "partner": 156}, {"g": "f", "item": "Newsprint", "p": 20.0, "s": 10.0, "year": 2005, "partner": 156}, {"g": "f", "item": "Sawnwood (C)", "p": 1914.0, "s": 320.0, "year": 2005, "partner": 156}, {"g": "f", "item": "Sawnwood (NC)", "p": 75.0, "s": 25.0, "year": 2005, "partner": 156}, {"g": "f", "item": "Ind Rwd Wir (C)", "p": 36.0, "s": 2.0, "year": 2005, "partner": 156}, {"g": "f", "item": "Paper+-Board Ex Newsprnt", "p": 122.0, "s": 164.0, "year": 2005, "partner": 156}, {"g": "f", "item": "Plywood", "p": 4.0, "s": 5.0, "year": 2005, "partner": 156}, {"g": "f", "item": "Fibreboard", "p": 32.0, "s": 10.0, "year": 2006, "partner": 156}, {"g": "f", "item": "Veneer Sheets", "p": 57.0, "s": 45.0, "year": 2006, "partner": 156}, {"g": "f", "item": "Particle Board", "p": 213.0, "s": 37.0, "year": 2006, "partner": 156}, {"g": "f", "item": "Sawnwood (C)", "p": 3498.0, "s": 584.0, "year": 2006, "partner": 156}, {"g": "f", "item": "Plywood", "p": 114.0, "s": 38.0, "year": 2006, "partner": 156}, {"g": "f", "item": "Paper+-Board Ex Newsprnt", "p": 68.0, "s": 132.0, "year": 2006, "partner": 156}, {"g": "f", "item": "Fibreboard", "p": 46.0, "s": 34.0, "year": 2007, "partner": 156}, {"g": "f", "item": "Veneer Sheets", "p": 45.0, "s": 57.0, "year": 2007, "partner": 156}, {"g": "f", "item": "Sawnwood (C)", "p": 5260.0, "s": 915.0, "year": 2007, "partner": 156}, {"g": "f", "item": "Plywood", "p": 7.0, "s": 11.0, "year": 2007, "partner": 156}, {"g": "f", "item": "Paper+-Board Ex Newsprnt", "p": 55.0, "s": 110.0, "year": 2007, "partner": 156}, {"g": "f", "item": "Fibreboard", "p": 20.0, "s": 16.0, "year": 2008, "partner": 156}, {"g": "f", "item": "Veneer Sheets", "p": 205.0, "s": 174.0, "year": 2008, "partner": 156}, {"g": "f", "item": "Particle Board", "p": 11.0, "s": 7.0, "year": 2008, "partner": 156}, {"g": "f", "item": "Sawnwood (C)", "p": 6285.0, "s": 1094.0, "year": 2008, "partner": 156}, {"g": "f", "item": "Newsprint", "p": 9.0, "s": 11.0, "year": 2008, "partner": 156}, {"g": "f", "item": "Plywood", "p": 21.0, "s": 19.0, "year": 2008, "partner": 156}, {"g": "f", "item": "Paper+-Board Ex Newsprnt", "p": 105.0, "s": 220.0, "year": 2008, "partner": 156}, {"g": "f", "item": "Fibreboard", "p": 2.0, "s": 3.0, "year": 2009, "partner": 156}, {"g": "f", "item": "Veneer Sheets", "p": 211.0, "s": 121.0, "year": 2009, "partner": 156}, {"g": "f", "item": "Particle Board", "p": 14.0, "s": 7.0, "year": 2009, "partner": 156}, {"g": "f", "item": "Sawnwood (C)", "p": 8833.0, "s": 1537.0, "year": 2009, "partner": 156}, {"g": "f", "item": "Sawnwood (NC)", "p": 6.0, "s": 3.0, "year": 2009, "partner": 156}, {"g": "f", "item": "Ind Rwd Wir (C)", "p": 263.0, "s": 16.0, "year": 2009, "partner": 156}, {"g": "f", "item": "Paper+-Board Ex Newsprnt", "p": 106.0, "s": 232.0, "year": 2009, "partner": 156}, {"g": "f", "item": "Plywood", "p": 92.0, "s": 84.0, "year": 2009, "partner": 156}, {"g": "f", "item": "Fibreboard", "p": 5.0, "s": 4.0, "year": 2010, "partner": 156}, {"g": "f", "item": "Veneer Sheets", "p": 73.0, "s": 183.0, "year": 2010, "partner": 156}, {"g": "f", "item": "Particle Board", "p": 3.0, "s": 2.0, "year": 2010, "partner": 156}, {"g": "f", "item": "Sawnwood (C)", "p": 11420.0, "s": 1987.0, "year": 2010, "partner": 156}, {"g": "f", "item": "Sawnwood (NC)", "p": 1.0, "s": 1.0, "year": 2010, "partner": 156}, {"g": "f", "item": "Ind Rwd Wir (C)", "p": 45.0, "s": 3.0, "year": 2010, "partner": 156}, {"g": "f", "item": "Paper+-Board Ex Newsprnt", "p": 109.0, "s": 320.0, "year": 2010, "partner": 156}, {"g": "f", "item": "Plywood", "p": 81.0, "s": 109.0, "year": 2010, "partner": 156}, {"g": "f", "item": "Fibreboard", "p": 4.0, "s": 3.0, "year": 2011, "partner": 156}, {"g": "f", "item": "Particle Board", "p": 122.0, "s": 74.0, "year": 2011, "partner": 156}, {"g": "f", "item": "Veneer Sheets", "p": 47.0, "s": 43.0, "year": 2011, "partner": 156}, {"g": "f", "item": "Newsprint", "p": 57.0, "s": 68.0, "year": 2011, "partner": 156}, {"g": "f", "item": "Sawnwood (C)", "p": 11933.0, "s": 2076.0, "year": 2011, "partner": 156}, {"g": "f", "item": "Sawnwood (NC)", "p": 248.0, "s": 160.0, "year": 2011, "partner": 156}, {"g": "f", "item": "Ind Rwd Wir (C)", "p": 1824.0, "s": 111.0, "year": 2011, "partner": 156}, {"g": "f", "item": "Paper+-Board Ex Newsprnt", "p": 152.0, "s": 416.0, "year": 2011, "partner": 156}, {"g": "f", "item": "Plywood", "p": 84.0, "s": 171.0, "year": 2011, "partner": 156}, {"g": "f", "item": "Fibreboard", "p": 6.0, "s": 8.0, "year": 2012, "partner": 156}, {"g": "f", "item": "Veneer Sheets", "p": 121.0, "s": 123.0, "year": 2012, "partner": 156}, {"g": "f", "item": "Particle Board", "p": 31.0, "s": 25.0, "year": 2012, "partner": 156}, {"g": "f", "item": "Sawnwood (C)", "p": 13847.0, "s": 2409.0, "year": 2012, "partner": 156}, {"g": "f", "item": "Newsprint", "p": 2.0, "s": 1.0, "year": 2012, "partner": 156}, {"g": "f", "item": "Plywood", "p": 41.0, "s": 80.0, "year": 2012, "partner": 156}, {"g": "f", "item": "Paper+-Board Ex Newsprnt", "p": 49.0, "s": 156.0, "year": 2012, "partner": 156}, {"g": "f", "item": "Fibreboard", "p": 9.0, "s": 12.0, "year": 2013, "partner": 156}, {"g": "f", "item": "Veneer Sheets", "p": 9.0, "s": 10.0, "year": 2013, "partner": 156}, {"g": "f", "item": "Particle Board", "p": 12.0, "s": 7.0, "year": 2013, "partner": 156}, {"g": "f", "item": "Sawnwood (C)", "p": 13981.0, "s": 2433.0, "year": 2013, "partner": 156}, {"g": "f", "item": "Sawnwood (NC)", "p": 6.0, "s": 15.0, "year": 2013, "partner": 156}, {"g": "f", "item": "Plywood", "p": 100.0, "s": 120.0, "year": 2013, "partner": 156}, {"g": "f", "item": "Paper+-Board Ex Newsprnt", "p": 56.0, "s": 179.0, "year": 2013, "partner": 156}, {"g": "f", "item": "Fibreboard", "p": 22.0, "s": 24.0, "year": 2014, "partner": 156}, {"g": "f", "item": "Particle Board", "p": 45.0, "s": 61.0, "year": 2014, "partner": 156}, {"g": "f", "item": "Sawnwood (C)", "p": 14009.0, "s": 2438.0, "year": 2014, "partner": 156}, {"g": "f", "item": "Sawnwood (NC)", "p": 15.0, "s": 10.0, "year": 2014, "partner": 156}, {"g": "f", "item": "Ind Rwd Wir (C)", "p": 56.0, "s": 3.0, "year": 2014, "partner": 156}, {"g": "f", "item": "Paper+-Board Ex Newsprnt", "p": 65.0, "s": 208.0, "year": 2014, "partner": 156}, {"g": "f", "item": "Plywood", "p": 87.0, "s": 142.0, "year": 2014, "partner": 156}, {"g": "f", "item": "Paper+-Board Ex Newsprnt", "p": 4.0, "s": 4.0, "year": 2003, "partner": 33}, {"g": "f", "item": "Paper+-Board Ex Newsprnt", "p": 1.0, "s": 12.0, "year": 2006, "partner": 33}, {"g": "f", "item": "Paper+-Board Ex Newsprnt", "p": 9.0, "s": 8.0, "year": 1998, "partner": 162}, {"g": "f", "item": "Paper+-Board Ex Newsprnt", "p": 1.0, "s": 1.0, "year": 1999, "partner": 162}, {"g": "f", "item": "Newsprint", "p": 1033.0, "s": 440.0, "year": 2001, "partner": 40}, {"g": "f", "item": "Fibreboard", "p": 129.0, "s": 10.0, "year": 2001, "partner": 40}, {"g": "f", "item": "Wood Pulp", "p": 502.0, "s": 325.0, "year": 2001, "partner": 40}, {"g": "f", "item": "Paper+-Board Ex Newsprnt", "p": 56.0, "s": 42.0, "year": 2004, "partner": 173}, {"g": "f", "item": "Paper+-Board Ex Newsprnt", "p": 17.0, "s": 28.0, "year": 2002, "partner": 66}, {"g": "f", "item": "Plywood", "p": 540.0, "s": 132.0, "year": 2002, "partner": 66}, {"g": "f", "item": "Sawnwood (C)", "p": 34.0, "s": 6.0, "year": 2003, "partner": 66}, {"g": "f", "item": "Paper+-Board Ex Newsprnt", "p": 53.0, "s": 126.0, "year": 2003, "partner": 66}, {"g": "f", "item": "Plywood", "p": 269.0, "s": 136.0, "year": 2003, "partner": 66}, {"g": "f", "item": "Fibreboard", "p": 2.0, "s": 6.0, "year": 2003, "partner": 66}, {"g": "f", "item": "Paper+-Board Ex Newsprnt", "p": 50.0, "s": 105.0, "year": 2004, "partner": 66}, {"g": "f", "item": "Newsprint", "p": 1.0, "s": 2.0, "year": 2004, "partner": 66}, {"g": "f", "item": "Plywood", "p": 82.0, "s": 40.0, "year": 2004, "partner": 66}, {"g": "f", "item": "Paper+-Board Ex Newsprnt", "p": 30.0, "s": 64.0, "year": 2005, "partner": 66}, {"g": "f", "item": "Ind Rwd Wir (C)", "p": 888.0, "s": 54.0, "year": 2005, "partner": 66}, {"g": "f", "item": "Plywood", "p": 139.0, "s": 81.0, "year": 2005, "partner": 66}, {"g": "f", "item": "Sawnwood (C)", "p": 51.0, "s": 9.0, "year": 2006, "partner": 66}, {"g": "f", "item": "Paper+-Board Ex Newsprnt", "p": 54.0, "s": 123.0, "year": 2006, "partner": 66}, {"g": "f", "item": "Ind Rwd Wir (C)", "p": 1198.0, "s": 73.0, "year": 2006, "partner": 66}, {"g": "f", "item": "Plywood", "p": 137.0, "s": 77.0, "year": 2006, "partner": 66}, {"g": "f", "item": "Paper+-Board Ex Newsprnt", "p": 71.0, "s": 97.0, "year": 2007, "partner": 66}, {"g": "f", "item": "Sawnwood (NC)", "p": 14.0, "s": 10.0, "year": 2007, "partner": 66}, {"g": "f", "item": "Ind Rwd Wir (C)", "p": 20.0, "s": 1.0, "year": 2007, "partner": 66}, {"g": "f", "item": "Plywood", "p": 123.0, "s": 107.0, "year": 2007, "partner": 66}, {"g": "f", "item": "Paper+-Board Ex Newsprnt", "p": 57.0, "s": 120.0, "year": 2009, "partner": 66}, {"g": "f", "item": "Veneer Sheets", "p": 123.0, "s": 139.0, "year": 2009, "partner": 66}, {"g": "f", "item": "Ind Rwd Wir (C)", "p": 27.0, "s": 2.0, "year": 2009, "partner": 66}, {"g": "f", "item": "Plywood", "p": 3.0, "s": 4.0, "year": 2009, "partner": 66}, {"g": "f", "item": "Paper+-Board Ex Newsprnt", "p": 24.0, "s": 62.0, "year": 2011, "partner": 66}, {"g": "f", "item": "Particle Board", "p": 7.0, "s": 1.0, "year": 2011, "partner": 66}, {"g": "f", "item": "Plywood", "p": 6.0, "s": 7.0, "year": 2011, "partner": 66}, {"g": "f", "item": "Paper+-Board Ex Newsprnt", "p": 1.0, "s": 1.0, "year": 2012, "partner": 66}, {"g": "f", "item": "Plywood", "p": 119.0, "s": 181.0, "year": 2013, "partner": 66}, {"g": "f", "item": "Paper+-Board Ex Newsprnt", "p": 34.0, "s": 112.0, "year": 2014, "partner": 66}, {"g": "f", "item": "Veneer Sheets", "p": 75.0, "s": 51.0, "year": 2014, "partner": 66}, {"g": "f", "item": "Plywood", "p": 117.0, "s": 181.0, "year": 2014, "partner": 66}, {"g": "f", "item": "Sawnwood (C)", "p": 5.0, "s": 1.0, "year": 1997, "partner": 68}, {"g": "f", "item": "Paper+-Board Ex Newsprnt", "p": 5.0, "s": 8.0, "year": 1998, "partner": 68}, {"g": "f", "item": "Sawnwood (NC)", "p": 1.0, "s": 1.0, "year": 1998, "partner": 68}, {"g": "f", "item": "Paper+-Board Ex Newsprnt", "p": 1.0, "s": 3.0, "year": 2000, "partner": 68}, {"g": "f", "item": "Paper+-Board Ex Newsprnt", "p": 1.0, "s": 2.0, "year": 2003, "partner": 68}, {"g": "f", "item": "Paper+-Board Ex Newsprnt", "p": 1.0, "s": 4.0, "year": 2010, "partner": 68}, {"g": "f", "item": "Sawnwood (C)", "p": 193.0, "s": 34.0, "year": 2011, "partner": 68}, {"g": "f", "item": "Paper+-Board Ex Newsprnt", "p": 22.0, "s": 17.0, "year": 2001, "partner": 198}, {"g": "f", "item": "Paper+-Board Ex Newsprnt", "p": 1.0, "s": 1.0, "year": 1997, "partner": 200}, {"g": "f", "item": "Sawnwood (NC)", "p": 16.0, "s": 4.0, "year": 1997, "partner": 200}, {"g": "f", "item": "Plywood", "p": 337.0, "s": 117.0, "year": 1997, "partner": 200}, {"g": "f", "item": "Plywood", "p": 255.0, "s": 95.0, "year": 1998, "partner": 200}, {"g": "f", "item": "Fibreboard", "p": 6.0, "s": 5.0, "year": 1998, "partner": 200}, {"g": "f", "item": "Paper+-Board Ex Newsprnt", "p": 1.0, "s": 0.0, "year": 1999, "partner": 200}, {"g": "f", "item": "Veneer Sheets", "p": 10.0, "s": 5.0, "year": 1999, "partner": 200}, {"g": "f", "item": "Plywood", "p": 45.0, "s": 14.0, "year": 1999, "partner": 200}, {"g": "f", "item": "Fibreboard", "p": 10.0, "s": 2.0, "year": 1999, "partner": 200}, {"g": "f", "item": "Paper+-Board Ex Newsprnt", "p": 2.0, "s": 3.0, "year": 2000, "partner": 200}, {"g": "f", "item": "Plywood", "p": 20.0, "s": 8.0, "year": 2000, "partner": 200}, {"g": "f", "item": "Fibreboard", "p": 1.0, "s": 1.0, "year": 2000, "partner": 200}, {"g": "f", "item": "Plywood", "p": 43.0, "s": 16.0, "year": 2001, "partner": 200}, {"g": "f", "item": "Fibreboard", "p": 14.0, "s": 7.0, "year": 2001, "partner": 200}, {"g": "f", "item": "Paper+-Board Ex Newsprnt", "p": 24.0, "s": 17.0, "year": 2002, "partner": 200}, {"g": "f", "item": "Plywood", "p": 41.0, "s": 14.0, "year": 2002, "partner": 200}, {"g": "f", "item": "Fibreboard", "p": 12.0, "s": 2.0, "year": 2002, "partner": 200}, {"g": "f", "item": "Fibreboard", "p": 2.0, "s": 2.0, "year": 2003, "partner": 200}, {"g": "f", "item": "Paper+-Board Ex Newsprnt", "p": 1.0, "s": 1.0, "year": 2004, "partner": 200}, {"g": "f", "item": "Fibreboard", "p": 1.0, "s": 2.0, "year": 2004, "partner": 200}, {"g": "f", "item": "Paper+-Board Ex Newsprnt", "p": 1.0, "s": 3.0, "year": 2005, "partner": 200}, {"g": "f", "item": "Plywood", "p": 49.0, "s": 38.0, "year": 2005, "partner": 200}, {"g": "f", "item": "Paper+-Board Ex Newsprnt", "p": 15.0, "s": 20.0, "year": 2006, "partner": 200}, {"g": "f", "item": "Plywood", "p": 12.0, "s": 8.0, "year": 2006, "partner": 200}, {"g": "f", "item": "Fibreboard", "p": 1.0, "s": 0.0, "year": 2006, "partner": 200}, {"g": "f", "item": "Paper+-Board Ex Newsprnt", "p": 6.0, "s": 13.0, "year": 2007, "partner": 200}, {"g": "f", "item": "Paper+-Board Ex Newsprnt", "p": 6.0, "s": 9.0, "year": 2008, "partner": 200}, {"g": "f", "item": "Plywood", "p": 3.0, "s": 5.0, "year": 2008, "partner": 200}, {"g": "f", "item": "Fibreboard", "p": 2.0, "s": 1.0, "year": 2008, "partner": 200}, {"g": "f", "item": "Paper+-Board Ex Newsprnt", "p": 21.0, "s": 43.0, "year": 2009, "partner": 200}, {"g": "f", "item": "Paper+-Board Ex Newsprnt", "p": 22.0, "s": 22.0, "year": 2010, "partner": 200}, {"g": "f", "item": "Paper+-Board Ex Newsprnt", "p": 128.0, "s": 164.0, "year": 2011, "partner": 200}, {"g": "f", "item": "Veneer Sheets", "p": 13.0, "s": 14.0, "year": 2011, "partner": 200}, {"g": "f", "item": "Plywood", "p": 6.0, "s": 20.0, "year": 2011, "partner": 200}, {"g": "f", "item": "Paper+-Board Ex Newsprnt", "p": 38.0, "s": 43.0, "year": 2012, "partner": 200}, {"g": "f", "item": "Paper+-Board Ex Newsprnt", "p": 80.0, "s": 83.0, "year": 2014, "partner": 200}, {"g": "f", "item": "Ind Rwd Wir (NC) Other", "p": 210008.0, "s": 90.0, "year": 2004, "partner": 202}, {"g": "f", "item": "Paper+-Board Ex Newsprnt", "p": 30.0, "s": 24.0, "year": 2000, "partner": 79}, {"g": "f", "item": "Paper+-Board Ex Newsprnt", "p": 4.0, "s": 2.0, "year": 1998, "partner": 79}, {"g": "f", "item": "Paper+-Board Ex Newsprnt", "p": 2.0, "s": 2.0, "year": 1997, "partner": 211}, {"g": "f", "item": "Fibreboard", "p": 63.0, "s": 12.0, "year": 1999, "partner": 216}, {"g": "f", "item": "Paper+-Board Ex Newsprnt", "p": 31.0, "s": 22.0, "year": 2003, "partner": 216}, {"g": "f", "item": "Fibreboard", "p": 65.0, "s": 14.0, "year": 2003, "partner": 216}, {"g": "f", "item": "Paper+-Board Ex Newsprnt", "p": 64.0, "s": 54.0, "year": 2005, "partner": 216}, {"g": "f", "item": "Fibreboard", "p": 161.0, "s": 40.0, "year": 2005, "partner": 216}, {"g": "f", "item": "Paper+-Board Ex Newsprnt", "p": 176.0, "s": 161.0, "year": 2006, "partner": 216}, {"g": "f", "item": "Fibreboard", "p": 130.0, "s": 34.0, "year": 2006, "partner": 216}, {"g": "f", "item": "Paper+-Board Ex Newsprnt", "p": 54.0, "s": 47.0, "year": 2007, "partner": 216}, {"g": "f", "item": "Fibreboard", "p": 175.0, "s": 55.0, "year": 2007, "partner": 216}, {"g": "f", "item": "Paper+-Board Ex Newsprnt", "p": 90.0, "s": 91.0, "year": 2008, "partner": 216}, {"g": "f", "item": "Fibreboard", "p": 221.0, "s": 91.0, "year": 2008, "partner": 216}, {"g": "f", "item": "Paper+-Board Ex Newsprnt", "p": 126.0, "s": 133.0, "year": 2009, "partner": 216}, {"g": "f", "item": "Fibreboard", "p": 96.0, "s": 35.0, "year": 2009, "partner": 216}, {"g": "f", "item": "Paper+-Board Ex Newsprnt", "p": 54.0, "s": 58.0, "year": 2010, "partner": 216}, {"g": "f", "item": "Fibreboard", "p": 284.0, "s": 110.0, "year": 2010, "partner": 216}, {"g": "f", "item": "Paper+-Board Ex Newsprnt", "p": 117.0, "s": 136.0, "year": 2011, "partner": 216}, {"g": "f", "item": "Fibreboard", "p": 162.0, "s": 76.0, "year": 2011, "partner": 216}, {"g": "f", "item": "Paper+-Board Ex Newsprnt", "p": 91.0, "s": 94.0, "year": 2012, "partner": 216}, {"g": "f", "item": "Fibreboard", "p": 239.0, "s": 118.0, "year": 2012, "partner": 216}, {"g": "f", "item": "Paper+-Board Ex Newsprnt", "p": 126.0, "s": 131.0, "year": 2013, "partner": 216}, {"g": "f", "item": "Fibreboard", "p": 209.0, "s": 100.0, "year": 2013, "partner": 216}, {"g": "f", "item": "Paper+-Board Ex Newsprnt", "p": 72.0, "s": 78.0, "year": 2014, "partner": 216}, {"g": "f", "item": "Fibreboard", "p": 144.0, "s": 71.0, "year": 2014, "partner": 216}, {"g": "f", "item": "Paper+-Board Ex Newsprnt", "p": 22.0, "s": 27.0, "year": 1997, "partner": 351}, {"g": "f", "item": "Fibreboard", "p": 72.0, "s": 5.0, "year": 1997, "partner": 351}, {"g": "f", "item": "Paper+-Board Ex Newsprnt", "p": 21.0, "s": 25.0, "year": 1998, "partner": 351}, {"g": "f", "item": "Plywood", "p": 2.0, "s": 1.0, "year": 1998, "partner": 351}, {"g": "f", "item": "Paper+-Board Ex Newsprnt", "p": 29.0, "s": 21.0, "year": 1999, "partner": 351}, {"g": "f", "item": "Paper+-Board Ex Newsprnt", "p": 22.0, "s": 16.0, "year": 2000, "partner": 351}, {"g": "f", "item": "Paper+-Board Ex Newsprnt", "p": 8.0, "s": 8.0, "year": 2001, "partner": 351}, {"g": "f", "item": "Paper+-Board Ex Newsprnt", "p": 8.0, "s": 7.0, "year": 2002, "partner": 351}, {"g": "f", "item": "Paper+-Board Ex Newsprnt", "p": 11.0, "s": 10.0, "year": 2003, "partner": 351}, {"g": "f", "item": "Paper+-Board Ex Newsprnt", "p": 1.0, "s": 4.0, "year": 2004, "partner": 351}, {"g": "f", "item": "Paper+-Board Ex Newsprnt", "p": 47.0, "s": 34.0, "year": 2005, "partner": 351}, {"g": "f", "item": "Plywood", "p": 85.0, "s": 28.0, "year": 2005, "partner": 351}, {"g": "f", "item": "Fibreboard", "p": 91.0, "s": 39.0, "year": 2005, "partner": 351}, {"g": "f", "item": "Paper+-Board Ex Newsprnt", "p": 32.0, "s": 24.0, "year": 2006, "partner": 351}, {"g": "f", "item": "Plywood", "p": 377.0, "s": 124.0, "year": 2006, "partner": 351}, {"g": "f", "item": "Paper+-Board Ex Newsprnt", "p": 23.0, "s": 23.0, "year": 2007, "partner": 351}, {"g": "f", "item": "Fibreboard", "p": 69.0, "s": 34.0, "year": 2007, "partner": 351}, {"g": "f", "item": "Paper+-Board Ex Newsprnt", "p": 25.0, "s": 23.0, "year": 2008, "partner": 351}, {"g": "f", "item": "Plywood", "p": 341.0, "s": 286.0, "year": 2008, "partner": 351}, {"g": "f", "item": "Fibreboard", "p": 206.0, "s": 81.0, "year": 2008, "partner": 351}, {"g": "f", "item": "Paper+-Board Ex Newsprnt", "p": 11.0, "s": 10.0, "year": 2009, "partner": 351}, {"g": "f", "item": "Plywood", "p": 182.0, "s": 171.0, "year": 2009, "partner": 351}, {"g": "f", "item": "Paper+-Board Ex Newsprnt", "p": 21.0, "s": 22.0, "year": 2010, "partner": 351}, {"g": "f", "item": "Plywood", "p": 331.0, "s": 205.0, "year": 2010, "partner": 351}, {"g": "f", "item": "Fibreboard", "p": 92.0, "s": 31.0, "year": 2010, "partner": 351}, {"g": "f", "item": "Fibreboard", "p": 43.0, "s": 19.0, "year": 2011, "partner": 351}, {"g": "f", "item": "Veneer Sheets", "p": 12.0, "s": 10.0, "year": 2011, "partner": 351}, {"g": "f", "item": "Sawnwood (C)", "p": 2.0, "s": 0.0, "year": 2011, "partner": 351}, {"g": "f", "item": "Sawnwood (NC)", "p": 9.0, "s": 7.0, "year": 2011, "partner": 351}, {"g": "f", "item": "Ind Rwd Wir (C)", "p": 4.0, "s": 0.0, "year": 2011, "partner": 351}, {"g": "f", "item": "Paper+-Board Ex Newsprnt", "p": 29.0, "s": 38.0, "year": 2011, "partner": 351}, {"g": "f", "item": "Plywood", "p": 591.0, "s": 435.0, "year": 2011, "partner": 351}, {"g": "f", "item": "Paper+-Board Ex Newsprnt", "p": 10.0, "s": 17.0, "year": 2012, "partner": 351}, {"g": "f", "item": "Plywood", "p": 433.0, "s": 343.0, "year": 2012, "partner": 351}, {"g": "f", "item": "Fibreboard", "p": 58.0, "s": 24.0, "year": 2012, "partner": 351}, {"g": "f", "item": "Paper+-Board Ex Newsprnt", "p": 124.0, "s": 141.0, "year": 2013, "partner": 351}, {"g": "f", "item": "Plywood", "p": 702.0, "s": 510.0, "year": 2013, "partner": 351}, {"g": "f", "item": "Fibreboard", "p": 68.0, "s": 27.0, "year": 2013, "partner": 351}, {"g": "f", "item": "Paper+-Board Ex Newsprnt", "p": 89.0, "s": 189.0, "year": 2014, "partner": 351}, {"g": "f", "item": "Plywood", "p": 288.0, "s": 290.0, "year": 2014, "partner": 351}, {"g": "f", "item": "Fibreboard", "p": 38.0, "s": 16.0, "year": 2014, "partner": 351}, {"g": "f", "item": "Paper+-Board Ex Newsprnt", "p": 1.0, "s": 1.0, "year": 2000, "partner": 229}, {"g": "f", "item": "Paper+-Board Ex Newsprnt", "p": 20.0, "s": 16.0, "year": 2010, "partner": 100}, {"g": "f", "item": "Fibreboard", "p": 50.0, "s": 27.0, "year": 2010, "partner": 100}, {"g": "f", "item": "Paper+-Board Ex Newsprnt", "p": 20.0, "s": 22.0, "year": 2011, "partner": 100}, {"g": "f", "item": "Veneer Sheets", "p": 14.0, "s": 24.0, "year": 2011, "partner": 100}, {"g": "f", "item": "Plywood", "p": 14.0, "s": 11.0, "year": 2011, "partner": 100}, {"g": "f", "item": "Paper+-Board Ex Newsprnt", "p": 75.0, "s": 69.0, "year": 2012, "partner": 100}, {"g": "f", "item": "Paper+-Board Ex Newsprnt", "p": 18.0, "s": 16.0, "year": 2013, "partner": 100}, {"g": "f", "item": "Fibreboard", "p": 3.0, "s": 9.0, "year": 2013, "partner": 100}, {"g": "f", "item": "Paper+-Board Ex Newsprnt", "p": 19.0, "s": 16.0, "year": 2014, "partner": 100}, {"g": "f", "item": "Plywood", "p": 15.0, "s": 23.0, "year": 2014, "partner": 100}, {"g": "f", "item": "Fibreboard", "p": 5.0, "s": 17.0, "year": 2014, "partner": 100}, {"g": "f", "item": "Paper+-Board Ex Newsprnt", "p": 18.0, "s": 14.0, "year": 2000, "partner": 101}, {"g": "f", "item": "Paper+-Board Ex Newsprnt", "p": 9.0, "s": 4.0, "year": 2001, "partner": 101}, {"g": "f", "item": "Paper+-Board Ex Newsprnt", "p": 19.0, "s": 13.0, "year": 2003, "partner": 101}, {"g": "f", "item": "Paper+-Board Ex Newsprnt", "p": 61.0, "s": 55.0, "year": 2004, "partner": 101}, {"g": "f", "item": "Paper+-Board Ex Newsprnt", "p": 51.0, "s": 47.0, "year": 2006, "partner": 101}, {"g": "f", "item": "Paper+-Board Ex Newsprnt", "p": 44.0, "s": 59.0, "year": 2011, "partner": 101}, {"g": "f", "item": "Paper+-Board Ex Newsprnt", "p": 93.0, "s": 105.0, "year": 2012, "partner": 101}, {"g": "f", "item": "Sawnwood (NC)", "p": 2.0, "s": 4.0, "year": 2012, "partner": 101}, {"g": "f", "item": "Paper+-Board Ex Newsprnt", "p": 83.0, "s": 97.0, "year": 2013, "partner": 101}, {"g": "f", "item": "Sawnwood (NC)", "p": 3.0, "s": 7.0, "year": 2013, "partner": 101}, {"g": "f", "item": "Paper+-Board Ex Newsprnt", "p": 234.0, "s": 240.0, "year": 2014, "partner": 101}, {"g": "f", "item": "Plywood", "p": 15.0, "s": 32.0, "year": 2014, "partner": 101}, {"g": "f", "item": "Sawnwood (NC)", "p": 5.0, "s": 1.0, "year": 2014, "partner": 230}, {"g": "f", "item": "Paper+-Board Ex Newsprnt", "p": 2.0, "s": 14.0, "year": 2002, "partner": 231}, {"g": "f", "item": "Sawnwood (NC)", "p": 8.0, "s": 11.0, "year": 2011, "partner": 231}, {"g": "f", "item": "Sawnwood (C)", "p": 23.0, "s": 3.0, "year": 1999, "partner": 231}, {"g": "f", "item": "Ind Rwd Wir (NC) Other", "p": 14.0, "s": 5.0, "year": 2013, "partner": 233}, {"g": "f", "item": "Particle Board", "p": 1.0, "s": 1.0, "year": 2002, "partner": 106}, {"g": "f", "item": "Paper+-Board Ex Newsprnt", "p": 11.0, "s": 7.0, "year": 1998, "partner": 106}, {"g": "f", "item": "Paper+-Board Ex Newsprnt", "p": 29.0, "s": 17.0, "year": 1999, "partner": 106}, {"g": "f", "item": "Plywood", "p": 2.0, "s": 2.0, "year": 2008, "partner": 110}, {"g": "f", "item": "Sawnwood (C)", "p": 36.0, "s": 6.0, "year": 2009, "partner": 110}, {"g": "f", "item": "Plywood", "p": 5.0, "s": 7.0, "year": 2009, "partner": 110}, {"g": "f", "item": "Plywood", "p": 4.0, "s": 3.0, "year": 2010, "partner": 110}, {"g": "f", "item": "Ind Rwd Wir (NC) Tropica", "p": 57.0, "s": 30.0, "year": 2003, "partner": 168}, {"g": "f", "item": "Paper+-Board Ex Newsprnt", "p": 2.0, "s": 25.0, "year": 2011, "partner": 168}, {"g": "f", "item": "Ind Rwd Wir (C)", "p": 1.0, "s": 0.0, "year": 2011, "partner": 117}, {"g": "f", "item": "Particle Board", "p": 1.0, "s": 2.0, "year": 2003, "partner": 252}, {"g": "f", "item": "Fibreboard", "p": 97.0, "s": 46.0, "year": 1997, "partner": 254}, {"g": "f", "item": "Veneer Sheets", "p": 0.0, "s": 0.0, "year": 1997, "partner": 254}, {"g": "f", "item": "Particle Board", "p": 0.0, "s": 0.0, "year": 1997, "partner": 254}, {"g": "f", "item": "Sawnwood (C)", "p": 0.0, "s": 0.0, "year": 1997, "partner": 254}, {"g": "f", "item": "Sawnwood (NC)", "p": 0.0, "s": 0.0, "year": 1997, "partner": 254}, {"g": "f", "item": "Plywood", "p": 0.0, "s": 0.0, "year": 1997, "partner": 254}, {"g": "f", "item": "Paper+-Board Ex Newsprnt", "p": 0.0, "s": 0.0, "year": 1997, "partner": 254}, {"g": "f", "item": "Fibreboard", "p": 0.0, "s": 0.0, "year": 1998, "partner": 254}, {"g": "f", "item": "Particle Board", "p": 0.0, "s": 0.0, "year": 1998, "partner": 254}, {"g": "f", "item": "Newsprint", "p": 0.0, "s": 0.0, "year": 1998, "partner": 254}, {"g": "f", "item": "Sawnwood (C)", "p": 0.0, "s": 0.0, "year": 1998, "partner": 254}, {"g": "f", "item": "Sawnwood (NC)", "p": 0.0, "s": 0.0, "year": 1998, "partner": 254}, {"g": "f", "item": "Ind Rwd Wir (C)", "p": 0.0, "s": 0.0, "year": 1998, "partner": 254}, {"g": "f", "item": "Paper+-Board Ex Newsprnt", "p": 0.0, "s": 0.0, "year": 1998, "partner": 254}, {"g": "f", "item": "Plywood", "p": 0.0, "s": 0.0, "year": 1998, "partner": 254}, {"g": "f", "item": "Fibreboard", "p": 2699.0, "s": -1.0, "year": 1999, "partner": 254}, {"g": "f", "item": "Particle Board", "p": 0.0, "s": 0.0, "year": 1999, "partner": 254}, {"g": "f", "item": "Veneer Sheets", "p": 0.0, "s": 0.0, "year": 1999, "partner": 254}, {"g": "f", "item": "Newsprint", "p": 0.0, "s": 0.0, "year": 1999, "partner": 254}, {"g": "f", "item": "Sawnwood (C)", "p": 0.0, "s": 0.0, "year": 1999, "partner": 254}, {"g": "f", "item": "Sawnwood (NC)", "p": 89.0, "s": 0.0, "year": 1999, "partner": 254}, {"g": "f", "item": "Ind Rwd Wir (C)", "p": 0.0, "s": 0.0, "year": 1999, "partner": 254}, {"g": "f", "item": "Paper+-Board Ex Newsprnt", "p": 0.0, "s": 0.0, "year": 1999, "partner": 254}, {"g": "f", "item": "Plywood", "p": 0.0, "s": 0.0, "year": 1999, "partner": 254}, {"g": "f", "item": "Fibreboard", "p": 652.0, "s": 23.0, "year": 2000, "partner": 254}, {"g": "f", "item": "Ind Rwd Wir (NC) Other", "p": 0.0, "s": 0.0, "year": 2000, "partner": 254}, {"g": "f", "item": "Veneer Sheets", "p": -28.0, "s": -14.0, "year": 2000, "partner": 254}, {"g": "f", "item": "Particle Board", "p": 235.0, "s": 75.0, "year": 2000, "partner": 254}, {"g": "f", "item": "Sawnwood (C)", "p": -820.0, "s": -84.0, "year": 2000, "partner": 254}, {"g": "f", "item": "Newsprint", "p": -48.0, "s": 7.0, "year": 2000, "partner": 254}, {"g": "f", "item": "Plywood", "p": 329.0, "s": 206.0, "year": 2000, "partner": 254}, {"g": "f", "item": "Paper+-Board Ex Newsprnt", "p": 133.0, "s": 267.0, "year": 2000, "partner": 254}, {"g": "f", "item": "Wood Pulp", "p": -3.0, "s": 0.0, "year": 2001, "partner": 254}, {"g": "f", "item": "Fibreboard", "p": 542.0, "s": 1.0, "year": 2001, "partner": 254}, {"g": "f", "item": "Particle Board", "p": 294.0, "s": 80.0, "year": 2001, "partner": 254}, {"g": "f", "item": "Newsprint", "p": -33.0, "s": 0.0, "year": 2001, "partner": 254}, {"g": "f", "item": "Sawnwood (C)", "p": 24.0, "s": 0.0, "year": 2001, "partner": 254}, {"g": "f", "item": "Sawnwood (NC)", "p": 693.0, "s": 166.0, "year": 2001, "partner": 254}, {"g": "f", "item": "Plywood", "p": 218.0, "s": 165.0, "year": 2001, "partner": 254}, {"g": "f", "item": "Paper+-Board Ex Newsprnt", "p": 184.0, "s": 252.0, "year": 2001, "partner": 254}, {"g": "f", "item": "Fibreboard", "p": 400.0, "s": 11.0, "year": 2002, "partner": 254}, {"g": "f", "item": "Particle Board", "p": -7.0, "s": -1.0, "year": 2002, "partner": 254}, {"g": "f", "item": "Newsprint", "p": 995.0, "s": 437.0, "year": 2002, "partner": 254}, {"g": "f", "item": "Sawnwood (C)", "p": 189.0, "s": 164.0, "year": 2002, "partner": 254}, {"g": "f", "item": "Sawnwood (NC)", "p": 336.0, "s": 177.0, "year": 2002, "partner": 254}, {"g": "f", "item": "Plywood", "p": -80.0, "s": -17.0, "year": 2002, "partner": 254}, {"g": "f", "item": "Paper+-Board Ex Newsprnt", "p": 97.0, "s": 223.0, "year": 2002, "partner": 254}, {"g": "f", "item": "Ind Rwd Wir (NC) Tropica", "p": 0.0, "s": 0.0, "year": 2003, "partner": 254}, {"g": "f", "item": "Fibreboard", "p": 407.0, "s": 23.0, "year": 2003, "partner": 254}, {"g": "f", "item": "Particle Board", "p": 0.0, "s": 0.0, "year": 2003, "partner": 254}, {"g": "f", "item": "Sawnwood (C)", "p": 0.0, "s": 0.0, "year": 2003, "partner": 254}, {"g": "f", "item": "Plywood", "p": 0.0, "s": 14.0, "year": 2003, "partner": 254}, {"g": "f", "item": "Paper+-Board Ex Newsprnt", "p": 7.0, "s": 36.0, "year": 2003, "partner": 254}, {"g": "f", "item": "Ind Rwd Wir (NC) Tropica", "p": 75.0, "s": 0.0, "year": 2004, "partner": 254}, {"g": "f", "item": "Fibreboard", "p": 103.0, "s": 17.0, "year": 2004, "partner": 254}, {"g": "f", "item": "Ind Rwd Wir (NC) Other", "p": -208647.0, "s": 0.0, "year": 2004, "partner": 254}, {"g": "f", "item": "Sawnwood (C)", "p": 698.0, "s": 0.0, "year": 2004, "partner": 254}, {"g": "f", "item": "Newsprint", "p": 17.0, "s": 0.0, "year": 2004, "partner": 254}, {"g": "f", "item": "Plywood", "p": 125.0, "s": 34.0, "year": 2004, "partner": 254}, {"g": "f", "item": "Sawnwood (NC)", "p": -22516.0, "s": 0.0, "year": 2004, "partner": 254}, {"g": "f", "item": "Paper+-Board Ex Newsprnt", "p": 239.0, "s": 23.0, "year": 2004, "partner": 254}, {"g": "f", "item": "Fibreboard", "p": -206.0, "s": -78.0, "year": 2005, "partner": 254}, {"g": "f", "item": "Particle Board", "p": -79.0, "s": -15.0, "year": 2005, "partner": 254}, {"g": "f", "item": "Veneer Sheets", "p": -32.0, "s": -29.0, "year": 2005, "partner": 254}, {"g": "f", "item": "Newsprint", "p": 0.0, "s": 0.0, "year": 2005, "partner": 254}, {"g": "f", "item": "Sawnwood (C)", "p": 111.0, "s": 32.0, "year": 2005, "partner": 254}, {"g": "f", "item": "Sawnwood (NC)", "p": -72.0, "s": -27.0, "year": 2005, "partner": 254}, {"g": "f", "item": "Ind Rwd Wir (C)", "p": -832.0, "s": -50.0, "year": 2005, "partner": 254}, {"g": "f", "item": "Paper+-Board Ex Newsprnt", "p": 257.0, "s": 102.0, "year": 2005, "partner": 254}, {"g": "f", "item": "Plywood", "p": -123.0, "s": -111.0, "year": 2005, "partner": 254}, {"g": "f", "item": "Fibreboard", "p": -63.0, "s": -27.0, "year": 2006, "partner": 254}, {"g": "f", "item": "Veneer Sheets", "p": -15.0, "s": -18.0, "year": 2006, "partner": 254}, {"g": "f", "item": "Particle Board", "p": -212.0, "s": -35.0, "year": 2006, "partner": 254}, {"g": "f", "item": "Sawnwood (C)", "p": -1251.0, "s": -193.0, "year": 2006, "partner": 254}, {"g": "f", "item": "Sawnwood (NC)", "p": 20.0, "s": 7.0, "year": 2006, "partner": 254}, {"g": "f", "item": "Ind Rwd Wir (C)", "p": -1106.0, "s": -67.0, "year": 2006, "partner": 254}, {"g": "f", "item": "Paper+-Board Ex Newsprnt", "p": 89.0, "s": -137.0, "year": 2006, "partner": 254}, {"g": "f", "item": "Plywood", "p": -433.0, "s": -173.0, "year": 2006, "partner": 254}, {"g": "f", "item": "Paper+-Board Ex Newsprnt", "p": 5.0, "s": 17.0, "year": 2007, "partner": 254}, {"g": "f", "item": "Veneer Sheets", "p": 1.0, "s": 1.0, "year": 2007, "partner": 254}, {"g": "f", "item": "Plywood", "p": 0.0, "s": 275.0, "year": 2007, "partner": 254}, {"g": "f", "item": "Fibreboard", "p": 0.0, "s": 1.0, "year": 2007, "partner": 254}, {"g": "f", "item": "Chips and Particles", "p": 0.0, "s": 0.0, "year": 2008, "partner": 254}, {"g": "f", "item": "Fibreboard", "p": -1.0, "s": 0.0, "year": 2008, "partner": 254}, {"g": "f", "item": "Veneer Sheets", "p": 0.0, "s": 1.0, "year": 2008, "partner": 254}, {"g": "f", "item": "Particle Board", "p": 0.0, "s": 0.0, "year": 2008, "partner": 254}, {"g": "f", "item": "Sawnwood (C)", "p": 0.0, "s": 0.0, "year": 2008, "partner": 254}, {"g": "f", "item": "Newsprint", "p": 0.0, "s": 0.0, "year": 2008, "partner": 254}, {"g": "f", "item": "Ind Rwd Wir (C)", "p": 0.0, "s": 0.0, "year": 2008, "partner": 254}, {"g": "f", "item": "Paper+-Board Ex Newsprnt", "p": 7.0, "s": 35.0, "year": 2008, "partner": 254}, {"g": "f", "item": "Plywood", "p": 0.0, "s": 0.0, "year": 2008, "partner": 254}, {"g": "f", "item": "Fibreboard", "p": 1.0, "s": 0.0, "year": 2009, "partner": 254}, {"g": "f", "item": "Veneer Sheets", "p": 0.0, "s": 0.0, "year": 2009, "partner": 254}, {"g": "f", "item": "Particle Board", "p": 0.0, "s": 0.0, "year": 2009, "partner": 254}, {"g": "f", "item": "Sawnwood (C)", "p": 0.0, "s": 0.0, "year": 2009, "partner": 254}, {"g": "f", "item": "Sawnwood (NC)", "p": 0.0, "s": 0.0, "year": 2009, "partner": 254}, {"g": "f", "item": "Ind Rwd Wir (C)", "p": 0.0, "s": 0.0, "year": 2009, "partner": 254}, {"g": "f", "item": "Paper+-Board Ex Newsprnt", "p": 13.0, "s": 34.0, "year": 2009, "partner": 254}, {"g": "f", "item": "Plywood", "p": 0.0, "s": 0.0, "year": 2009, "partner": 254}, {"g": "f", "item": "Fibreboard", "p": 3.0, "s": 3.0, "year": 2010, "partner": 254}, {"g": "f", "item": "Veneer Sheets", "p": 0.0, "s": 0.0, "year": 2010, "partner": 254}, {"g": "f", "item": "Particle Board", "p": 0.0, "s": 0.0, "year": 2010, "partner": 254}, {"g": "f", "item": "Sawnwood (C)", "p": 0.0, "s": 0.0, "year": 2010, "partner": 254}, {"g": "f", "item": "Sawnwood (NC)", "p": 0.0, "s": 0.0, "year": 2010, "partner": 254}, {"g": "f", "item": "Ind Rwd Wir (C)", "p": 0.0, "s": 0.0, "year": 2010, "partner": 254}, {"g": "f", "item": "Paper+-Board Ex Newsprnt", "p": 6.0, "s": 33.0, "year": 2010, "partner": 254}, {"g": "f", "item": "Plywood", "p": 0.0, "s": 0.0, "year": 2010, "partner": 254}, {"g": "f", "item": "Fibreboard", "p": -14.0, "s": -2.0, "year": 2011, "partner": 254}, {"g": "f", "item": "Particle Board", "p": -89.0, "s": -53.0, "year": 2011, "partner": 254}, {"g": "f", "item": "Veneer Sheets", "p": 93.0, "s": 131.0, "year": 2011, "partner": 254}, {"g": "f", "item": "Newsprint", "p": -48.0, "s": -57.0, "year": 2011, "partner": 254}, {"g": "f", "item": "Sawnwood (C)", "p": -834.0, "s": -145.0, "year": 2011, "partner": 254}, {"g": "f", "item": "Sawnwood (NC)", "p": -268.0, "s": -189.0, "year": 2011, "partner": 254}, {"g": "f", "item": "Ind Rwd Wir (C)", "p": -1802.0, "s": -110.0, "year": 2011, "partner": 254}, {"g": "f", "item": "Paper+-Board Ex Newsprnt", "p": 94.0, "s": -90.0, "year": 2011, "partner": 254}, {"g": "f", "item": "Plywood", "p": 69.0, "s": -45.0, "year": 2011, "partner": 254}, {"g": "f", "item": "Fibreboard", "p": 4.0, "s": 7.0, "year": 2012, "partner": 254}, {"g": "f", "item": "Particle Board", "p": 0.0, "s": 0.0, "year": 2012, "partner": 254}, {"g": "f", "item": "Veneer Sheets", "p": 0.0, "s": 0.0, "year": 2012, "partner": 254}, {"g": "f", "item": "Newsprint", "p": 0.0, "s": 1.0, "year": 2012, "partner": 254}, {"g": "f", "item": "Sawnwood (C)", "p": -68.0, "s": -11.0, "year": 2012, "partner": 254}, {"g": "f", "item": "Sawnwood (NC)", "p": 0.0, "s": 0.0, "year": 2012, "partner": 254}, {"g": "f", "item": "Plywood", "p": 0.0, "s": 186.0, "year": 2012, "partner": 254}, {"g": "f", "item": "Paper+-Board Ex Newsprnt", "p": 2.0, "s": 46.0, "year": 2012, "partner": 254}, {"g": "f", "item": "Fibreboard", "p": 0.0, "s": 0.0, "year": 2013, "partner": 254}, {"g": "f", "item": "Ind Rwd Wir (NC) Other", "p": 0.0, "s": 0.0, "year": 2013, "partner": 254}, {"g": "f", "item": "Veneer Sheets", "p": 1.0, "s": 0.0, "year": 2013, "partner": 254}, {"g": "f", "item": "Particle Board", "p": 0.0, "s": 0.0, "year": 2013, "partner": 254}, {"g": "f", "item": "Sawnwood (C)", "p": 0.0, "s": 0.0, "year": 2013, "partner": 254}, {"g": "f", "item": "Sawnwood (NC)", "p": 0.0, "s": 0.0, "year": 2013, "partner": 254}, {"g": "f", "item": "Plywood", "p": 0.0, "s": 0.0, "year": 2013, "partner": 254}, {"g": "f", "item": "Paper+-Board Ex Newsprnt", "p": 5.0, "s": 18.0, "year": 2013, "partner": 254}, {"g": "f", "item": "Fibreboard", "p": 1.0, "s": 1.0, "year": 2014, "partner": 254}, {"g": "f", "item": "Veneer Sheets", "p": 0.0, "s": 0.0, "year": 2014, "partner": 254}, {"g": "f", "item": "Particle Board", "p": 0.0, "s": 1.0, "year": 2014, "partner": 254}, {"g": "f", "item": "Sawnwood (C)", "p": 0.0, "s": 0.0, "year": 2014, "partner": 254}, {"g": "f", "item": "Sawnwood (NC)", "p": 0.0, "s": 0.0, "year": 2014, "partner": 254}, {"g": "f", "item": "Ind Rwd Wir (C)", "p": 0.0, "s": 0.0, "year": 2014, "partner": 254}, {"g": "f", "item": "Paper+-Board Ex Newsprnt", "p": 7.0, "s": 47.0, "year": 2014, "partner": 254}, {"g": "f", "item": "Plywood", "p": 0.0, "s": 0.0, "year": 2014, "partner": 254}, {"g": "f", "item": "Paper+-Board Ex Newsprnt", "p": 128.0, "s": 71.0, "year": 2010, "partner": 255}]