[{"a": 95, "s": 0.0, "c": "1067", "t": 2011, "g": "f"}, {"a": 90, "s": 0.0, "c": "1066", "t": 2011, "g": "m"}, {"a": 0, "s": 0.0, "c": "1069", "t": 2011, "g": "f"}, {"a": 40, "s": 0.0, "c": "1093", "t": 2011, "g": "m"}, {"a": 45, "s": 0.0, "c": "1066", "t": 2011, "g": "m"}, {"a": 50, "s": 1.0, "c": "1094", "t": 2011, "g": "m"}, {"a": 3, "s": 0.0, "c": "1092", "t": 2011, "g": "m"}, {"a": 90, "s": 0.0, "c": "1092", "t": 2011, "g": "m"}, {"a": 65, "s": 1.0, "c": "1069", "t": 2011, "g": "f"}, {"a": 50, "s": 0.0, "c": "1092", "t": 2011, "g": "m"}, {"a": 70, "s": 0.0, "c": "1093", "t": 2011, "g": "m"}, {"a": 1, "s": 0.0, "c": "1066", "t": 2011, "g": "m"}, {"a": 35, "s": 0.0, "c": "1067", "t": 2011, "g": "f"}, {"a": 50, "s": 0.0, "c": "1094", "t": 2011, "g": "f"}, {"a": 70, "s": 0.0, "c": "1093", "t": 2011, "g": "f"}, {"a": 90, "s": 0.0, "c": "1069", "t": 2011, "g": "f"}, {"a": 35, "s": 1.0, "c": "1094", "t": 2011, "g": "m"}, {"a": 80, "s": 0.0, "c": "1067", "t": 2011, "g": "f"}, {"a": 80, "s": 0.0, "c": "1094", "t": 2011, "g": "m"}, {"a": 35, "s": 0.0, "c": "1094", "t": 2011, "g": "f"}, {"a": 35, "s": 0.0, "c": "1092", "t": 2011, "g": "m"}, {"a": 40, "s": 0.0, "c": "1067", "t": 2011, "g": "f"}, {"a": 25, "s": 0.0, "c": "1069", "t": 2011, "g": "f"}, {"a": 80, "s": 0.0, "c": "1094", "t": 2011, "g": "f"}, {"a": 25, "s": 0.0, "c": "1066", "t": 2011, "g": "m"}, {"a": 15, "s": 0.0, "c": "1094", "t": 2011, "g": "f"}, {"a": 85, "s": 0.0, "c": "1066", "t": 2011, "g": "m"}, {"a": 2, "s": 0.0, "c": "1067", "t": 2011, "g": "f"}, {"a": 15, "s": 0.0, "c": "1094", "t": 2011, "g": "m"}, {"a": 30, "s": 0.0, "c": "1066", "t": 2011, "g": "m"}, {"a": 55, "s": 0.0, "c": "1067", "t": 2011, "g": "f"}, {"a": 4, "s": 0.0, "c": "1066", "t": 2011, "g": "m"}, {"a": 55, "s": 0.0, "c": "1069", "t": 2011, "g": "f"}, {"a": 5, "s": 0.0, "c": "1093", "t": 2011, "g": "m"}, {"a": 5, "s": 0.0, "c": "1093", "t": 2011, "g": "f"}, {"a": 45, "s": 0.0, "c": "1069", "t": 2011, "g": "f"}, {"a": 80, "s": 0.0, "c": "1092", "t": 2011, "g": "m"}, {"a": 20, "s": 0.0, "c": "1069", "t": 2011, "g": "f"}, {"a": 10, "s": 0.0, "c": "1093", "t": 2011, "g": "f"}, {"a": 0, "s": 3.0, "c": "1092", "t": 2011, "g": "m"}, {"a": 0, "s": 1.0, "c": "1094", "t": 2011, "g": "f"}, {"a": 70, "s": 0.0, "c": "1094", "t": 2011, "g": "f"}, {"a": 0, "s": 0.0, "c": "1094", "t": 2011, "g": "m"}, {"a": 65, "s": 0.0, "c": "1067", "t": 2011, "g": "f"}, {"a": 45, "s": 0.0, "c": "1092", "t": 2011, "g": "m"}, {"a": 0, "s": 2.0, "c": "1093", "t": 2011, "g": "f"}, {"a": 15, "s": 0.0, "c": "1092", "t": 2011, "g": "m"}, {"a": 35, "s": 0.0, "c": "1093", "t": 2011, "g": "m"}, {"a": 5, "s": 0.0, "c": "1069", "t": 2011, "g": "f"}, {"a": 0, "s": 1.0, "c": "1093", "t": 2011, "g": "m"}, {"a": 15, "s": 0.0, "c": "1067", "t": 2011, "g": "f"}, {"a": 3, "s": 0.0, "c": "1067", "t": 2011, "g": "f"}, {"a": 85, "s": 1.0, "c": "1067", "t": 2011, "g": "f"}, {"a": 50, "s": 0.0, "c": "1067", "t": 2011, "g": "f"}, {"a": 20, "s": 0.0, "c": "1093", "t": 2011, "g": "m"}, {"a": 75, "s": 0.0, "c": "1066", "t": 2011, "g": "m"}, {"a": 3, "s": 0.0, "c": "1094", "t": 2011, "g": "m"}, {"a": 0, "s": 0.0, "c": "1066", "t": 2011, "g": "m"}, {"a": 90, "s": 0.0, "c": "1067", "t": 2011, "g": "f"}, {"a": 85, "s": 0.0, "c": "1093", "t": 2011, "g": "f"}, {"a": 15, "s": 0.0, "c": "1069", "t": 2011, "g": "f"}, {"a": 2, "s": 0.0, "c": "1069", "t": 2011, "g": "f"}, {"a": 3, "s": 0.0, "c": "1094", "t": 2011, "g": "f"}, {"a": 85, "s": 0.0, "c": "1093", "t": 2011, "g": "m"}, {"a": 65, "s": 0.0, "c": "1093", "t": 2011, "g": "f"}, {"a": 85, "s": 0.0, "c": "1092", "t": 2011, "g": "m"}, {"a": 30, "s": 0.0, "c": "1094", "t": 2011, "g": "m"}, {"a": 65, "s": 0.0, "c": "1093", "t": 2011, "g": "m"}, {"a": 40, "s": 0.0, "c": "1093", "t": 2011, "g": "f"}, {"a": 30, "s": 0.0, "c": "1094", "t": 2011, "g": "f"}, {"a": 3, "s": 0.0, "c": "1066", "t": 2011, "g": "m"}, {"a": 15, "s": 0.0, "c": "1093", "t": 2011, "g": "m"}, {"a": 2, "s": 0.0, "c": "1066", "t": 2011, "g": "m"}, {"a": 35, "s": 0.0, "c": "1093", "t": 2011, "g": "f"}, {"a": 70, "s": 0.0, "c": "1067", "t": 2011, "g": "f"}, {"a": 15, "s": 0.0, "c": "1066", "t": 2011, "g": "m"}, {"a": 75, "s": 0.0, "c": "1067", "t": 2011, "g": "f"}, {"a": 30, "s": 0.0, "c": "1093", "t": 2011, "g": "f"}, {"a": 50, "s": 0.0, "c": "1093", "t": 2011, "g": "m"}, {"a": 85, "s": 0.0, "c": "1094", "t": 2011, "g": "m"}, {"a": 80, "s": 0.0, "c": "1093", "t": 2011, "g": "f"}, {"a": 85, "s": 0.0, "c": "1094", "t": 2011, "g": "f"}, {"a": 50, "s": 0.0, "c": "1093", "t": 2011, "g": "f"}, {"a": 30, "s": 0.0, "c": "1093", "t": 2011, "g": "m"}, {"a": 95, "s": 0.0, "c": "1069", "t": 2011, "g": "f"}, {"a": 30, "s": 0.0, "c": "1067", "t": 2011, "g": "f"}, {"a": 45, "s": 0.0, "c": "1093", "t": 2011, "g": "f"}, {"a": 65, "s": 0.0, "c": "1066", "t": 2011, "g": "m"}, {"a": 95, "s": 0.0, "c": "1066", "t": 2011, "g": "m"}, {"a": 5, "s": 0.0, "c": "1067", "t": 2011, "g": "f"}, {"a": 95, "s": 0.0, "c": "1093", "t": 2011, "g": "f"}, {"a": 70, "s": 0.0, "c": "1092", "t": 2011, "g": "m"}, {"a": 45, "s": 0.0, "c": "1067", "t": 2011, "g": "f"}, {"a": 55, "s": 0.0, "c": "1066", "t": 2011, "g": "m"}, {"a": 95, "s": 0.0, "c": "1093", "t": 2011, "g": "m"}, {"a": 80, "s": 1.0, "c": "1066", "t": 2011, "g": "m"}, {"a": 2, "s": 0.0, "c": "1092", "t": 2011, "g": "m"}, {"a": 70, "s": 0.0, "c": "1069", "t": 2011, "g": "f"}, {"a": 25, "s": 0.0, "c": "1067", "t": 2011, "g": "f"}, {"a": 25, "s": 0.0, "c": "1092", "t": 2011, "g": "m"}, {"a": 5, "s": 0.0, "c": "1094", "t": 2011, "g": "f"}, {"a": 3, "s": 0.0, "c": "1069", "t": 2011, "g": "f"}, {"a": 20, "s": 0.0, "c": "1094", "t": 2011, "g": "f"}, {"a": 75, "s": 0.0, "c": "1069", "t": 2011, "g": "f"}, {"a": 1, "s": 0.0, "c": "1092", "t": 2011, "g": "m"}, {"a": 20, "s": 0.0, "c": "1094", "t": 2011, "g": "m"}, {"a": 80, "s": 0.0, "c": "1093", "t": 2011, "g": "m"}, {"a": 55, "s": 0.0, "c": "1092", "t": 2011, "g": "m"}, {"a": 60, "s": 0.0, "c": "1092", "t": 2011, "g": "m"}, {"a": 60, "s": 0.0, "c": "1066", "t": 2011, "g": "m"}, {"a": 20, "s": 0.0, "c": "1093", "t": 2011, "g": "f"}, {"a": 4, "s": 0.0, "c": "1094", "t": 2011, "g": "m"}, {"a": 25, "s": 0.0, "c": "1093", "t": 2011, "g": "m"}, {"a": 70, "s": 0.0, "c": "1066", "t": 2011, "g": "m"}, {"a": 25, "s": 0.0, "c": "1093", "t": 2011, "g": "f"}, {"a": 4, "s": 0.0, "c": "1094", "t": 2011, "g": "f"}, {"a": 4, "s": 0.0, "c": "1067", "t": 2011, "g": "f"}, {"a": 4, "s": 0.0, "c": "1069", "t": 2011, "g": "f"}, {"a": 10, "s": 0.0, "c": "1067", "t": 2011, "g": "f"}, {"a": 10, "s": 0.0, "c": "1092", "t": 2011, "g": "m"}, {"a": 75, "s": 0.0, "c": "1092", "t": 2011, "g": "m"}, {"a": 20, "s": 0.0, "c": "1092", "t": 2011, "g": "m"}, {"a": 75, "s": 0.0, "c": "1094", "t": 2011, "g": "f"}, {"a": 55, "s": 0.0, "c": "1094", "t": 2011, "g": "m"}, {"a": 40, "s": 0.0, "c": "1092", "t": 2011, "g": "m"}, {"a": 20, "s": 0.0, "c": "1067", "t": 2011, "g": "f"}, {"a": 65, "s": 0.0, "c": "1092", "t": 2011, "g": "m"}, {"a": 75, "s": 0.0, "c": "1094", "t": 2011, "g": "m"}, {"a": 10, "s": 0.0, "c": "1069", "t": 2011, "g": "f"}, {"a": 60, "s": 0.0, "c": "1067", "t": 2011, "g": "f"}, {"a": 55, "s": 0.0, "c": "1093", "t": 2011, "g": "m"}, {"a": 55, "s": 0.0, "c": "1093", "t": 2011, "g": "f"}, {"a": 50, "s": 0.0, "c": "1069", "t": 2011, "g": "f"}, {"a": 5, "s": 0.0, "c": "1066", "t": 2011, "g": "m"}, {"a": 30, "s": 0.0, "c": "1092", "t": 2011, "g": "m"}, {"a": 4, "s": 0.0, "c": "1093", "t": 2011, "g": "m"}, {"a": 10, "s": 0.0, "c": "1066", "t": 2011, "g": "m"}, {"a": 2, "s": 0.0, "c": "1093", "t": 2011, "g": "f"}, {"a": 1, "s": 0.0, "c": "1094", "t": 2011, "g": "m"}, {"a": 40, "s": 0.0, "c": "1094", "t": 2011, "g": "m"}, {"a": 90, "s": 0.0, "c": "1094", "t": 2011, "g": "m"}, {"a": 55, "s": 0.0, "c": "1094", "t": 2011, "g": "f"}, {"a": 40, "s": 0.0, "c": "1066", "t": 2011, "g": "m"}, {"a": 40, "s": 0.0, "c": "1094", "t": 2011, "g": "f"}, {"a": 1, "s": 0.0, "c": "1094", "t": 2011, "g": "f"}, {"a": 2, "s": 0.0, "c": "1093", "t": 2011, "g": "m"}, {"a": 20, "s": 0.0, "c": "1066", "t": 2011, "g": "m"}, {"a": 90, "s": 0.0, "c": "1094", "t": 2011, "g": "f"}, {"a": 45, "s": 0.0, "c": "1093", "t": 2011, "g": "m"}, {"a": 95, "s": 0.0, "c": "1094", "t": 2011, "g": "m"}, {"a": 90, "s": 0.0, "c": "1093", "t": 2011, "g": "f"}, {"a": 95, "s": 0.0, "c": "1094", "t": 2011, "g": "f"}, {"a": 40, "s": 0.0, "c": "1069", "t": 2011, "g": "f"}, {"a": 60, "s": 0.0, "c": "1069", "t": 2011, "g": "f"}, {"a": 85, "s": 0.0, "c": "1069", "t": 2011, "g": "f"}, {"a": 1, "s": 0.0, "c": "1093", "t": 2011, "g": "m"}, {"a": 35, "s": 0.0, "c": "1066", "t": 2011, "g": "m"}, {"a": 25, "s": 0.0, "c": "1094", "t": 2011, "g": "f"}, {"a": 1, "s": 0.0, "c": "1093", "t": 2011, "g": "f"}, {"a": 25, "s": 0.0, "c": "1094", "t": 2011, "g": "m"}, {"a": 0, "s": 0.0, "c": "1067", "t": 2011, "g": "f"}, {"a": 90, "s": 0.0, "c": "1093", "t": 2011, "g": "m"}, {"a": 65, "s": 0.0, "c": "1094", "t": 2011, "g": "f"}, {"a": 65, "s": 0.0, "c": "1094", "t": 2011, "g": "m"}, {"a": 50, "s": 0.0, "c": "1066", "t": 2011, "g": "m"}, {"a": 1, "s": 0.0, "c": "1069", "t": 2011, "g": "f"}, {"a": 95, "s": 0.0, "c": "1092", "t": 2011, "g": "m"}, {"a": 5, "s": 0.0, "c": "1094", "t": 2011, "g": "m"}, {"a": 30, "s": 0.0, "c": "1069", "t": 2011, "g": "f"}, {"a": 15, "s": 0.0, "c": "1093", "t": 2011, "g": "f"}, {"a": 45, "s": 0.0, "c": "1094", "t": 2011, "g": "m"}, {"a": 35, "s": 0.0, "c": "1069", "t": 2011, "g": "f"}, {"a": 80, "s": 0.0, "c": "1069", "t": 2011, "g": "f"}, {"a": 60, "s": 0.0, "c": "1093", "t": 2011, "g": "m"}, {"a": 45, "s": 0.0, "c": "1094", "t": 2011, "g": "f"}, {"a": 60, "s": 0.0, "c": "1094", "t": 2011, "g": "f"}, {"a": 5, "s": 0.0, "c": "1092", "t": 2011, "g": "m"}, {"a": 60, "s": 0.0, "c": "1093", "t": 2011, "g": "f"}, {"a": 75, "s": 0.0, "c": "1093", "t": 2011, "g": "m"}, {"a": 1, "s": 0.0, "c": "1067", "t": 2011, "g": "f"}, {"a": 4, "s": 0.0, "c": "1093", "t": 2011, "g": "f"}, {"a": 4, "s": 0.0, "c": "1092", "t": 2011, "g": "m"}, {"a": 10, "s": 0.0, "c": "1094", "t": 2011, "g": "f"}, {"a": 75, "s": 0.0, "c": "1093", "t": 2011, "g": "f"}, {"a": 10, "s": 0.0, "c": "1094", "t": 2011, "g": "m"}, {"a": 2, "s": 0.0, "c": "1094", "t": 2011, "g": "f"}, {"a": 3, "s": 0.0, "c": "1093", "t": 2011, "g": "f"}, {"a": 70, "s": 0.0, "c": "1094", "t": 2011, "g": "m"}, {"a": 2, "s": 0.0, "c": "1094", "t": 2011, "g": "m"}, {"a": 3, "s": 0.0, "c": "1093", "t": 2011, "g": "m"}, {"a": 60, "s": 0.0, "c": "1094", "t": 2011, "g": "m"}, {"a": 10, "s": 0.0, "c": "1093", "t": 2011, "g": "m"}]