[{"g": "m", "item": "Paper+-Board Ex Newsprnt", "p": 4.0, "s": 23.0, "year": 2008, "partner": 131}, {"g": "m", "item": "Veneer Sheets", "p": 59.0, "s": 26.0, "year": 1998, "partner": 11}, {"g": "m", "item": "Paper+-Board Ex Newsprnt", "p": 1.0, "s": 0.0, "year": 1998, "partner": 11}, {"g": "m", "item": "Sawnwood (C)", "p": 15.0, "s": 3.0, "year": 1999, "partner": 11}, {"g": "m", "item": "Paper+-Board Ex Newsprnt", "p": 7.0, "s": 11.0, "year": 1999, "partner": 11}, {"g": "m", "item": "Wood Pulp", "p": 0.0, "s": 0.0, "year": 1997, "partner": 5009}, {"g": "m", "item": "Veneer Sheets", "p": 0.0, "s": 0.0, "year": 1998, "partner": 5009}, {"g": "m", "item": "Sawnwood (NC)", "p": 0.0, "s": 0.0, "year": 1998, "partner": 5009}, {"g": "m", "item": "Paper+-Board Ex Newsprnt", "p": 0.0, "s": 0.0, "year": 1998, "partner": 5009}, {"g": "m", "item": "Sawnwood (C)", "p": 0.0, "s": 0.0, "year": 1999, "partner": 5009}, {"g": "m", "item": "Paper+-Board Ex Newsprnt", "p": 0.0, "s": 0.0, "year": 1999, "partner": 5009}, {"g": "m", "item": "Wood Pulp", "p": 0.0, "s": 0.0, "year": 1999, "partner": 5009}, {"g": "m", "item": "Paper+-Board Ex Newsprnt", "p": 0.0, "s": 0.0, "year": 2000, "partner": 5009}, {"g": "m", "item": "Sawnwood (NC)", "p": 0.0, "s": 0.0, "year": 2000, "partner": 5009}, {"g": "m", "item": "Paper+-Board Ex Newsprnt", "p": 0.0, "s": 0.0, "year": 2001, "partner": 5009}, {"g": "m", "item": "Sawnwood (NC)", "p": 0.0, "s": 0.0, "year": 2001, "partner": 5009}, {"g": "m", "item": "Sawnwood (C)", "p": 193.0, "s": 40.0, "year": 2002, "partner": 5009}, {"g": "m", "item": "Ind Rwd Wir (C)", "p": 0.0, "s": 0.0, "year": 2002, "partner": 5009}, {"g": "m", "item": "Paper+-Board Ex Newsprnt", "p": 13.0, "s": 30.0, "year": 2003, "partner": 5009}, {"g": "m", "item": "Sawnwood (NC)", "p": 232.0, "s": 70.0, "year": 2004, "partner": 5009}, {"g": "m", "item": "Wood Pulp", "p": 436.0, "s": 175.0, "year": 2004, "partner": 5009}, {"g": "m", "item": "Paper+-Board Ex Newsprnt", "p": 16.0, "s": 32.0, "year": 2005, "partner": 5009}, {"g": "m", "item": "Paper+-Board Ex Newsprnt", "p": 16.0, "s": 32.0, "year": 2006, "partner": 5009}, {"g": "m", "item": "Wood Pulp", "p": 1518.0, "s": 756.0, "year": 2007, "partner": 5009}, {"g": "m", "item": "Sawnwood (C)", "p": 63.0, "s": 37.0, "year": 2008, "partner": 5009}, {"g": "m", "item": "Paper+-Board Ex Newsprnt", "p": 25.0, "s": 59.0, "year": 2008, "partner": 5009}, {"g": "m", "item": "Paper+-Board Ex Newsprnt", "p": 17.0, "s": 43.0, "year": 2009, "partner": 5009}, {"g": "m", "item": "Paper+-Board Ex Newsprnt", "p": 53.0, "s": 50.0, "year": 2010, "partner": 5009}, {"g": "m", "item": "Sawnwood (NC)", "p": 16.0, "s": 15.0, "year": 2010, "partner": 5009}, {"g": "m", "item": "Paper+-Board Ex Newsprnt", "p": 67.0, "s": 68.0, "year": 2012, "partner": 5009}, {"g": "m", "item": "Ind Rwd Wir (NC) Tropica", "p": 3.0, "s": 22.0, "year": 2013, "partner": 5009}, {"g": "m", "item": "Veneer Sheets", "p": 6.0, "s": 12.0, "year": 2013, "partner": 5009}, {"g": "m", "item": "Sawnwood (NC)", "p": 24.0, "s": 33.0, "year": 2013, "partner": 5009}, {"g": "m", "item": "Paper+-Board Ex Newsprnt", "p": 82.0, "s": 80.0, "year": 2013, "partner": 5009}, {"g": "m", "item": "Paper+-Board Ex Newsprnt", "p": 2.0, "s": 2.0, "year": 2000, "partner": 19}, {"g": "m", "item": "Paper+-Board Ex Newsprnt", "p": 40.0, "s": 30.0, "year": 2010, "partner": 149}, {"g": "m", "item": "Paper+-Board Ex Newsprnt", "p": 6.0, "s": 22.0, "year": 1998, "partner": 44}, {"g": "m", "item": "Paper+-Board Ex Newsprnt", "p": 18.0, "s": 17.0, "year": 1999, "partner": 44}, {"g": "m", "item": "Plywood", "p": 37.0, "s": 25.0, "year": 2006, "partner": 173}, {"g": "m", "item": "Paper+-Board Ex Newsprnt", "p": 54.0, "s": 48.0, "year": 2012, "partner": 174}, {"g": "m", "item": "Ind Rwd Wir (NC) Tropica", "p": 3.0, "s": 22.0, "year": 2013, "partner": 174}, {"g": "m", "item": "Veneer Sheets", "p": 6.0, "s": 12.0, "year": 2013, "partner": 174}, {"g": "m", "item": "Sawnwood (NC)", "p": 24.0, "s": 33.0, "year": 2013, "partner": 174}, {"g": "m", "item": "Paper+-Board Ex Newsprnt", "p": 23.0, "s": 18.0, "year": 2013, "partner": 174}, {"g": "m", "item": "Sawnwood (NC)", "p": 16.0, "s": 15.0, "year": 2010, "partner": 56}, {"g": "m", "item": "Sawnwood (C)", "p": 63.0, "s": 37.0, "year": 2008, "partner": 59}, {"g": "m", "item": "Sawnwood (NC)", "p": 11.0, "s": 6.0, "year": 2001, "partner": 68}, {"g": "m", "item": "Sawnwood (C)", "p": 193.0, "s": 40.0, "year": 2002, "partner": 68}, {"g": "m", "item": "Sawnwood (NC)", "p": 71.0, "s": 70.0, "year": 2004, "partner": 68}, {"g": "m", "item": "Paper+-Board Ex Newsprnt", "p": 66.0, "s": 59.0, "year": 2006, "partner": 68}, {"g": "m", "item": "Paper+-Board Ex Newsprnt", "p": 3.0, "s": 3.0, "year": 2009, "partner": 68}, {"g": "m", "item": "Paper+-Board Ex Newsprnt", "p": 1.0, "s": 0.0, "year": 2001, "partner": 199}, {"g": "m", "item": "Paper+-Board Ex Newsprnt", "p": 5.0, "s": 4.0, "year": 2005, "partner": 79}, {"g": "m", "item": "Ind Rwd Wir (NC) Other", "p": 174.0, "s": 65.0, "year": 2005, "partner": 79}, {"g": "m", "item": "Wood Pulp", "p": 16.0, "s": 6.0, "year": 1999, "partner": 79}, {"g": "m", "item": "Wood Pulp", "p": 1082.0, "s": 581.0, "year": 2007, "partner": 211}, {"g": "m", "item": "Paper+-Board Ex Newsprnt", "p": 1.0, "s": 1.0, "year": 2001, "partner": 216}, {"g": "m", "item": "Ind Rwd Wir (C)", "p": 75.0, "s": 21.0, "year": 2002, "partner": 222}, {"g": "m", "item": "Wood Pulp", "p": 350.0, "s": 175.0, "year": 2004, "partner": 229}, {"g": "m", "item": "Wood Pulp", "p": 7589.0, "s": 839.0, "year": 1997, "partner": 231}, {"g": "m", "item": "Paper+-Board Ex Newsprnt", "p": 4.0, "s": 4.0, "year": 2000, "partner": 104}, {"g": "m", "item": "Sawnwood (NC)", "p": 170.0, "s": 34.0, "year": 2000, "partner": 106}, {"g": "m", "item": "Sawnwood (NC)", "p": 20.0, "s": 10.0, "year": 1998, "partner": 106}, {"g": "m", "item": "Paper+-Board Ex Newsprnt", "p": 2.0, "s": 11.0, "year": 2009, "partner": 114}, {"g": "m", "item": "Paper+-Board Ex Newsprnt", "p": 13.0, "s": 30.0, "year": 2003, "partner": 114}, {"g": "m", "item": "Wood Pulp", "p": 0.0, "s": 0.0, "year": 1997, "partner": 254}, {"g": "m", "item": "Veneer Sheets", "p": 0.0, "s": 0.0, "year": 1998, "partner": 254}, {"g": "m", "item": "Sawnwood (NC)", "p": 0.0, "s": 0.0, "year": 1998, "partner": 254}, {"g": "m", "item": "Paper+-Board Ex Newsprnt", "p": 0.0, "s": 0.0, "year": 1998, "partner": 254}, {"g": "m", "item": "Sawnwood (C)", "p": 0.0, "s": 0.0, "year": 1999, "partner": 254}, {"g": "m", "item": "Paper+-Board Ex Newsprnt", "p": 0.0, "s": 0.0, "year": 1999, "partner": 254}, {"g": "m", "item": "Wood Pulp", "p": 0.0, "s": 0.0, "year": 1999, "partner": 254}, {"g": "m", "item": "Paper+-Board Ex Newsprnt", "p": 0.0, "s": 0.0, "year": 2000, "partner": 254}, {"g": "m", "item": "Sawnwood (NC)", "p": 0.0, "s": 0.0, "year": 2000, "partner": 254}, {"g": "m", "item": "Paper+-Board Ex Newsprnt", "p": 0.0, "s": 0.0, "year": 2001, "partner": 254}, {"g": "m", "item": "Sawnwood (NC)", "p": 0.0, "s": 0.0, "year": 2001, "partner": 254}, {"g": "m", "item": "Sawnwood (C)", "p": 0.0, "s": 0.0, "year": 2002, "partner": 254}, {"g": "m", "item": "Ind Rwd Wir (C)", "p": 0.0, "s": 0.0, "year": 2002, "partner": 254}, {"g": "m", "item": "Paper+-Board Ex Newsprnt", "p": 0.0, "s": 0.0, "year": 2003, "partner": 254}, {"g": "m", "item": "Sawnwood (NC)", "p": 161.0, "s": 0.0, "year": 2004, "partner": 254}, {"g": "m", "item": "Wood Pulp", "p": 86.0, "s": 0.0, "year": 2004, "partner": 254}, {"g": "m", "item": "Paper+-Board Ex Newsprnt", "p": 11.0, "s": 28.0, "year": 2005, "partner": 254}, {"g": "m", "item": "Paper+-Board Ex Newsprnt", "p": -50.0, "s": -27.0, "year": 2006, "partner": 254}, {"g": "m", "item": "Wood Pulp", "p": 436.0, "s": 175.0, "year": 2007, "partner": 254}, {"g": "m", "item": "Sawnwood (C)", "p": 0.0, "s": 0.0, "year": 2008, "partner": 254}, {"g": "m", "item": "Paper+-Board Ex Newsprnt", "p": 21.0, "s": 36.0, "year": 2008, "partner": 254}, {"g": "m", "item": "Paper+-Board Ex Newsprnt", "p": 12.0, "s": 29.0, "year": 2009, "partner": 254}, {"g": "m", "item": "Paper+-Board Ex Newsprnt", "p": 13.0, "s": 20.0, "year": 2010, "partner": 254}, {"g": "m", "item": "Sawnwood (NC)", "p": 0.0, "s": 0.0, "year": 2010, "partner": 254}, {"g": "m", "item": "Paper+-Board Ex Newsprnt", "p": 13.0, "s": 20.0, "year": 2012, "partner": 254}, {"g": "m", "item": "Ind Rwd Wir (NC) Tropica", "p": 0.0, "s": 0.0, "year": 2013, "partner": 254}, {"g": "m", "item": "Veneer Sheets", "p": 0.0, "s": 0.0, "year": 2013, "partner": 254}, {"g": "m", "item": "Sawnwood (NC)", "p": 0.0, "s": 0.0, "year": 2013, "partner": 254}, {"g": "m", "item": "Paper+-Board Ex Newsprnt", "p": 59.0, "s": 62.0, "year": 2013, "partner": 254}, {"g": "f", "item": "Paper+-Board Ex Newsprnt", "p": 93.0, "s": 37.0, "year": 2000, "partner": 11}, {"g": "f", "item": "Paper+-Board Ex Newsprnt", "p": 62.0, "s": 49.0, "year": 2004, "partner": 11}, {"g": "f", "item": "Paper+-Board Ex Newsprnt", "p": 130.0, "s": 47.0, "year": 1999, "partner": 11}, {"g": "f", "item": "Paper+-Board Ex Newsprnt", "p": 12.0, "s": 21.0, "year": 1997, "partner": 15}, {"g": "f", "item": "Paper+-Board Ex Newsprnt", "p": 2.0, "s": 4.0, "year": 1998, "partner": 15}, {"g": "f", "item": "Paper+-Board Ex Newsprnt", "p": 2.0, "s": 1.0, "year": 1999, "partner": 15}, {"g": "f", "item": "Fibreboard", "p": 0.0, "s": 0.0, "year": 1997, "partner": 5009}, {"g": "f", "item": "Ind Rwd Wir (NC) Other", "p": 0.0, "s": 0.0, "year": 1997, "partner": 5009}, {"g": "f", "item": "Particle Board", "p": 100.0, "s": 21.0, "year": 1997, "partner": 5009}, {"g": "f", "item": "Sawnwood (C)", "p": 1300.0, "s": 220.0, "year": 1997, "partner": 5009}, {"g": "f", "item": "Newsprint", "p": 0.0, "s": 0.0, "year": 1997, "partner": 5009}, {"g": "f", "item": "Plywood", "p": 400.0, "s": 238.0, "year": 1997, "partner": 5009}, {"g": "f", "item": "Sawnwood (NC)", "p": 100.0, "s": 30.0, "year": 1997, "partner": 5009}, {"g": "f", "item": "Paper+-Board Ex Newsprnt", "p": 300.0, "s": 424.0, "year": 1997, "partner": 5009}, {"g": "f", "item": "Particle Board", "p": 100.0, "s": 12.0, "year": 1998, "partner": 5009}, {"g": "f", "item": "Sawnwood (C)", "p": 60000.0, "s": 19920.0, "year": 1998, "partner": 5009}, {"g": "f", "item": "Sawnwood (NC)", "p": 300.0, "s": 77.0, "year": 1998, "partner": 5009}, {"g": "f", "item": "Plywood", "p": 200.0, "s": 50.0, "year": 1998, "partner": 5009}, {"g": "f", "item": "Paper+-Board Ex Newsprnt", "p": 800.0, "s": 688.0, "year": 1998, "partner": 5009}, {"g": "f", "item": "Wood Pulp", "p": 0.0, "s": 0.0, "year": 1999, "partner": 5009}, {"g": "f", "item": "Fibreboard", "p": 0.0, "s": 0.0, "year": 1999, "partner": 5009}, {"g": "f", "item": "Veneer Sheets", "p": 0.0, "s": 0.0, "year": 1999, "partner": 5009}, {"g": "f", "item": "Particle Board", "p": 100.0, "s": 12.0, "year": 1999, "partner": 5009}, {"g": "f", "item": "Sawnwood (C)", "p": 12400.0, "s": 2670.0, "year": 1999, "partner": 5009}, {"g": "f", "item": "Sawnwood (NC)", "p": 300.0, "s": 77.0, "year": 1999, "partner": 5009}, {"g": "f", "item": "Plywood", "p": 4700.0, "s": 2515.0, "year": 1999, "partner": 5009}, {"g": "f", "item": "Paper+-Board Ex Newsprnt", "p": 1600.0, "s": 1508.0, "year": 1999, "partner": 5009}, {"g": "f", "item": "Wood Pulp", "p": 0.0, "s": 0.0, "year": 2000, "partner": 5009}, {"g": "f", "item": "Fibreboard", "p": 0.0, "s": 0.0, "year": 2000, "partner": 5009}, {"g": "f", "item": "Veneer Sheets", "p": 0.0, "s": 0.0, "year": 2000, "partner": 5009}, {"g": "f", "item": "Particle Board", "p": 100.0, "s": 12.0, "year": 2000, "partner": 5009}, {"g": "f", "item": "Sawnwood (C)", "p": 12400.0, "s": 2670.0, "year": 2000, "partner": 5009}, {"g": "f", "item": "Sawnwood (NC)", "p": 300.0, "s": 77.0, "year": 2000, "partner": 5009}, {"g": "f", "item": "Ind Rwd Wir (C)", "p": 0.0, "s": 0.0, "year": 2000, "partner": 5009}, {"g": "f", "item": "Paper+-Board Ex Newsprnt", "p": 2000.0, "s": 1509.0, "year": 2000, "partner": 5009}, {"g": "f", "item": "Plywood", "p": 4700.0, "s": 2515.0, "year": 2000, "partner": 5009}, {"g": "f", "item": "Fibreboard", "p": 0.0, "s": 0.0, "year": 2001, "partner": 5009}, {"g": "f", "item": "Ind Rwd Wir (NC) Other", "p": 0.0, "s": 0.0, "year": 2001, "partner": 5009}, {"g": "f", "item": "Particle Board", "p": 100.0, "s": 12.0, "year": 2001, "partner": 5009}, {"g": "f", "item": "Sawnwood (C)", "p": 12400.0, "s": 2670.0, "year": 2001, "partner": 5009}, {"g": "f", "item": "Newsprint", "p": 0.0, "s": 0.0, "year": 2001, "partner": 5009}, {"g": "f", "item": "Plywood", "p": 4700.0, "s": 2515.0, "year": 2001, "partner": 5009}, {"g": "f", "item": "Sawnwood (NC)", "p": 300.0, "s": 77.0, "year": 2001, "partner": 5009}, {"g": "f", "item": "Paper+-Board Ex Newsprnt", "p": 2000.0, "s": 1509.0, "year": 2001, "partner": 5009}, {"g": "f", "item": "Fibreboard", "p": 13682.0, "s": 1250.0, "year": 2002, "partner": 5009}, {"g": "f", "item": "Ind Rwd Wir (NC) Other", "p": 0.0, "s": 0.0, "year": 2002, "partner": 5009}, {"g": "f", "item": "Veneer Sheets", "p": 4.0, "s": 1.0, "year": 2002, "partner": 5009}, {"g": "f", "item": "Particle Board", "p": 69.0, "s": 16.0, "year": 2002, "partner": 5009}, {"g": "f", "item": "Sawnwood (C)", "p": 1216.0, "s": 140.0, "year": 2002, "partner": 5009}, {"g": "f", "item": "Newsprint", "p": 400.0, "s": 215.0, "year": 2002, "partner": 5009}, {"g": "f", "item": "Ind Rwd Wir (C)", "p": 0.0, "s": 0.0, "year": 2002, "partner": 5009}, {"g": "f", "item": "Paper+-Board Ex Newsprnt", "p": 521.0, "s": 562.0, "year": 2002, "partner": 5009}, {"g": "f", "item": "Plywood", "p": 1700.0, "s": 650.0, "year": 2002, "partner": 5009}, {"g": "f", "item": "Fibreboard", "p": 2535.0, "s": 215.0, "year": 2003, "partner": 5009}, {"g": "f", "item": "Veneer Sheets", "p": 1.0, "s": 47.0, "year": 2003, "partner": 5009}, {"g": "f", "item": "Particle Board", "p": 13.0, "s": 6.0, "year": 2003, "partner": 5009}, {"g": "f", "item": "Newsprint", "p": 202.0, "s": 94.0, "year": 2003, "partner": 5009}, {"g": "f", "item": "Paper+-Board Ex Newsprnt", "p": 1238.0, "s": 1108.0, "year": 2003, "partner": 5009}, {"g": "f", "item": "Veneer Sheets", "p": 24.0, "s": 19.0, "year": 2004, "partner": 5009}, {"g": "f", "item": "Sawnwood (C)", "p": 70.0, "s": 12.0, "year": 2004, "partner": 5009}, {"g": "f", "item": "Sawnwood (NC)", "p": 147.0, "s": 45.0, "year": 2004, "partner": 5009}, {"g": "f", "item": "Ind Rwd Wir (C)", "p": 4429.0, "s": 270.0, "year": 2004, "partner": 5009}, {"g": "f", "item": "Paper+-Board Ex Newsprnt", "p": 2886.0, "s": 2123.0, "year": 2004, "partner": 5009}, {"g": "f", "item": "Plywood", "p": 18.0, "s": 6.0, "year": 2004, "partner": 5009}, {"g": "f", "item": "Fibreboard", "p": 2535.0, "s": 215.0, "year": 2005, "partner": 5009}, {"g": "f", "item": "Veneer Sheets", "p": 24.0, "s": 19.0, "year": 2005, "partner": 5009}, {"g": "f", "item": "Sawnwood (C)", "p": 70.0, "s": 12.0, "year": 2005, "partner": 5009}, {"g": "f", "item": "Sawnwood (NC)", "p": 147.0, "s": 45.0, "year": 2005, "partner": 5009}, {"g": "f", "item": "Ind Rwd Wir (C)", "p": 4429.0, "s": 270.0, "year": 2005, "partner": 5009}, {"g": "f", "item": "Paper+-Board Ex Newsprnt", "p": 2886.0, "s": 2123.0, "year": 2005, "partner": 5009}, {"g": "f", "item": "Plywood", "p": 18.0, "s": 6.0, "year": 2005, "partner": 5009}, {"g": "f", "item": "Sawnwood (C)", "p": 70.0, "s": 12.0, "year": 2006, "partner": 5009}, {"g": "f", "item": "Newsprint", "p": 202.0, "s": 94.0, "year": 2006, "partner": 5009}, {"g": "f", "item": "Ind Rwd Wir (C)", "p": 4429.0, "s": 270.0, "year": 2006, "partner": 5009}, {"g": "f", "item": "Paper+-Board Ex Newsprnt", "p": 2886.0, "s": 2123.0, "year": 2006, "partner": 5009}, {"g": "f", "item": "Plywood", "p": 18.0, "s": 6.0, "year": 2006, "partner": 5009}, {"g": "f", "item": "Fibreboard", "p": 652.0, "s": 68.0, "year": 2007, "partner": 5009}, {"g": "f", "item": "Ind Rwd Wir (NC) Other", "p": 175.0, "s": 79.0, "year": 2007, "partner": 5009}, {"g": "f", "item": "Particle Board", "p": 55.0, "s": 34.0, "year": 2007, "partner": 5009}, {"g": "f", "item": "Sawnwood (C)", "p": 36.0, "s": 13.0, "year": 2007, "partner": 5009}, {"g": "f", "item": "Newsprint", "p": 275.0, "s": 148.0, "year": 2007, "partner": 5009}, {"g": "f", "item": "Ind Rwd Wir (C)", "p": 1114.0, "s": 68.0, "year": 2007, "partner": 5009}, {"g": "f", "item": "Paper+-Board Ex Newsprnt", "p": 1535.0, "s": 1290.0, "year": 2007, "partner": 5009}, {"g": "f", "item": "Plywood", "p": 56.0, "s": 42.0, "year": 2007, "partner": 5009}, {"g": "f", "item": "Fibreboard", "p": 228.0, "s": 33.0, "year": 2008, "partner": 5009}, {"g": "f", "item": "Ind Rwd Wir (NC) Other", "p": 249.0, "s": 121.0, "year": 2008, "partner": 5009}, {"g": "f", "item": "Veneer Sheets", "p": 16.0, "s": 17.0, "year": 2008, "partner": 5009}, {"g": "f", "item": "Particle Board", "p": 23.0, "s": 12.0, "year": 2008, "partner": 5009}, {"g": "f", "item": "Sawnwood (C)", "p": 866.0, "s": 381.0, "year": 2008, "partner": 5009}, {"g": "f", "item": "Sawnwood (NC)", "p": 324.0, "s": 350.0, "year": 2008, "partner": 5009}, {"g": "f", "item": "Plywood", "p": 245.0, "s": 189.0, "year": 2008, "partner": 5009}, {"g": "f", "item": "Paper+-Board Ex Newsprnt", "p": 868.0, "s": 1166.0, "year": 2008, "partner": 5009}, {"g": "f", "item": "Particle Board", "p": 6.0, "s": 4.0, "year": 2009, "partner": 5009}, {"g": "f", "item": "Veneer Sheets", "p": 16.0, "s": 4.0, "year": 2009, "partner": 5009}, {"g": "f", "item": "Newsprint", "p": 692.0, "s": 430.0, "year": 2009, "partner": 5009}, {"g": "f", "item": "Sawnwood (C)", "p": 2.0, "s": 3.0, "year": 2009, "partner": 5009}, {"g": "f", "item": "Sawnwood (NC)", "p": 23.0, "s": 17.0, "year": 2009, "partner": 5009}, {"g": "f", "item": "Plywood", "p": 18.0, "s": 34.0, "year": 2009, "partner": 5009}, {"g": "f", "item": "Paper+-Board Ex Newsprnt", "p": 689.0, "s": 974.0, "year": 2009, "partner": 5009}, {"g": "f", "item": "Fibreboard", "p": 74.0, "s": 18.0, "year": 2010, "partner": 5009}, {"g": "f", "item": "Veneer Sheets", "p": 82.0, "s": 63.0, "year": 2010, "partner": 5009}, {"g": "f", "item": "Newsprint", "p": 630.0, "s": 405.0, "year": 2010, "partner": 5009}, {"g": "f", "item": "Sawnwood (C)", "p": 3.0, "s": 2.0, "year": 2010, "partner": 5009}, {"g": "f", "item": "Sawnwood (NC)", "p": 142.0, "s": 25.0, "year": 2010, "partner": 5009}, {"g": "f", "item": "Ind Rwd Wir (C)", "p": 11.0, "s": 1.0, "year": 2010, "partner": 5009}, {"g": "f", "item": "Paper+-Board Ex Newsprnt", "p": 1002.0, "s": 992.0, "year": 2010, "partner": 5009}, {"g": "f", "item": "Plywood", "p": 184.0, "s": 211.0, "year": 2010, "partner": 5009}, {"g": "f", "item": "Fibreboard", "p": 162.0, "s": 50.0, "year": 2011, "partner": 5009}, {"g": "f", "item": "Ind Rwd Wir (NC) Other", "p": 29.0, "s": 10.0, "year": 2011, "partner": 5009}, {"g": "f", "item": "Newsprint", "p": 1069.0, "s": 828.0, "year": 2011, "partner": 5009}, {"g": "f", "item": "Sawnwood (C)", "p": 3.0, "s": 1.0, "year": 2011, "partner": 5009}, {"g": "f", "item": "Sawnwood (NC)", "p": 15.0, "s": 12.0, "year": 2011, "partner": 5009}, {"g": "f", "item": "Ind Rwd Wir (C)", "p": 21.0, "s": 1.0, "year": 2011, "partner": 5009}, {"g": "f", "item": "Paper+-Board Ex Newsprnt", "p": 1170.0, "s": 1064.0, "year": 2011, "partner": 5009}, {"g": "f", "item": "Plywood", "p": 122.0, "s": 113.0, "year": 2011, "partner": 5009}, {"g": "f", "item": "Fibreboard", "p": 85.0, "s": 30.0, "year": 2012, "partner": 5009}, {"g": "f", "item": "Newsprint", "p": 633.0, "s": 513.0, "year": 2012, "partner": 5009}, {"g": "f", "item": "Sawnwood (C)", "p": 19.0, "s": 10.0, "year": 2012, "partner": 5009}, {"g": "f", "item": "Sawnwood (NC)", "p": 15.0, "s": 12.0, "year": 2012, "partner": 5009}, {"g": "f", "item": "Paper+-Board Ex Newsprnt", "p": 417.0, "s": 331.0, "year": 2012, "partner": 5009}, {"g": "f", "item": "Wood Pulp", "p": 21.0, "s": 24.0, "year": 2013, "partner": 5009}, {"g": "f", "item": "Fibreboard", "p": 918.0, "s": 434.0, "year": 2013, "partner": 5009}, {"g": "f", "item": "Ind Rwd Wir (NC) Other", "p": 620.0, "s": 745.0, "year": 2013, "partner": 5009}, {"g": "f", "item": "Sawnwood (C)", "p": 183.0, "s": 77.0, "year": 2013, "partner": 5009}, {"g": "f", "item": "Newsprint", "p": 754.0, "s": 543.0, "year": 2013, "partner": 5009}, {"g": "f", "item": "Ind Rwd Wir (C)", "p": 3347.0, "s": 204.0, "year": 2013, "partner": 5009}, {"g": "f", "item": "Paper+-Board Ex Newsprnt", "p": 743.0, "s": 810.0, "year": 2013, "partner": 5009}, {"g": "f", "item": "Plywood", "p": 568.0, "s": 528.0, "year": 2013, "partner": 5009}, {"g": "f", "item": "Sawnwood (C)", "p": 1.0, "s": 0.0, "year": 2014, "partner": 5009}, {"g": "f", "item": "Paper+-Board Ex Newsprnt", "p": 511.0, "s": 557.0, "year": 2014, "partner": 5009}, {"g": "f", "item": "Newsprint", "p": 395.0, "s": 225.0, "year": 2014, "partner": 5009}, {"g": "f", "item": "Plywood", "p": 146.0, "s": 132.0, "year": 2014, "partner": 5009}, {"g": "f", "item": "Paper+-Board Ex Newsprnt", "p": 42.0, "s": 145.0, "year": 1997, "partner": 150}, {"g": "f", "item": "Particle Board", "p": 163.0, "s": 28.0, "year": 2000, "partner": 150}, {"g": "f", "item": "Paper+-Board Ex Newsprnt", "p": 141.0, "s": 65.0, "year": 2001, "partner": 150}, {"g": "f", "item": "Newsprint", "p": 97.0, "s": 49.0, "year": 2002, "partner": 150}, {"g": "f", "item": "Paper+-Board Ex Newsprnt", "p": 1.0, "s": 4.0, "year": 2004, "partner": 150}, {"g": "f", "item": "Veneer Sheets", "p": 4.0, "s": 13.0, "year": 2010, "partner": 150}, {"g": "f", "item": "Ind Rwd Wir (NC) Other", "p": 29.0, "s": 10.0, "year": 2011, "partner": 150}, {"g": "f", "item": "Plywood", "p": 19.0, "s": 12.0, "year": 2011, "partner": 150}, {"g": "f", "item": "Plywood", "p": 119.0, "s": 56.0, "year": 2013, "partner": 150}, {"g": "f", "item": "Sawnwood (C)", "p": 13.0, "s": 3.0, "year": 2005, "partner": 27}, {"g": "f", "item": "Sawnwood (C)", "p": 49.0, "s": 7.0, "year": 2001, "partner": 33}, {"g": "f", "item": "Sawnwood (C)", "p": 3.0, "s": 1.0, "year": 2011, "partner": 33}, {"g": "f", "item": "Plywood", "p": 1.0, "s": 2.0, "year": 2011, "partner": 33}, {"g": "f", "item": "Plywood", "p": 3.0, "s": 1.0, "year": 2006, "partner": 33}, {"g": "f", "item": "Paper+-Board Ex Newsprnt", "p": 44.0, "s": 68.0, "year": 2004, "partner": 162}, {"g": "f", "item": "Paper+-Board Ex Newsprnt", "p": 55.0, "s": 13.0, "year": 1997, "partner": 162}, {"g": "f", "item": "Paper+-Board Ex Newsprnt", "p": 140.0, "s": 40.0, "year": 1998, "partner": 162}, {"g": "f", "item": "Particle Board", "p": 131.0, "s": 12.0, "year": 1998, "partner": 44}, {"g": "f", "item": "Paper+-Board Ex Newsprnt", "p": 23.0, "s": 20.0, "year": 2004, "partner": 173}, {"g": "f", "item": "Fibreboard", "p": 6.0, "s": 5.0, "year": 2003, "partner": 223}, {"g": "f", "item": "Sawnwood (C)", "p": 2448.0, "s": 256.0, "year": 2001, "partner": 183}, {"g": "f", "item": "Fibreboard", "p": 8616.0, "s": 622.0, "year": 2001, "partner": 183}, {"g": "f", "item": "Sawnwood (C)", "p": 1196.0, "s": 119.0, "year": 2002, "partner": 183}, {"g": "f", "item": "Fibreboard", "p": 13682.0, "s": 1250.0, "year": 2002, "partner": 183}, {"g": "f", "item": "Fibreboard", "p": 2529.0, "s": 210.0, "year": 2003, "partner": 183}, {"g": "f", "item": "Sawnwood (C)", "p": 1094.0, "s": 154.0, "year": 1997, "partner": 183}, {"g": "f", "item": "Sawnwood (C)", "p": 661.0, "s": 85.0, "year": 1998, "partner": 183}, {"g": "f", "item": "Newsprint", "p": 96.0, "s": 30.0, "year": 2001, "partner": 185}, {"g": "f", "item": "Newsprint", "p": 104.0, "s": 37.0, "year": 2002, "partner": 185}, {"g": "f", "item": "Newsprint", "p": 1.0, "s": 1.0, "year": 1997, "partner": 59}, {"g": "f", "item": "Paper+-Board Ex Newsprnt", "p": 3.0, "s": 1.0, "year": 2008, "partner": 59}, {"g": "f", "item": "Paper+-Board Ex Newsprnt", "p": 12.0, "s": 17.0, "year": 2010, "partner": 59}, {"g": "f", "item": "Paper+-Board Ex Newsprnt", "p": 48.0, "s": 38.0, "year": 2011, "partner": 59}, {"g": "f", "item": "Paper+-Board Ex Newsprnt", "p": 35.0, "s": 43.0, "year": 2012, "partner": 59}, {"g": "f", "item": "Paper+-Board Ex Newsprnt", "p": 125.0, "s": 313.0, "year": 2013, "partner": 59}, {"g": "f", "item": "Paper+-Board Ex Newsprnt", "p": 46.0, "s": 49.0, "year": 2014, "partner": 59}, {"g": "f", "item": "Ind Rwd Wir (NC) Other", "p": 620.0, "s": 745.0, "year": 2013, "partner": 194}, {"g": "f", "item": "Ind Rwd Wir (C)", "p": 3347.0, "s": 204.0, "year": 2013, "partner": 194}, {"g": "f", "item": "Fibreboard", "p": 873.0, "s": 433.0, "year": 2013, "partner": 194}, {"g": "f", "item": "Plywood", "p": 402.0, "s": 451.0, "year": 2013, "partner": 194}, {"g": "f", "item": "Ind Rwd Wir (NC) Other", "p": 618.0, "s": 479.0, "year": 2006, "partner": 194}, {"g": "f", "item": "Sawnwood (C)", "p": 313.0, "s": 237.0, "year": 2006, "partner": 194}, {"g": "f", "item": "Ind Rwd Wir (C)", "p": 2649.0, "s": 162.0, "year": 2006, "partner": 194}, {"g": "f", "item": "Paper+-Board Ex Newsprnt", "p": 146.0, "s": 270.0, "year": 2006, "partner": 194}, {"g": "f", "item": "Plywood", "p": 63.0, "s": 29.0, "year": 2006, "partner": 194}, {"g": "f", "item": "Paper+-Board Ex Newsprnt", "p": 15.0, "s": 45.0, "year": 2007, "partner": 194}, {"g": "f", "item": "Ind Rwd Wir (NC) Other", "p": 175.0, "s": 79.0, "year": 2007, "partner": 194}, {"g": "f", "item": "Ind Rwd Wir (C)", "p": 29.0, "s": 2.0, "year": 2007, "partner": 194}, {"g": "f", "item": "Plywood", "p": 56.0, "s": 42.0, "year": 2007, "partner": 194}, {"g": "f", "item": "Paper+-Board Ex Newsprnt", "p": 14.0, "s": 13.0, "year": 1997, "partner": 67}, {"g": "f", "item": "Paper+-Board Ex Newsprnt", "p": 50.0, "s": 29.0, "year": 2000, "partner": 68}, {"g": "f", "item": "Paper+-Board Ex Newsprnt", "p": 1.0, "s": 3.0, "year": 2010, "partner": 68}, {"g": "f", "item": "Paper+-Board Ex Newsprnt", "p": 91.0, "s": 57.0, "year": 1997, "partner": 68}, {"g": "f", "item": "Newsprint", "p": 23.0, "s": 8.0, "year": 1997, "partner": 68}, {"g": "f", "item": "Paper+-Board Ex Newsprnt", "p": 59.0, "s": 41.0, "year": 1998, "partner": 68}, {"g": "f", "item": "Paper+-Board Ex Newsprnt", "p": 1.0, "s": 8.0, "year": 2007, "partner": 68}, {"g": "f", "item": "Particle Board", "p": 2.0, "s": 0.0, "year": 2000, "partner": 198}, {"g": "f", "item": "Paper+-Board Ex Newsprnt", "p": 25.0, "s": 34.0, "year": 2009, "partner": 198}, {"g": "f", "item": "Paper+-Board Ex Newsprnt", "p": 367.0, "s": 257.0, "year": 2004, "partner": 198}, {"g": "f", "item": "Plywood", "p": 126.0, "s": 39.0, "year": 1999, "partner": 200}, {"g": "f", "item": "Paper+-Board Ex Newsprnt", "p": 10.0, "s": 16.0, "year": 1999, "partner": 202}, {"g": "f", "item": "Paper+-Board Ex Newsprnt", "p": 31.0, "s": 13.0, "year": 2002, "partner": 202}, {"g": "f", "item": "Newsprint", "p": 13.0, "s": 6.0, "year": 2002, "partner": 202}, {"g": "f", "item": "Plywood", "p": 8.0, "s": 3.0, "year": 2002, "partner": 202}, {"g": "f", "item": "Paper+-Board Ex Newsprnt", "p": 36.0, "s": 25.0, "year": 2003, "partner": 202}, {"g": "f", "item": "Paper+-Board Ex Newsprnt", "p": 56.0, "s": 44.0, "year": 2004, "partner": 202}, {"g": "f", "item": "Ind Rwd Wir (C)", "p": 1843.0, "s": 270.0, "year": 2004, "partner": 202}, {"g": "f", "item": "Paper+-Board Ex Newsprnt", "p": 19.0, "s": 16.0, "year": 2005, "partner": 202}, {"g": "f", "item": "Ind Rwd Wir (C)", "p": 6444.0, "s": 393.0, "year": 2005, "partner": 202}, {"g": "f", "item": "Paper+-Board Ex Newsprnt", "p": 117.0, "s": 82.0, "year": 2006, "partner": 202}, {"g": "f", "item": "Ind Rwd Wir (C)", "p": 582.0, "s": 36.0, "year": 2006, "partner": 202}, {"g": "f", "item": "Paper+-Board Ex Newsprnt", "p": 20.0, "s": 16.0, "year": 2007, "partner": 202}, {"g": "f", "item": "Ind Rwd Wir (C)", "p": 943.0, "s": 58.0, "year": 2007, "partner": 202}, {"g": "f", "item": "Sawnwood (C)", "p": 41.0, "s": 22.0, "year": 2008, "partner": 202}, {"g": "f", "item": "Paper+-Board Ex Newsprnt", "p": 39.0, "s": 34.0, "year": 2008, "partner": 202}, {"g": "f", "item": "Paper+-Board Ex Newsprnt", "p": 40.0, "s": 35.0, "year": 2009, "partner": 202}, {"g": "f", "item": "Paper+-Board Ex Newsprnt", "p": 20.0, "s": 20.0, "year": 2010, "partner": 202}, {"g": "f", "item": "Ind Rwd Wir (C)", "p": 11.0, "s": 1.0, "year": 2010, "partner": 202}, {"g": "f", "item": "Paper+-Board Ex Newsprnt", "p": 24.0, "s": 33.0, "year": 1998, "partner": 203}, {"g": "f", "item": "Paper+-Board Ex Newsprnt", "p": 52.0, "s": 51.0, "year": 1999, "partner": 203}, {"g": "f", "item": "Paper+-Board Ex Newsprnt", "p": 46.0, "s": 54.0, "year": 2001, "partner": 203}, {"g": "f", "item": "Paper+-Board Ex Newsprnt", "p": 136.0, "s": 58.0, "year": 2003, "partner": 203}, {"g": "f", "item": "Paper+-Board Ex Newsprnt", "p": 194.0, "s": 99.0, "year": 2005, "partner": 203}, {"g": "f", "item": "Paper+-Board Ex Newsprnt", "p": 103.0, "s": 83.0, "year": 2009, "partner": 203}, {"g": "f", "item": "Newsprint", "p": 248.0, "s": 148.0, "year": 2009, "partner": 203}, {"g": "f", "item": "Ind Rwd Wir (NC) Other", "p": 239.0, "s": 18.0, "year": 2002, "partner": 226}, {"g": "f", "item": "Ind Rwd Wir (C)", "p": 110.0, "s": 5.0, "year": 2002, "partner": 226}, {"g": "f", "item": "Paper+-Board Ex Newsprnt", "p": 52.0, "s": 85.0, "year": 1997, "partner": 79}, {"g": "f", "item": "Particle Board", "p": 34.0, "s": 8.0, "year": 1997, "partner": 79}, {"g": "f", "item": "Plywood", "p": 15.0, "s": 23.0, "year": 1997, "partner": 79}, {"g": "f", "item": "Paper+-Board Ex Newsprnt", "p": 283.0, "s": 172.0, "year": 1998, "partner": 79}, {"g": "f", "item": "Paper+-Board Ex Newsprnt", "p": 5.0, "s": 9.0, "year": 1999, "partner": 79}, {"g": "f", "item": "Paper+-Board Ex Newsprnt", "p": 97.0, "s": 121.0, "year": 2000, "partner": 79}, {"g": "f", "item": "Paper+-Board Ex Newsprnt", "p": 74.0, "s": 45.0, "year": 2002, "partner": 79}, {"g": "f", "item": "Paper+-Board Ex Newsprnt", "p": 100.0, "s": 65.0, "year": 2003, "partner": 79}, {"g": "f", "item": "Newsprint", "p": 128.0, "s": 63.0, "year": 2003, "partner": 79}, {"g": "f", "item": "Paper+-Board Ex Newsprnt", "p": 343.0, "s": 509.0, "year": 2004, "partner": 79}, {"g": "f", "item": "Paper+-Board Ex Newsprnt", "p": 103.0, "s": 153.0, "year": 2005, "partner": 79}, {"g": "f", "item": "Paper+-Board Ex Newsprnt", "p": 16.0, "s": 25.0, "year": 2006, "partner": 79}, {"g": "f", "item": "Paper+-Board Ex Newsprnt", "p": 16.0, "s": 46.0, "year": 2007, "partner": 79}, {"g": "f", "item": "Particle Board", "p": 23.0, "s": 12.0, "year": 2008, "partner": 79}, {"g": "f", "item": "Paper+-Board Ex Newsprnt", "p": 171.0, "s": 136.0, "year": 2009, "partner": 79}, {"g": "f", "item": "Paper+-Board Ex Newsprnt", "p": 52.0, "s": 45.0, "year": 2011, "partner": 79}, {"g": "f", "item": "Paper+-Board Ex Newsprnt", "p": 40.0, "s": 54.0, "year": 2013, "partner": 79}, {"g": "f", "item": "Sawnwood (C)", "p": 33.0, "s": 16.0, "year": 1997, "partner": 210}, {"g": "f", "item": "Paper+-Board Ex Newsprnt", "p": 16.0, "s": 16.0, "year": 1997, "partner": 210}, {"g": "f", "item": "Paper+-Board Ex Newsprnt", "p": 134.0, "s": 51.0, "year": 1998, "partner": 210}, {"g": "f", "item": "Paper+-Board Ex Newsprnt", "p": 23.0, "s": 20.0, "year": 1999, "partner": 210}, {"g": "f", "item": "Paper+-Board Ex Newsprnt", "p": 17.0, "s": 25.0, "year": 2000, "partner": 210}, {"g": "f", "item": "Ind Rwd Wir (C)", "p": 7.0, "s": 3.0, "year": 2000, "partner": 210}, {"g": "f", "item": "Paper+-Board Ex Newsprnt", "p": 186.0, "s": 61.0, "year": 2001, "partner": 210}, {"g": "f", "item": "Paper+-Board Ex Newsprnt", "p": 37.0, "s": 30.0, "year": 2002, "partner": 210}, {"g": "f", "item": "Particle Board", "p": 1.0, "s": 1.0, "year": 2002, "partner": 210}, {"g": "f", "item": "Sawnwood (C)", "p": 29.0, "s": 12.0, "year": 2004, "partner": 210}, {"g": "f", "item": "Paper+-Board Ex Newsprnt", "p": 100.0, "s": 111.0, "year": 2004, "partner": 210}, {"g": "f", "item": "Paper+-Board Ex Newsprnt", "p": 47.0, "s": 38.0, "year": 2005, "partner": 210}, {"g": "f", "item": "Newsprint", "p": 275.0, "s": 148.0, "year": 2007, "partner": 210}, {"g": "f", "item": "Newsprint", "p": 44.0, "s": 33.0, "year": 2009, "partner": 210}, {"g": "f", "item": "Newsprint", "p": 74.0, "s": 31.0, "year": 2003, "partner": 211}, {"g": "f", "item": "Paper+-Board Ex Newsprnt", "p": 3.0, "s": 6.0, "year": 2014, "partner": 211}, {"g": "f", "item": "Sawnwood (NC)", "p": 140.0, "s": 9.0, "year": 2010, "partner": 215}, {"g": "f", "item": "Sawnwood (C)", "p": 101.0, "s": 16.0, "year": 2005, "partner": 215}, {"g": "f", "item": "Sawnwood (NC)", "p": 325.0, "s": 50.0, "year": 2005, "partner": 215}, {"g": "f", "item": "Sawnwood (C)", "p": 466.0, "s": 69.0, "year": 2006, "partner": 215}, {"g": "f", "item": "Paper+-Board Ex Newsprnt", "p": 5.0, "s": 6.0, "year": 1999, "partner": 215}, {"g": "f", "item": "Paper+-Board Ex Newsprnt", "p": 18.0, "s": 19.0, "year": 2009, "partner": 216}, {"g": "f", "item": "Paper+-Board Ex Newsprnt", "p": 31.0, "s": 22.0, "year": 2003, "partner": 216}, {"g": "f", "item": "Paper+-Board Ex Newsprnt", "p": 56.0, "s": 50.0, "year": 2014, "partner": 216}, {"g": "f", "item": "Paper+-Board Ex Newsprnt", "p": 54.0, "s": 41.0, "year": 2006, "partner": 216}, {"g": "f", "item": "Paper+-Board Ex Newsprnt", "p": 8.0, "s": 8.0, "year": 1998, "partner": 351}, {"g": "f", "item": "Paper+-Board Ex Newsprnt", "p": 58.0, "s": 77.0, "year": 1999, "partner": 351}, {"g": "f", "item": "Paper+-Board Ex Newsprnt", "p": 2.0, "s": 1.0, "year": 2001, "partner": 351}, {"g": "f", "item": "Paper+-Board Ex Newsprnt", "p": 7.0, "s": 4.0, "year": 2002, "partner": 351}, {"g": "f", "item": "Paper+-Board Ex Newsprnt", "p": 16.0, "s": 7.0, "year": 2003, "partner": 351}, {"g": "f", "item": "Sawnwood (NC)", "p": 98.0, "s": 6.0, "year": 2004, "partner": 351}, {"g": "f", "item": "Plywood", "p": 63.0, "s": 21.0, "year": 2005, "partner": 351}, {"g": "f", "item": "Fibreboard", "p": 46.0, "s": 6.0, "year": 2005, "partner": 351}, {"g": "f", "item": "Paper+-Board Ex Newsprnt", "p": 42.0, "s": 30.0, "year": 2007, "partner": 351}, {"g": "f", "item": "Fibreboard", "p": 641.0, "s": 51.0, "year": 2007, "partner": 351}, {"g": "f", "item": "Sawnwood (C)", "p": 298.0, "s": 155.0, "year": 2008, "partner": 351}, {"g": "f", "item": "Veneer Sheets", "p": 10.0, "s": 4.0, "year": 2008, "partner": 351}, {"g": "f", "item": "Paper+-Board Ex Newsprnt", "p": 6.0, "s": 3.0, "year": 2008, "partner": 351}, {"g": "f", "item": "Fibreboard", "p": 45.0, "s": 1.0, "year": 2008, "partner": 351}, {"g": "f", "item": "Veneer Sheets", "p": 16.0, "s": 4.0, "year": 2009, "partner": 351}, {"g": "f", "item": "Newsprint", "p": 400.0, "s": 249.0, "year": 2009, "partner": 351}, {"g": "f", "item": "Sawnwood (NC)", "p": 23.0, "s": 17.0, "year": 2009, "partner": 351}, {"g": "f", "item": "Plywood", "p": 16.0, "s": 28.0, "year": 2009, "partner": 351}, {"g": "f", "item": "Paper+-Board Ex Newsprnt", "p": 99.0, "s": 82.0, "year": 2009, "partner": 351}, {"g": "f", "item": "Fibreboard", "p": 23.0, "s": 12.0, "year": 2010, "partner": 351}, {"g": "f", "item": "Veneer Sheets", "p": 78.0, "s": 49.0, "year": 2010, "partner": 351}, {"g": "f", "item": "Newsprint", "p": 630.0, "s": 405.0, "year": 2010, "partner": 351}, {"g": "f", "item": "Plywood", "p": 149.0, "s": 142.0, "year": 2010, "partner": 351}, {"g": "f", "item": "Paper+-Board Ex Newsprnt", "p": 462.0, "s": 375.0, "year": 2010, "partner": 351}, {"g": "f", "item": "Fibreboard", "p": 111.0, "s": 44.0, "year": 2011, "partner": 351}, {"g": "f", "item": "Newsprint", "p": 1069.0, "s": 828.0, "year": 2011, "partner": 351}, {"g": "f", "item": "Sawnwood (NC)", "p": 13.0, "s": 7.0, "year": 2011, "partner": 351}, {"g": "f", "item": "Ind Rwd Wir (C)", "p": 21.0, "s": 1.0, "year": 2011, "partner": 351}, {"g": "f", "item": "Paper+-Board Ex Newsprnt", "p": 894.0, "s": 812.0, "year": 2011, "partner": 351}, {"g": "f", "item": "Plywood", "p": 101.0, "s": 97.0, "year": 2011, "partner": 351}, {"g": "f", "item": "Sawnwood (C)", "p": 19.0, "s": 10.0, "year": 2012, "partner": 351}, {"g": "f", "item": "Paper+-Board Ex Newsprnt", "p": 83.0, "s": 61.0, "year": 2012, "partner": 351}, {"g": "f", "item": "Newsprint", "p": 633.0, "s": 513.0, "year": 2012, "partner": 351}, {"g": "f", "item": "Fibreboard", "p": 34.0, "s": 24.0, "year": 2012, "partner": 351}, {"g": "f", "item": "Wood Pulp", "p": 21.0, "s": 24.0, "year": 2013, "partner": 351}, {"g": "f", "item": "Sawnwood (C)", "p": 183.0, "s": 77.0, "year": 2013, "partner": 351}, {"g": "f", "item": "Newsprint", "p": 754.0, "s": 543.0, "year": 2013, "partner": 351}, {"g": "f", "item": "Plywood", "p": 47.0, "s": 21.0, "year": 2013, "partner": 351}, {"g": "f", "item": "Paper+-Board Ex Newsprnt", "p": 312.0, "s": 297.0, "year": 2013, "partner": 351}, {"g": "f", "item": "Sawnwood (C)", "p": 1.0, "s": 0.0, "year": 2014, "partner": 351}, {"g": "f", "item": "Paper+-Board Ex Newsprnt", "p": 178.0, "s": 257.0, "year": 2014, "partner": 351}, {"g": "f", "item": "Newsprint", "p": 395.0, "s": 225.0, "year": 2014, "partner": 351}, {"g": "f", "item": "Plywood", "p": 146.0, "s": 132.0, "year": 2014, "partner": 351}, {"g": "f", "item": "Veneer Sheets", "p": 6.0, "s": 13.0, "year": 2008, "partner": 225}, {"g": "f", "item": "Ind Rwd Wir (NC) Other", "p": 249.0, "s": 121.0, "year": 2008, "partner": 225}, {"g": "f", "item": "Sawnwood (C)", "p": 522.0, "s": 201.0, "year": 2008, "partner": 225}, {"g": "f", "item": "Sawnwood (NC)", "p": 324.0, "s": 350.0, "year": 2008, "partner": 225}, {"g": "f", "item": "Plywood", "p": 244.0, "s": 189.0, "year": 2008, "partner": 225}, {"g": "f", "item": "Paper+-Board Ex Newsprnt", "p": 155.0, "s": 164.0, "year": 2008, "partner": 225}, {"g": "f", "item": "Sawnwood (C)", "p": 35.0, "s": 5.0, "year": 2000, "partner": 98}, {"g": "f", "item": "Sawnwood (C)", "p": 75.0, "s": 11.0, "year": 1997, "partner": 98}, {"g": "f", "item": "Sawnwood (NC)", "p": 3.0, "s": 1.0, "year": 1997, "partner": 98}, {"g": "f", "item": "Sawnwood (C)", "p": 78.0, "s": 14.0, "year": 1998, "partner": 98}, {"g": "f", "item": "Sawnwood (C)", "p": 146.0, "s": 22.0, "year": 1999, "partner": 98}, {"g": "f", "item": "Ind Rwd Wir (NC) Other", "p": 20.0, "s": 5.0, "year": 1997, "partner": 229}, {"g": "f", "item": "Paper+-Board Ex Newsprnt", "p": 25.0, "s": 70.0, "year": 1999, "partner": 229}, {"g": "f", "item": "Paper+-Board Ex Newsprnt", "p": 19.0, "s": 45.0, "year": 2000, "partner": 229}, {"g": "f", "item": "Paper+-Board Ex Newsprnt", "p": 11.0, "s": 24.0, "year": 2001, "partner": 229}, {"g": "f", "item": "Paper+-Board Ex Newsprnt", "p": 17.0, "s": 44.0, "year": 2002, "partner": 229}, {"g": "f", "item": "Veneer Sheets", "p": 1.0, "s": 47.0, "year": 2003, "partner": 229}, {"g": "f", "item": "Paper+-Board Ex Newsprnt", "p": 28.0, "s": 61.0, "year": 2003, "partner": 229}, {"g": "f", "item": "Veneer Sheets", "p": 1.0, "s": 17.0, "year": 2004, "partner": 229}, {"g": "f", "item": "Paper+-Board Ex Newsprnt", "p": 11.0, "s": 34.0, "year": 2004, "partner": 229}, {"g": "f", "item": "Veneer Sheets", "p": 1.0, "s": 119.0, "year": 2005, "partner": 229}, {"g": "f", "item": "Paper+-Board Ex Newsprnt", "p": 20.0, "s": 55.0, "year": 2005, "partner": 229}, {"g": "f", "item": "Paper+-Board Ex Newsprnt", "p": 7.0, "s": 22.0, "year": 2006, "partner": 229}, {"g": "f", "item": "Paper+-Board Ex Newsprnt", "p": 243.0, "s": 188.0, "year": 2003, "partner": 100}, {"g": "f", "item": "Paper+-Board Ex Newsprnt", "p": 441.0, "s": 346.0, "year": 2004, "partner": 100}, {"g": "f", "item": "Paper+-Board Ex Newsprnt", "p": 3.0, "s": 2.0, "year": 2006, "partner": 100}, {"g": "f", "item": "Paper+-Board Ex Newsprnt", "p": 326.0, "s": 255.0, "year": 2007, "partner": 100}, {"g": "f", "item": "Paper+-Board Ex Newsprnt", "p": 91.0, "s": 79.0, "year": 2008, "partner": 100}, {"g": "f", "item": "Paper+-Board Ex Newsprnt", "p": 27.0, "s": 12.0, "year": 2009, "partner": 100}, {"g": "f", "item": "Paper+-Board Ex Newsprnt", "p": 40.0, "s": 48.0, "year": 2010, "partner": 100}, {"g": "f", "item": "Paper+-Board Ex Newsprnt", "p": 188.0, "s": 160.0, "year": 2011, "partner": 100}, {"g": "f", "item": "Paper+-Board Ex Newsprnt", "p": 37.0, "s": 26.0, "year": 2012, "partner": 100}, {"g": "f", "item": "Paper+-Board Ex Newsprnt", "p": 205.0, "s": 94.0, "year": 2013, "partner": 100}, {"g": "f", "item": "Paper+-Board Ex Newsprnt", "p": 207.0, "s": 146.0, "year": 2014, "partner": 100}, {"g": "f", "item": "Plywood", "p": 411.0, "s": 201.0, "year": 1997, "partner": 101}, {"g": "f", "item": "Plywood", "p": 177.0, "s": 37.0, "year": 1998, "partner": 101}, {"g": "f", "item": "Paper+-Board Ex Newsprnt", "p": 149.0, "s": 116.0, "year": 1999, "partner": 101}, {"g": "f", "item": "Paper+-Board Ex Newsprnt", "p": 421.0, "s": 342.0, "year": 2000, "partner": 101}, {"g": "f", "item": "Paper+-Board Ex Newsprnt", "p": 20.0, "s": 19.0, "year": 2001, "partner": 101}, {"g": "f", "item": "Paper+-Board Ex Newsprnt", "p": 16.0, "s": 11.0, "year": 2003, "partner": 101}, {"g": "f", "item": "Paper+-Board Ex Newsprnt", "p": 139.0, "s": 142.0, "year": 2004, "partner": 101}, {"g": "f", "item": "Paper+-Board Ex Newsprnt", "p": 127.0, "s": 93.0, "year": 2006, "partner": 101}, {"g": "f", "item": "Newsprint", "p": 300.0, "s": 174.0, "year": 2006, "partner": 101}, {"g": "f", "item": "Paper+-Board Ex Newsprnt", "p": 21.0, "s": 16.0, "year": 2013, "partner": 101}, {"g": "f", "item": "Paper+-Board Ex Newsprnt", "p": 16.0, "s": 5.0, "year": 2001, "partner": 231}, {"g": "f", "item": "Plywood", "p": 134.0, "s": 43.0, "year": 2001, "partner": 231}, {"g": "f", "item": "Paper+-Board Ex Newsprnt", "p": 5.0, "s": 5.0, "year": 1997, "partner": 231}, {"g": "f", "item": "Sawnwood (NC)", "p": 41.0, "s": 27.0, "year": 1997, "partner": 231}, {"g": "f", "item": "Plywood", "p": 114.0, "s": 37.0, "year": 2005, "partner": 231}, {"g": "f", "item": "Plywood", "p": 29.0, "s": 10.0, "year": 2006, "partner": 231}, {"g": "f", "item": "Paper+-Board Ex Newsprnt", "p": 3.0, "s": 18.0, "year": 2007, "partner": 231}, {"g": "f", "item": "Particle Board", "p": 55.0, "s": 34.0, "year": 2007, "partner": 231}, {"g": "f", "item": "Fibreboard", "p": 17.0, "s": 29.0, "year": 1997, "partner": 106}, {"g": "f", "item": "Particle Board", "p": 46.0, "s": 13.0, "year": 1997, "partner": 106}, {"g": "f", "item": "Sawnwood (C)", "p": 49.0, "s": 6.0, "year": 1997, "partner": 106}, {"g": "f", "item": "Sawnwood (NC)", "p": 7.0, "s": 2.0, "year": 1997, "partner": 106}, {"g": "f", "item": "Paper+-Board Ex Newsprnt", "p": 53.0, "s": 70.0, "year": 1997, "partner": 106}, {"g": "f", "item": "Paper+-Board Ex Newsprnt", "p": 125.0, "s": 339.0, "year": 1998, "partner": 106}, {"g": "f", "item": "Sawnwood (NC)", "p": 259.0, "s": 77.0, "year": 1998, "partner": 106}, {"g": "f", "item": "Plywood", "p": 50.0, "s": 13.0, "year": 1998, "partner": 106}, {"g": "f", "item": "Wood Pulp", "p": 30.0, "s": 24.0, "year": 1999, "partner": 106}, {"g": "f", "item": "Fibreboard", "p": 4.0, "s": 2.0, "year": 1999, "partner": 106}, {"g": "f", "item": "Veneer Sheets", "p": 3.0, "s": 1.0, "year": 1999, "partner": 106}, {"g": "f", "item": "Particle Board", "p": 25.0, "s": 5.0, "year": 1999, "partner": 106}, {"g": "f", "item": "Sawnwood (NC)", "p": 4.0, "s": 12.0, "year": 1999, "partner": 106}, {"g": "f", "item": "Plywood", "p": 28.0, "s": 7.0, "year": 1999, "partner": 106}, {"g": "f", "item": "Paper+-Board Ex Newsprnt", "p": 318.0, "s": 206.0, "year": 1999, "partner": 106}, {"g": "f", "item": "Wood Pulp", "p": 98.0, "s": 127.0, "year": 2000, "partner": 106}, {"g": "f", "item": "Fibreboard", "p": 52.0, "s": 13.0, "year": 2000, "partner": 106}, {"g": "f", "item": "Veneer Sheets", "p": 10.0, "s": 3.0, "year": 2000, "partner": 106}, {"g": "f", "item": "Sawnwood (NC)", "p": 1.0, "s": 6.0, "year": 2000, "partner": 106}, {"g": "f", "item": "Paper+-Board Ex Newsprnt", "p": 112.0, "s": 91.0, "year": 2000, "partner": 106}, {"g": "f", "item": "Ind Rwd Wir (NC) Other", "p": 8.0, "s": 7.0, "year": 2001, "partner": 106}, {"g": "f", "item": "Particle Board", "p": 4.0, "s": 13.0, "year": 2001, "partner": 106}, {"g": "f", "item": "Sawnwood (C)", "p": 7.0, "s": 4.0, "year": 2001, "partner": 106}, {"g": "f", "item": "Sawnwood (NC)", "p": 118.0, "s": 34.0, "year": 2001, "partner": 106}, {"g": "f", "item": "Paper+-Board Ex Newsprnt", "p": 34.0, "s": 150.0, "year": 2001, "partner": 106}, {"g": "f", "item": "Sawnwood (C)", "p": 20.0, "s": 22.0, "year": 2002, "partner": 106}, {"g": "f", "item": "Veneer Sheets", "p": 4.0, "s": 1.0, "year": 2002, "partner": 106}, {"g": "f", "item": "Particle Board", "p": 68.0, "s": 15.0, "year": 2002, "partner": 106}, {"g": "f", "item": "Paper+-Board Ex Newsprnt", "p": 122.0, "s": 210.0, "year": 2002, "partner": 106}, {"g": "f", "item": "Paper+-Board Ex Newsprnt", "p": 563.0, "s": 442.0, "year": 2003, "partner": 106}, {"g": "f", "item": "Particle Board", "p": 13.0, "s": 6.0, "year": 2003, "partner": 106}, {"g": "f", "item": "Paper+-Board Ex Newsprnt", "p": 119.0, "s": 132.0, "year": 2004, "partner": 106}, {"g": "f", "item": "Veneer Sheets", "p": 1.0, "s": 2.0, "year": 2004, "partner": 106}, {"g": "f", "item": "Sawnwood (NC)", "p": 23.0, "s": 23.0, "year": 2004, "partner": 106}, {"g": "f", "item": "Plywood", "p": 2.0, "s": 6.0, "year": 2004, "partner": 106}, {"g": "f", "item": "Paper+-Board Ex Newsprnt", "p": 192.0, "s": 142.0, "year": 2005, "partner": 106}, {"g": "f", "item": "Sawnwood (NC)", "p": 5.0, "s": 5.0, "year": 2005, "partner": 106}, {"g": "f", "item": "Sawnwood (C)", "p": 16.0, "s": 7.0, "year": 2006, "partner": 106}, {"g": "f", "item": "Paper+-Board Ex Newsprnt", "p": 9.0, "s": 13.0, "year": 2006, "partner": 106}, {"g": "f", "item": "Plywood", "p": 4.0, "s": 2.0, "year": 2006, "partner": 106}, {"g": "f", "item": "Sawnwood (C)", "p": 36.0, "s": 13.0, "year": 2007, "partner": 106}, {"g": "f", "item": "Paper+-Board Ex Newsprnt", "p": 3.0, "s": 8.0, "year": 2007, "partner": 106}, {"g": "f", "item": "Sawnwood (C)", "p": 4.0, "s": 2.0, "year": 2008, "partner": 106}, {"g": "f", "item": "Paper+-Board Ex Newsprnt", "p": 6.0, "s": 130.0, "year": 2008, "partner": 106}, {"g": "f", "item": "Sawnwood (C)", "p": 2.0, "s": 3.0, "year": 2009, "partner": 106}, {"g": "f", "item": "Particle Board", "p": 6.0, "s": 4.0, "year": 2009, "partner": 106}, {"g": "f", "item": "Plywood", "p": 1.0, "s": 6.0, "year": 2009, "partner": 106}, {"g": "f", "item": "Sawnwood (C)", "p": 3.0, "s": 2.0, "year": 2010, "partner": 106}, {"g": "f", "item": "Paper+-Board Ex Newsprnt", "p": 3.0, "s": 5.0, "year": 2010, "partner": 106}, {"g": "f", "item": "Plywood", "p": 35.0, "s": 70.0, "year": 2010, "partner": 106}, {"g": "f", "item": "Paper+-Board Ex Newsprnt", "p": 5.0, "s": 4.0, "year": 2011, "partner": 106}, {"g": "f", "item": "Sawnwood (NC)", "p": 2.0, "s": 4.0, "year": 2011, "partner": 106}, {"g": "f", "item": "Paper+-Board Ex Newsprnt", "p": 18.0, "s": 16.0, "year": 2012, "partner": 106}, {"g": "f", "item": "Sawnwood (NC)", "p": 17.0, "s": 15.0, "year": 2012, "partner": 106}, {"g": "f", "item": "Paper+-Board Ex Newsprnt", "p": 20.0, "s": 21.0, "year": 2013, "partner": 106}, {"g": "f", "item": "Paper+-Board Ex Newsprnt", "p": 10.0, "s": 32.0, "year": 2014, "partner": 106}, {"g": "f", "item": "Sawnwood (C)", "p": 58.0, "s": 33.0, "year": 1997, "partner": 110}, {"g": "f", "item": "Plywood", "p": 8.0, "s": 15.0, "year": 1997, "partner": 110}, {"g": "f", "item": "Ind Rwd Wir (C)", "p": 142.0, "s": 9.0, "year": 2007, "partner": 110}, {"g": "f", "item": "Paper+-Board Ex Newsprnt", "p": 9.0, "s": 6.0, "year": 2000, "partner": 112}, {"g": "f", "item": "Paper+-Board Ex Newsprnt", "p": 15.0, "s": 14.0, "year": 2001, "partner": 112}, {"g": "f", "item": "Fibreboard", "p": 11.0, "s": 4.0, "year": 2001, "partner": 112}, {"g": "f", "item": "Paper+-Board Ex Newsprnt", "p": 13.0, "s": 19.0, "year": 2002, "partner": 112}, {"g": "f", "item": "Paper+-Board Ex Newsprnt", "p": 26.0, "s": 18.0, "year": 2003, "partner": 112}, {"g": "f", "item": "Paper+-Board Ex Newsprnt", "p": 4.0, "s": 14.0, "year": 2005, "partner": 112}, {"g": "f", "item": "Plywood", "p": 90.0, "s": 23.0, "year": 2000, "partner": 114}, {"g": "f", "item": "Paper+-Board Ex Newsprnt", "p": 10.0, "s": 12.0, "year": 2002, "partner": 114}, {"g": "f", "item": "Paper+-Board Ex Newsprnt", "p": 43.0, "s": 209.0, "year": 2003, "partner": 114}, {"g": "f", "item": "Sawnwood (NC)", "p": 12156.0, "s": 7.0, "year": 2004, "partner": 114}, {"g": "f", "item": "Paper+-Board Ex Newsprnt", "p": 42.0, "s": 178.0, "year": 2007, "partner": 114}, {"g": "f", "item": "Paper+-Board Ex Newsprnt", "p": 85.0, "s": 463.0, "year": 2008, "partner": 114}, {"g": "f", "item": "Paper+-Board Ex Newsprnt", "p": 77.0, "s": 491.0, "year": 2009, "partner": 114}, {"g": "f", "item": "Paper+-Board Ex Newsprnt", "p": 55.0, "s": 178.0, "year": 2010, "partner": 114}, {"g": "f", "item": "Ind Rwd Wir (C)", "p": 2450.0, "s": 1.0, "year": 2004, "partner": 249}, {"g": "f", "item": "Fibreboard", "p": 0.0, "s": 0.0, "year": 1997, "partner": 254}, {"g": "f", "item": "Ind Rwd Wir (NC) Other", "p": 0.0, "s": 0.0, "year": 1997, "partner": 254}, {"g": "f", "item": "Particle Board", "p": 20.0, "s": 0.0, "year": 1997, "partner": 254}, {"g": "f", "item": "Sawnwood (C)", "p": -9.0, "s": 0.0, "year": 1997, "partner": 254}, {"g": "f", "item": "Newsprint", "p": 0.0, "s": 0.0, "year": 1997, "partner": 254}, {"g": "f", "item": "Plywood", "p": -34.0, "s": 0.0, "year": 1997, "partner": 254}, {"g": "f", "item": "Sawnwood (NC)", "p": 49.0, "s": 0.0, "year": 1997, "partner": 254}, {"g": "f", "item": "Paper+-Board Ex Newsprnt", "p": -40.0, "s": 0.0, "year": 1997, "partner": 254}, {"g": "f", "item": "Particle Board", "p": -31.0, "s": 0.0, "year": 1998, "partner": 254}, {"g": "f", "item": "Sawnwood (C)", "p": 59261.0, "s": 19821.0, "year": 1998, "partner": 254}, {"g": "f", "item": "Sawnwood (NC)", "p": 41.0, "s": 0.0, "year": 1998, "partner": 254}, {"g": "f", "item": "Plywood", "p": -27.0, "s": 0.0, "year": 1998, "partner": 254}, {"g": "f", "item": "Paper+-Board Ex Newsprnt", "p": 25.0, "s": 0.0, "year": 1998, "partner": 254}, {"g": "f", "item": "Wood Pulp", "p": 0.0, "s": 0.0, "year": 1999, "partner": 254}, {"g": "f", "item": "Fibreboard", "p": 0.0, "s": 0.0, "year": 1999, "partner": 254}, {"g": "f", "item": "Veneer Sheets", "p": 0.0, "s": 0.0, "year": 1999, "partner": 254}, {"g": "f", "item": "Particle Board", "p": 75.0, "s": 7.0, "year": 1999, "partner": 254}, {"g": "f", "item": "Sawnwood (C)", "p": 12254.0, "s": 2648.0, "year": 1999, "partner": 254}, {"g": "f", "item": "Sawnwood (NC)", "p": 296.0, "s": 65.0, "year": 1999, "partner": 254}, {"g": "f", "item": "Plywood", "p": 4546.0, "s": 2469.0, "year": 1999, "partner": 254}, {"g": "f", "item": "Paper+-Board Ex Newsprnt", "p": 823.0, "s": 891.0, "year": 1999, "partner": 254}, {"g": "f", "item": "Wood Pulp", "p": 0.0, "s": 0.0, "year": 2000, "partner": 254}, {"g": "f", "item": "Fibreboard", "p": 0.0, "s": 0.0, "year": 2000, "partner": 254}, {"g": "f", "item": "Veneer Sheets", "p": 0.0, "s": 0.0, "year": 2000, "partner": 254}, {"g": "f", "item": "Particle Board", "p": -65.0, "s": -17.0, "year": 2000, "partner": 254}, {"g": "f", "item": "Sawnwood (C)", "p": 12365.0, "s": 2665.0, "year": 2000, "partner": 254}, {"g": "f", "item": "Sawnwood (NC)", "p": 299.0, "s": 71.0, "year": 2000, "partner": 254}, {"g": "f", "item": "Ind Rwd Wir (C)", "p": 0.0, "s": 0.0, "year": 2000, "partner": 254}, {"g": "f", "item": "Paper+-Board Ex Newsprnt", "p": 1182.0, "s": 815.0, "year": 2000, "partner": 254}, {"g": "f", "item": "Plywood", "p": 4610.0, "s": 2492.0, "year": 2000, "partner": 254}, {"g": "f", "item": "Fibreboard", "p": 0.0, "s": 0.0, "year": 2001, "partner": 254}, {"g": "f", "item": "Ind Rwd Wir (NC) Other", "p": 0.0, "s": 0.0, "year": 2001, "partner": 254}, {"g": "f", "item": "Particle Board", "p": 63.0, "s": -1.0, "year": 2001, "partner": 254}, {"g": "f", "item": "Sawnwood (C)", "p": 9896.0, "s": 2404.0, "year": 2001, "partner": 254}, {"g": "f", "item": "Newsprint", "p": 0.0, "s": 0.0, "year": 2001, "partner": 254}, {"g": "f", "item": "Plywood", "p": 4566.0, "s": 2472.0, "year": 2001, "partner": 254}, {"g": "f", "item": "Sawnwood (NC)", "p": 182.0, "s": 43.0, "year": 2001, "partner": 254}, {"g": "f", "item": "Paper+-Board Ex Newsprnt", "p": 1529.0, "s": 1116.0, "year": 2001, "partner": 254}, {"g": "f", "item": "Fibreboard", "p": 0.0, "s": 0.0, "year": 2002, "partner": 254}, {"g": "f", "item": "Ind Rwd Wir (NC) Other", "p": 0.0, "s": 0.0, "year": 2002, "partner": 254}, {"g": "f", "item": "Veneer Sheets", "p": 0.0, "s": 0.0, "year": 2002, "partner": 254}, {"g": "f", "item": "Particle Board", "p": 0.0, "s": 0.0, "year": 2002, "partner": 254}, {"g": "f", "item": "Sawnwood (C)", "p": 0.0, "s": -1.0, "year": 2002, "partner": 254}, {"g": "f", "item": "Newsprint", "p": 186.0, "s": 123.0, "year": 2002, "partner": 254}, {"g": "f", "item": "Ind Rwd Wir (C)", "p": 0.0, "s": 0.0, "year": 2002, "partner": 254}, {"g": "f", "item": "Paper+-Board Ex Newsprnt", "p": 210.0, "s": 185.0, "year": 2002, "partner": 254}, {"g": "f", "item": "Plywood", "p": 1692.0, "s": 647.0, "year": 2002, "partner": 254}, {"g": "f", "item": "Fibreboard", "p": 0.0, "s": 0.0, "year": 2003, "partner": 254}, {"g": "f", "item": "Veneer Sheets", "p": 0.0, "s": 0.0, "year": 2003, "partner": 254}, {"g": "f", "item": "Particle Board", "p": 0.0, "s": 0.0, "year": 2003, "partner": 254}, {"g": "f", "item": "Newsprint", "p": 0.0, "s": 0.0, "year": 2003, "partner": 254}, {"g": "f", "item": "Paper+-Board Ex Newsprnt", "p": 0.0, "s": 4.0, "year": 2003, "partner": 254}, {"g": "f", "item": "Veneer Sheets", "p": 22.0, "s": 0.0, "year": 2004, "partner": 254}, {"g": "f", "item": "Sawnwood (C)", "p": 41.0, "s": 0.0, "year": 2004, "partner": 254}, {"g": "f", "item": "Sawnwood (NC)", "p": -12130.0, "s": 9.0, "year": 2004, "partner": 254}, {"g": "f", "item": "Ind Rwd Wir (C)", "p": 136.0, "s": 0.0, "year": 2004, "partner": 254}, {"g": "f", "item": "Paper+-Board Ex Newsprnt", "p": 1165.0, "s": 389.0, "year": 2004, "partner": 254}, {"g": "f", "item": "Plywood", "p": 16.0, "s": 0.0, "year": 2004, "partner": 254}, {"g": "f", "item": "Fibreboard", "p": 2489.0, "s": 209.0, "year": 2005, "partner": 254}, {"g": "f", "item": "Veneer Sheets", "p": 23.0, "s": -100.0, "year": 2005, "partner": 254}, {"g": "f", "item": "Sawnwood (C)", "p": -44.0, "s": -7.0, "year": 2005, "partner": 254}, {"g": "f", "item": "Sawnwood (NC)", "p": -183.0, "s": -10.0, "year": 2005, "partner": 254}, {"g": "f", "item": "Ind Rwd Wir (C)", "p": -2015.0, "s": -123.0, "year": 2005, "partner": 254}, {"g": "f", "item": "Paper+-Board Ex Newsprnt", "p": 2307.0, "s": 1606.0, "year": 2005, "partner": 254}, {"g": "f", "item": "Plywood", "p": -159.0, "s": -52.0, "year": 2005, "partner": 254}, {"g": "f", "item": "Sawnwood (C)", "p": -725.0, "s": -301.0, "year": 2006, "partner": 254}, {"g": "f", "item": "Newsprint", "p": -98.0, "s": -80.0, "year": 2006, "partner": 254}, {"g": "f", "item": "Ind Rwd Wir (C)", "p": 1198.0, "s": 73.0, "year": 2006, "partner": 254}, {"g": "f", "item": "Paper+-Board Ex Newsprnt", "p": 2407.0, "s": 1577.0, "year": 2006, "partner": 254}, {"g": "f", "item": "Plywood", "p": -81.0, "s": -36.0, "year": 2006, "partner": 254}, {"g": "f", "item": "Paper+-Board Ex Newsprnt", "p": 1047.0, "s": 672.0, "year": 2007, "partner": 254}, {"g": "f", "item": "Fibreboard", "p": 5.0, "s": 5.0, "year": 2007, "partner": 254}, {"g": "f", "item": "Fibreboard", "p": 183.0, "s": 32.0, "year": 2008, "partner": 254}, {"g": "f", "item": "Ind Rwd Wir (NC) Other", "p": 0.0, "s": 0.0, "year": 2008, "partner": 254}, {"g": "f", "item": "Veneer Sheets", "p": 0.0, "s": 0.0, "year": 2008, "partner": 254}, {"g": "f", "item": "Particle Board", "p": 0.0, "s": 0.0, "year": 2008, "partner": 254}, {"g": "f", "item": "Sawnwood (C)", "p": 0.0, "s": 1.0, "year": 2008, "partner": 254}, {"g": "f", "item": "Sawnwood (NC)", "p": 0.0, "s": 0.0, "year": 2008, "partner": 254}, {"g": "f", "item": "Plywood", "p": 1.0, "s": 0.0, "year": 2008, "partner": 254}, {"g": "f", "item": "Paper+-Board Ex Newsprnt", "p": 483.0, "s": 293.0, "year": 2008, "partner": 254}, {"g": "f", "item": "Particle Board", "p": 0.0, "s": 0.0, "year": 2009, "partner": 254}, {"g": "f", "item": "Veneer Sheets", "p": 0.0, "s": 0.0, "year": 2009, "partner": 254}, {"g": "f", "item": "Newsprint", "p": 0.0, "s": 0.0, "year": 2009, "partner": 254}, {"g": "f", "item": "Sawnwood (C)", "p": 0.0, "s": 0.0, "year": 2009, "partner": 254}, {"g": "f", "item": "Sawnwood (NC)", "p": 0.0, "s": 0.0, "year": 2009, "partner": 254}, {"g": "f", "item": "Plywood", "p": 0.0, "s": 0.0, "year": 2009, "partner": 254}, {"g": "f", "item": "Paper+-Board Ex Newsprnt", "p": 130.0, "s": 82.0, "year": 2009, "partner": 254}, {"g": "f", "item": "Fibreboard", "p": 51.0, "s": 6.0, "year": 2010, "partner": 254}, {"g": "f", "item": "Veneer Sheets", "p": 0.0, "s": 0.0, "year": 2010, "partner": 254}, {"g": "f", "item": "Newsprint", "p": 0.0, "s": 0.0, "year": 2010, "partner": 254}, {"g": "f", "item": "Sawnwood (C)", "p": 0.0, "s": 0.0, "year": 2010, "partner": 254}, {"g": "f", "item": "Sawnwood (NC)", "p": 0.0, "s": 0.0, "year": 2010, "partner": 254}, {"g": "f", "item": "Ind Rwd Wir (C)", "p": 0.0, "s": 0.0, "year": 2010, "partner": 254}, {"g": "f", "item": "Paper+-Board Ex Newsprnt", "p": 409.0, "s": 347.0, "year": 2010, "partner": 254}, {"g": "f", "item": "Plywood", "p": 0.0, "s": 0.0, "year": 2010, "partner": 254}, {"g": "f", "item": "Fibreboard", "p": 51.0, "s": 6.0, "year": 2011, "partner": 254}, {"g": "f", "item": "Ind Rwd Wir (NC) Other", "p": 0.0, "s": 0.0, "year": 2011, "partner": 254}, {"g": "f", "item": "Newsprint", "p": 0.0, "s": 0.0, "year": 2011, "partner": 254}, {"g": "f", "item": "Sawnwood (C)", "p": 0.0, "s": 0.0, "year": 2011, "partner": 254}, {"g": "f", "item": "Sawnwood (NC)", "p": 0.0, "s": 0.0, "year": 2011, "partner": 254}, {"g": "f", "item": "Ind Rwd Wir (C)", "p": 0.0, "s": 0.0, "year": 2011, "partner": 254}, {"g": "f", "item": "Paper+-Board Ex Newsprnt", "p": -18.0, "s": 4.0, "year": 2011, "partner": 254}, {"g": "f", "item": "Plywood", "p": 1.0, "s": 3.0, "year": 2011, "partner": 254}, {"g": "f", "item": "Fibreboard", "p": 51.0, "s": 6.0, "year": 2012, "partner": 254}, {"g": "f", "item": "Newsprint", "p": 0.0, "s": 0.0, "year": 2012, "partner": 254}, {"g": "f", "item": "Sawnwood (C)", "p": 0.0, "s": 0.0, "year": 2012, "partner": 254}, {"g": "f", "item": "Sawnwood (NC)", "p": -2.0, "s": -3.0, "year": 2012, "partner": 254}, {"g": "f", "item": "Paper+-Board Ex Newsprnt", "p": 245.0, "s": 186.0, "year": 2012, "partner": 254}, {"g": "f", "item": "Wood Pulp", "p": 0.0, "s": 0.0, "year": 2013, "partner": 254}, {"g": "f", "item": "Fibreboard", "p": 45.0, "s": 1.0, "year": 2013, "partner": 254}, {"g": "f", "item": "Ind Rwd Wir (NC) Other", "p": 0.0, "s": 0.0, "year": 2013, "partner": 254}, {"g": "f", "item": "Sawnwood (C)", "p": 0.0, "s": 0.0, "year": 2013, "partner": 254}, {"g": "f", "item": "Newsprint", "p": 0.0, "s": 0.0, "year": 2013, "partner": 254}, {"g": "f", "item": "Ind Rwd Wir (C)", "p": 0.0, "s": 0.0, "year": 2013, "partner": 254}, {"g": "f", "item": "Paper+-Board Ex Newsprnt", "p": 20.0, "s": 15.0, "year": 2013, "partner": 254}, {"g": "f", "item": "Plywood", "p": 1.0, "s": 0.0, "year": 2013, "partner": 254}, {"g": "f", "item": "Paper+-Board Ex Newsprnt", "p": 11.0, "s": 16.0, "year": 2014, "partner": 254}, {"g": "f", "item": "Newsprint", "p": 0.0, "s": 0.0, "year": 2014, "partner": 254}, {"g": "f", "item": "Plywood", "p": 0.0, "s": 0.0, "year": 2014, "partner": 254}, {"g": "f", "item": "Sawnwood (NC)", "p": 2.0, "s": 16.0, "year": 2010, "partner": 255}, {"g": "f", "item": "Paper+-Board Ex Newsprnt", "p": 15.0, "s": 17.0, "year": 2004, "partner": 255}, {"g": "f", "item": "Paper+-Board Ex Newsprnt", "p": 19.0, "s": 13.0, "year": 2007, "partner": 255}, {"g": "f", "item": "Fibreboard", "p": 6.0, "s": 13.0, "year": 2007, "partner": 255}]