[{"g": "m", "item": "Particle Board", "p": 10.0, "s": 2.0, "year": 2002, "partner": 131}, {"g": "m", "item": "Paper+-Board Ex Newsprnt", "p": 2.0, "s": 2.0, "year": 1997, "partner": 68}, {"g": "m", "item": "Particle Board", "p": 59.0, "s": 57.0, "year": 1997, "partner": 68}, {"g": "m", "item": "Paper+-Board Ex Newsprnt", "p": 188.0, "s": 185.0, "year": 1998, "partner": 68}, {"g": "m", "item": "Paper+-Board Ex Newsprnt", "p": 156.0, "s": 110.0, "year": 1999, "partner": 68}, {"g": "m", "item": "Paper+-Board Ex Newsprnt", "p": 6.0, "s": 6.0, "year": 2000, "partner": 68}, {"g": "m", "item": "Paper+-Board Ex Newsprnt", "p": 5.0, "s": 4.0, "year": 2001, "partner": 68}, {"g": "m", "item": "Paper+-Board Ex Newsprnt", "p": 12.0, "s": 5.0, "year": 2002, "partner": 68}, {"g": "m", "item": "Plywood", "p": 3.0, "s": 12.0, "year": 2004, "partner": 68}, {"g": "m", "item": "Wood Pulp", "p": 507.0, "s": 275.0, "year": 2004, "partner": 68}, {"g": "m", "item": "Paper+-Board Ex Newsprnt", "p": 8.0, "s": 12.0, "year": 2005, "partner": 68}, {"g": "m", "item": "Paper+-Board Ex Newsprnt", "p": 25.0, "s": 31.0, "year": 2006, "partner": 68}, {"g": "m", "item": "Paper+-Board Ex Newsprnt", "p": 96.0, "s": 108.0, "year": 2007, "partner": 68}, {"g": "m", "item": "Paper+-Board Ex Newsprnt", "p": 133.0, "s": 122.0, "year": 2008, "partner": 68}, {"g": "m", "item": "Paper+-Board Ex Newsprnt", "p": 8.0, "s": 11.0, "year": 2009, "partner": 68}, {"g": "m", "item": "Paper+-Board Ex Newsprnt", "p": 8.0, "s": 16.0, "year": 2002, "partner": 167}, {"g": "m", "item": "Particle Board", "p": 33.0, "s": 7.0, "year": 2004, "partner": 167}, {"g": "m", "item": "Paper+-Board Ex Newsprnt", "p": 21.0, "s": 23.0, "year": 2013, "partner": 167}, {"g": "m", "item": "Ind Rwd Wir (NC) Tropica", "p": 48.0, "s": 15.0, "year": 2000, "partner": 252}, {"g": "m", "item": "Wood Pulp", "p": 409.0, "s": 196.0, "year": 2004, "partner": 106}, {"g": "m", "item": "Paper+-Board Ex Newsprnt", "p": 126.0, "s": 41.0, "year": 2001, "partner": 171}, {"g": "m", "item": "Paper+-Board Ex Newsprnt", "p": 628.0, "s": 222.0, "year": 1998, "partner": 171}, {"g": "m", "item": "Paper+-Board Ex Newsprnt", "p": 143.0, "s": 39.0, "year": 2005, "partner": 173}, {"g": "m", "item": "Paper+-Board Ex Newsprnt", "p": 26.0, "s": 22.0, "year": 2014, "partner": 173}, {"g": "m", "item": "Ind Rwd Wir (NC) Tropica", "p": 48.0, "s": 15.0, "year": 2000, "partner": 15}, {"g": "m", "item": "Paper+-Board Ex Newsprnt", "p": 18.0, "s": 22.0, "year": 1997, "partner": 5009}, {"g": "m", "item": "Particle Board", "p": 59.0, "s": 57.0, "year": 1997, "partner": 5009}, {"g": "m", "item": "Paper+-Board Ex Newsprnt", "p": 816.0, "s": 407.0, "year": 1998, "partner": 5009}, {"g": "m", "item": "Sawnwood (NC)", "p": 41.0, "s": 16.0, "year": 1998, "partner": 5009}, {"g": "m", "item": "Ind Rwd Wir (NC) Other", "p": 88.0, "s": 24.0, "year": 1998, "partner": 5009}, {"g": "m", "item": "Paper+-Board Ex Newsprnt", "p": 156.0, "s": 110.0, "year": 1999, "partner": 5009}, {"g": "m", "item": "Ind Rwd Wir (NC) Tropica", "p": 0.0, "s": 0.0, "year": 2000, "partner": 5009}, {"g": "m", "item": "Paper+-Board Ex Newsprnt", "p": 156.0, "s": 110.0, "year": 2000, "partner": 5009}, {"g": "m", "item": "Paper+-Board Ex Newsprnt", "p": 156.0, "s": 110.0, "year": 2001, "partner": 5009}, {"g": "m", "item": "Sawnwood (C)", "p": 624.0, "s": 302.0, "year": 2002, "partner": 5009}, {"g": "m", "item": "Paper+-Board Ex Newsprnt", "p": 158.0, "s": 117.0, "year": 2002, "partner": 5009}, {"g": "m", "item": "Particle Board", "p": 59.0, "s": 57.0, "year": 2002, "partner": 5009}, {"g": "m", "item": "Paper+-Board Ex Newsprnt", "p": 49.0, "s": 60.0, "year": 2003, "partner": 5009}, {"g": "m", "item": "Particle Board", "p": 43.0, "s": 7.0, "year": 2004, "partner": 5009}, {"g": "m", "item": "Plywood", "p": 38.0, "s": 12.0, "year": 2004, "partner": 5009}, {"g": "m", "item": "Wood Pulp", "p": 1176.0, "s": 472.0, "year": 2004, "partner": 5009}, {"g": "m", "item": "Paper+-Board Ex Newsprnt", "p": 49.0, "s": 60.0, "year": 2005, "partner": 5009}, {"g": "m", "item": "Veneer Sheets", "p": 65.0, "s": 51.0, "year": 2006, "partner": 5009}, {"g": "m", "item": "Paper+-Board Ex Newsprnt", "p": 49.0, "s": 60.0, "year": 2006, "partner": 5009}, {"g": "m", "item": "Paper+-Board Ex Newsprnt", "p": 271.0, "s": 193.0, "year": 2007, "partner": 5009}, {"g": "m", "item": "Paper+-Board Ex Newsprnt", "p": 384.0, "s": 289.0, "year": 2008, "partner": 5009}, {"g": "m", "item": "Paper+-Board Ex Newsprnt", "p": 384.0, "s": 288.0, "year": 2009, "partner": 5009}, {"g": "m", "item": "Paper+-Board Ex Newsprnt", "p": 461.0, "s": 431.0, "year": 2012, "partner": 5009}, {"g": "m", "item": "Paper+-Board Ex Newsprnt", "p": 309.0, "s": 203.0, "year": 2013, "partner": 5009}, {"g": "m", "item": "Paper+-Board Ex Newsprnt", "p": 323.0, "s": 205.0, "year": 2014, "partner": 5009}, {"g": "m", "item": "Sawnwood (NC)", "p": 34.0, "s": 13.0, "year": 1998, "partner": 211}, {"g": "m", "item": "Ind Rwd Wir (NC) Other", "p": 88.0, "s": 24.0, "year": 1998, "partner": 84}, {"g": "m", "item": "Fibreboard", "p": 51.0, "s": 9.0, "year": 2006, "partner": 203}, {"g": "m", "item": "Paper+-Board Ex Newsprnt", "p": 20.0, "s": 26.0, "year": 2003, "partner": 184}, {"g": "m", "item": "Sawnwood (C)", "p": 624.0, "s": 302.0, "year": 2002, "partner": 231}, {"g": "m", "item": "Paper+-Board Ex Newsprnt", "p": 173.0, "s": 251.0, "year": 2012, "partner": 231}, {"g": "m", "item": "Sawnwood (NC)", "p": 7.0, "s": 2.0, "year": 1998, "partner": 202}, {"g": "m", "item": "Paper+-Board Ex Newsprnt", "p": 16.0, "s": 20.0, "year": 1997, "partner": 254}, {"g": "m", "item": "Particle Board", "p": 0.0, "s": 0.0, "year": 1997, "partner": 254}, {"g": "m", "item": "Paper+-Board Ex Newsprnt", "p": 0.0, "s": 0.0, "year": 1998, "partner": 254}, {"g": "m", "item": "Sawnwood (NC)", "p": 0.0, "s": 0.0, "year": 1998, "partner": 254}, {"g": "m", "item": "Ind Rwd Wir (NC) Other", "p": 0.0, "s": 0.0, "year": 1998, "partner": 254}, {"g": "m", "item": "Paper+-Board Ex Newsprnt", "p": 0.0, "s": 0.0, "year": 1999, "partner": 254}, {"g": "m", "item": "Ind Rwd Wir (NC) Tropica", "p": 0.0, "s": 0.0, "year": 2000, "partner": 254}, {"g": "m", "item": "Paper+-Board Ex Newsprnt", "p": 150.0, "s": 104.0, "year": 2000, "partner": 254}, {"g": "m", "item": "Paper+-Board Ex Newsprnt", "p": 25.0, "s": 65.0, "year": 2001, "partner": 254}, {"g": "m", "item": "Sawnwood (C)", "p": 0.0, "s": 0.0, "year": 2002, "partner": 254}, {"g": "m", "item": "Paper+-Board Ex Newsprnt", "p": 138.0, "s": 96.0, "year": 2002, "partner": 254}, {"g": "m", "item": "Particle Board", "p": 49.0, "s": 55.0, "year": 2002, "partner": 254}, {"g": "m", "item": "Paper+-Board Ex Newsprnt", "p": 29.0, "s": 34.0, "year": 2003, "partner": 254}, {"g": "m", "item": "Particle Board", "p": 10.0, "s": 0.0, "year": 2004, "partner": 254}, {"g": "m", "item": "Plywood", "p": 35.0, "s": 0.0, "year": 2004, "partner": 254}, {"g": "m", "item": "Wood Pulp", "p": 260.0, "s": 0.0, "year": 2004, "partner": 254}, {"g": "m", "item": "Paper+-Board Ex Newsprnt", "p": -102.0, "s": 8.0, "year": 2005, "partner": 254}, {"g": "m", "item": "Veneer Sheets", "p": 44.0, "s": 29.0, "year": 2006, "partner": 254}, {"g": "m", "item": "Paper+-Board Ex Newsprnt", "p": 24.0, "s": 29.0, "year": 2006, "partner": 254}, {"g": "m", "item": "Paper+-Board Ex Newsprnt", "p": 176.0, "s": 85.0, "year": 2007, "partner": 254}, {"g": "m", "item": "Paper+-Board Ex Newsprnt", "p": 251.0, "s": 167.0, "year": 2008, "partner": 254}, {"g": "m", "item": "Paper+-Board Ex Newsprnt", "p": 376.0, "s": 277.0, "year": 2009, "partner": 254}, {"g": "m", "item": "Paper+-Board Ex Newsprnt", "p": 288.0, "s": 180.0, "year": 2012, "partner": 254}, {"g": "m", "item": "Paper+-Board Ex Newsprnt", "p": 288.0, "s": 180.0, "year": 2013, "partner": 254}, {"g": "m", "item": "Paper+-Board Ex Newsprnt", "p": 297.0, "s": 183.0, "year": 2014, "partner": 254}, {"g": "m", "item": "Veneer Sheets", "p": 21.0, "s": 22.0, "year": 2006, "partner": 255}, {"g": "f", "item": "Paper+-Board Ex Newsprnt", "p": 18.0, "s": 39.0, "year": 2010, "partner": 131}, {"g": "f", "item": "Paper+-Board Ex Newsprnt", "p": 17.0, "s": 29.0, "year": 2012, "partner": 131}, {"g": "f", "item": "Paper+-Board Ex Newsprnt", "p": 30.0, "s": 30.0, "year": 2013, "partner": 131}, {"g": "f", "item": "Plywood", "p": 1.0, "s": 4.0, "year": 2006, "partner": 7}, {"g": "f", "item": "Paper+-Board Ex Newsprnt", "p": 4.0, "s": 2.0, "year": 2000, "partner": 15}, {"g": "f", "item": "Ind Rwd Wir (NC) Other", "p": 10.0, "s": 12.0, "year": 1997, "partner": 15}, {"g": "f", "item": "Paper+-Board Ex Newsprnt", "p": 1.0, "s": 1.0, "year": 1999, "partner": 15}, {"g": "f", "item": "Particle Board", "p": 6.0, "s": 0.0, "year": 1999, "partner": 15}, {"g": "f", "item": "Fibreboard", "p": 35.0, "s": 14.0, "year": 1997, "partner": 5009}, {"g": "f", "item": "Ind Rwd Wir (NC) Other", "p": 33.0, "s": 27.0, "year": 1997, "partner": 5009}, {"g": "f", "item": "Veneer Sheets", "p": 52.0, "s": 38.0, "year": 1997, "partner": 5009}, {"g": "f", "item": "Particle Board", "p": 6.0, "s": 2.0, "year": 1997, "partner": 5009}, {"g": "f", "item": "Sawnwood (C)", "p": 22.0, "s": 14.0, "year": 1997, "partner": 5009}, {"g": "f", "item": "Plywood", "p": 24.0, "s": 16.0, "year": 1997, "partner": 5009}, {"g": "f", "item": "Paper+-Board Ex Newsprnt", "p": 48.0, "s": 61.0, "year": 1997, "partner": 5009}, {"g": "f", "item": "Fibreboard", "p": 7.0, "s": 5.0, "year": 1998, "partner": 5009}, {"g": "f", "item": "Veneer Sheets", "p": 1.0, "s": 0.0, "year": 1998, "partner": 5009}, {"g": "f", "item": "Particle Board", "p": 6.0, "s": 6.0, "year": 1998, "partner": 5009}, {"g": "f", "item": "Sawnwood (C)", "p": 44.0, "s": 10.0, "year": 1998, "partner": 5009}, {"g": "f", "item": "Sawnwood (NC)", "p": 24.0, "s": 11.0, "year": 1998, "partner": 5009}, {"g": "f", "item": "Plywood", "p": 25.0, "s": 18.0, "year": 1998, "partner": 5009}, {"g": "f", "item": "Paper+-Board Ex Newsprnt", "p": 48.0, "s": 83.0, "year": 1998, "partner": 5009}, {"g": "f", "item": "Fibreboard", "p": 246.0, "s": 10.0, "year": 1999, "partner": 5009}, {"g": "f", "item": "Ind Rwd Wir (NC) Other", "p": 64.0, "s": 4.0, "year": 1999, "partner": 5009}, {"g": "f", "item": "Particle Board", "p": 6.0, "s": 0.0, "year": 1999, "partner": 5009}, {"g": "f", "item": "Sawnwood (C)", "p": 2.0, "s": 1.0, "year": 1999, "partner": 5009}, {"g": "f", "item": "Newsprint", "p": 2.0, "s": 5.0, "year": 1999, "partner": 5009}, {"g": "f", "item": "Ind Rwd Wir (C)", "p": 13.0, "s": 1.0, "year": 1999, "partner": 5009}, {"g": "f", "item": "Paper+-Board Ex Newsprnt", "p": 611.0, "s": 417.0, "year": 1999, "partner": 5009}, {"g": "f", "item": "Plywood", "p": 8.0, "s": 5.0, "year": 1999, "partner": 5009}, {"g": "f", "item": "Paper+-Board Ex Newsprnt", "p": 611.0, "s": 417.0, "year": 2000, "partner": 5009}, {"g": "f", "item": "Particle Board", "p": 6.0, "s": 0.0, "year": 2000, "partner": 5009}, {"g": "f", "item": "Plywood", "p": 8.0, "s": 5.0, "year": 2000, "partner": 5009}, {"g": "f", "item": "Fibreboard", "p": 246.0, "s": 10.0, "year": 2000, "partner": 5009}, {"g": "f", "item": "Paper+-Board Ex Newsprnt", "p": 611.0, "s": 417.0, "year": 2001, "partner": 5009}, {"g": "f", "item": "Fibreboard", "p": 246.0, "s": 10.0, "year": 2001, "partner": 5009}, {"g": "f", "item": "Wood Pulp", "p": 36.0, "s": 31.0, "year": 2002, "partner": 5009}, {"g": "f", "item": "Fibreboard", "p": 246.0, "s": 10.0, "year": 2002, "partner": 5009}, {"g": "f", "item": "Veneer Sheets", "p": 1.0, "s": 0.0, "year": 2002, "partner": 5009}, {"g": "f", "item": "Particle Board", "p": 6.0, "s": 0.0, "year": 2002, "partner": 5009}, {"g": "f", "item": "Sawnwood (C)", "p": 2.0, "s": 1.0, "year": 2002, "partner": 5009}, {"g": "f", "item": "Newsprint", "p": 50.0, "s": 23.0, "year": 2002, "partner": 5009}, {"g": "f", "item": "Ind Rwd Wir (C)", "p": 13.0, "s": 1.0, "year": 2002, "partner": 5009}, {"g": "f", "item": "Paper+-Board Ex Newsprnt", "p": 197.0, "s": 200.0, "year": 2002, "partner": 5009}, {"g": "f", "item": "Plywood", "p": 8.0, "s": 5.0, "year": 2002, "partner": 5009}, {"g": "f", "item": "Wood Pulp", "p": 169.0, "s": 85.0, "year": 2003, "partner": 5009}, {"g": "f", "item": "Fibreboard", "p": 44.0, "s": 14.0, "year": 2003, "partner": 5009}, {"g": "f", "item": "Veneer Sheets", "p": 4.0, "s": 2.0, "year": 2003, "partner": 5009}, {"g": "f", "item": "Particle Board", "p": 4.0, "s": 4.0, "year": 2003, "partner": 5009}, {"g": "f", "item": "Sawnwood (C)", "p": 1.0, "s": 3.0, "year": 2003, "partner": 5009}, {"g": "f", "item": "Sawnwood (NC)", "p": 9.0, "s": 10.0, "year": 2003, "partner": 5009}, {"g": "f", "item": "Ind Rwd Wir (C)", "p": 40.0, "s": 2.0, "year": 2003, "partner": 5009}, {"g": "f", "item": "Paper+-Board Ex Newsprnt", "p": 201.0, "s": 219.0, "year": 2003, "partner": 5009}, {"g": "f", "item": "Plywood", "p": 93.0, "s": 60.0, "year": 2003, "partner": 5009}, {"g": "f", "item": "Fibreboard", "p": 29.0, "s": 11.0, "year": 2004, "partner": 5009}, {"g": "f", "item": "Particle Board", "p": 114.0, "s": 19.0, "year": 2004, "partner": 5009}, {"g": "f", "item": "Veneer Sheets", "p": 65.0, "s": 52.0, "year": 2004, "partner": 5009}, {"g": "f", "item": "Newsprint", "p": 2.0, "s": 1.0, "year": 2004, "partner": 5009}, {"g": "f", "item": "Sawnwood (C)", "p": 67.0, "s": 12.0, "year": 2004, "partner": 5009}, {"g": "f", "item": "Sawnwood (NC)", "p": 51.0, "s": 16.0, "year": 2004, "partner": 5009}, {"g": "f", "item": "Plywood", "p": 138.0, "s": 49.0, "year": 2004, "partner": 5009}, {"g": "f", "item": "Paper+-Board Ex Newsprnt", "p": 406.0, "s": 325.0, "year": 2004, "partner": 5009}, {"g": "f", "item": "Paper+-Board Ex Newsprnt", "p": 406.0, "s": 325.0, "year": 2005, "partner": 5009}, {"g": "f", "item": "Veneer Sheets", "p": 65.0, "s": 52.0, "year": 2005, "partner": 5009}, {"g": "f", "item": "Sawnwood (NC)", "p": 51.0, "s": 16.0, "year": 2005, "partner": 5009}, {"g": "f", "item": "Fibreboard", "p": 29.0, "s": 11.0, "year": 2005, "partner": 5009}, {"g": "f", "item": "Fibreboard", "p": 29.0, "s": 11.0, "year": 2006, "partner": 5009}, {"g": "f", "item": "Particle Board", "p": 114.0, "s": 19.0, "year": 2006, "partner": 5009}, {"g": "f", "item": "Veneer Sheets", "p": 65.0, "s": 52.0, "year": 2006, "partner": 5009}, {"g": "f", "item": "Newsprint", "p": 2.0, "s": 1.0, "year": 2006, "partner": 5009}, {"g": "f", "item": "Sawnwood (C)", "p": 67.0, "s": 12.0, "year": 2006, "partner": 5009}, {"g": "f", "item": "Sawnwood (NC)", "p": 51.0, "s": 16.0, "year": 2006, "partner": 5009}, {"g": "f", "item": "Plywood", "p": 138.0, "s": 49.0, "year": 2006, "partner": 5009}, {"g": "f", "item": "Paper+-Board Ex Newsprnt", "p": 406.0, "s": 325.0, "year": 2006, "partner": 5009}, {"g": "f", "item": "Fibreboard", "p": 114.0, "s": 71.0, "year": 2007, "partner": 5009}, {"g": "f", "item": "Ind Rwd Wir (NC) Other", "p": 7.0, "s": 15.0, "year": 2007, "partner": 5009}, {"g": "f", "item": "Particle Board", "p": 4.0, "s": 2.0, "year": 2007, "partner": 5009}, {"g": "f", "item": "Sawnwood (C)", "p": 5.0, "s": 9.0, "year": 2007, "partner": 5009}, {"g": "f", "item": "Newsprint", "p": 7.0, "s": 8.0, "year": 2007, "partner": 5009}, {"g": "f", "item": "Ind Rwd Wir (C)", "p": 20.0, "s": 1.0, "year": 2007, "partner": 5009}, {"g": "f", "item": "Paper+-Board Ex Newsprnt", "p": 395.0, "s": 388.0, "year": 2007, "partner": 5009}, {"g": "f", "item": "Plywood", "p": 98.0, "s": 97.0, "year": 2007, "partner": 5009}, {"g": "f", "item": "Fibreboard", "p": 66.0, "s": 47.0, "year": 2008, "partner": 5009}, {"g": "f", "item": "Particle Board", "p": 9.0, "s": 40.0, "year": 2008, "partner": 5009}, {"g": "f", "item": "Newsprint", "p": 3.0, "s": 4.0, "year": 2008, "partner": 5009}, {"g": "f", "item": "Sawnwood (C)", "p": 62.0, "s": 57.0, "year": 2008, "partner": 5009}, {"g": "f", "item": "Sawnwood (NC)", "p": 1.0, "s": 1.0, "year": 2008, "partner": 5009}, {"g": "f", "item": "Ind Rwd Wir (C)", "p": 1.0, "s": 0.0, "year": 2008, "partner": 5009}, {"g": "f", "item": "Paper+-Board Ex Newsprnt", "p": 7800.0, "s": 3915.0, "year": 2008, "partner": 5009}, {"g": "f", "item": "Plywood", "p": 88.0, "s": 79.0, "year": 2008, "partner": 5009}, {"g": "f", "item": "Fibreboard", "p": 64.0, "s": 40.0, "year": 2009, "partner": 5009}, {"g": "f", "item": "Sawnwood (C)", "p": 2.0, "s": 3.0, "year": 2009, "partner": 5009}, {"g": "f", "item": "Newsprint", "p": 5.0, "s": 6.0, "year": 2009, "partner": 5009}, {"g": "f", "item": "Plywood", "p": 25.0, "s": 30.0, "year": 2009, "partner": 5009}, {"g": "f", "item": "Paper+-Board Ex Newsprnt", "p": 3724.0, "s": 1919.0, "year": 2009, "partner": 5009}, {"g": "f", "item": "Fibreboard", "p": 68.0, "s": 43.0, "year": 2010, "partner": 5009}, {"g": "f", "item": "Veneer Sheets", "p": 2.0, "s": 3.0, "year": 2010, "partner": 5009}, {"g": "f", "item": "Sawnwood (C)", "p": 3.0, "s": 4.0, "year": 2010, "partner": 5009}, {"g": "f", "item": "Newsprint", "p": 4.0, "s": 5.0, "year": 2010, "partner": 5009}, {"g": "f", "item": "Plywood", "p": 64.0, "s": 53.0, "year": 2010, "partner": 5009}, {"g": "f", "item": "Paper+-Board Ex Newsprnt", "p": 142.0, "s": 220.0, "year": 2010, "partner": 5009}, {"g": "f", "item": "Fibreboard", "p": 114.0, "s": 64.0, "year": 2011, "partner": 5009}, {"g": "f", "item": "Veneer Sheets", "p": 12.0, "s": 15.0, "year": 2011, "partner": 5009}, {"g": "f", "item": "Newsprint", "p": 3.0, "s": 6.0, "year": 2011, "partner": 5009}, {"g": "f", "item": "Plywood", "p": 95.0, "s": 72.0, "year": 2011, "partner": 5009}, {"g": "f", "item": "Paper+-Board Ex Newsprnt", "p": 150.0, "s": 240.0, "year": 2011, "partner": 5009}, {"g": "f", "item": "Fibreboard", "p": 54.0, "s": 47.0, "year": 2012, "partner": 5009}, {"g": "f", "item": "Veneer Sheets", "p": 36.0, "s": 42.0, "year": 2012, "partner": 5009}, {"g": "f", "item": "Newsprint", "p": 1.0, "s": 5.0, "year": 2012, "partner": 5009}, {"g": "f", "item": "Ind Rwd Wir (C)", "p": 26.0, "s": 2.0, "year": 2012, "partner": 5009}, {"g": "f", "item": "Paper+-Board Ex Newsprnt", "p": 161.0, "s": 265.0, "year": 2012, "partner": 5009}, {"g": "f", "item": "Plywood", "p": 256.0, "s": 204.0, "year": 2012, "partner": 5009}, {"g": "f", "item": "Fibreboard", "p": 28.0, "s": 19.0, "year": 2013, "partner": 5009}, {"g": "f", "item": "Ind Rwd Wir (NC) Other", "p": 3.0, "s": 6.0, "year": 2013, "partner": 5009}, {"g": "f", "item": "Veneer Sheets", "p": 22.0, "s": 34.0, "year": 2013, "partner": 5009}, {"g": "f", "item": "Newsprint", "p": 2.0, "s": 7.0, "year": 2013, "partner": 5009}, {"g": "f", "item": "Sawnwood (C)", "p": 41.0, "s": 16.0, "year": 2013, "partner": 5009}, {"g": "f", "item": "Sawnwood (NC)", "p": 4.0, "s": 16.0, "year": 2013, "partner": 5009}, {"g": "f", "item": "Ind Rwd Wir (C)", "p": 2.0, "s": 0.0, "year": 2013, "partner": 5009}, {"g": "f", "item": "Paper+-Board Ex Newsprnt", "p": 221.0, "s": 341.0, "year": 2013, "partner": 5009}, {"g": "f", "item": "Plywood", "p": 57.0, "s": 66.0, "year": 2013, "partner": 5009}, {"g": "f", "item": "Fibreboard", "p": 27.0, "s": 19.0, "year": 2014, "partner": 5009}, {"g": "f", "item": "Ind Rwd Wir (NC) Other", "p": 53.0, "s": 35.0, "year": 2014, "partner": 5009}, {"g": "f", "item": "Veneer Sheets", "p": 64.0, "s": 54.0, "year": 2014, "partner": 5009}, {"g": "f", "item": "Particle Board", "p": 1.0, "s": 0.0, "year": 2014, "partner": 5009}, {"g": "f", "item": "Plywood", "p": 158.0, "s": 156.0, "year": 2014, "partner": 5009}, {"g": "f", "item": "Paper+-Board Ex Newsprnt", "p": 189.0, "s": 380.0, "year": 2014, "partner": 5009}, {"g": "f", "item": "Fibreboard", "p": 18.0, "s": 6.0, "year": 1997, "partner": 21}, {"g": "f", "item": "Fibreboard", "p": 19.0, "s": 6.0, "year": 1999, "partner": 21}, {"g": "f", "item": "Plywood", "p": 18.0, "s": 9.0, "year": 2000, "partner": 21}, {"g": "f", "item": "Fibreboard", "p": 42.0, "s": 12.0, "year": 2000, "partner": 21}, {"g": "f", "item": "Fibreboard", "p": 45.0, "s": 9.0, "year": 2001, "partner": 21}, {"g": "f", "item": "Fibreboard", "p": 19.0, "s": 6.0, "year": 2002, "partner": 21}, {"g": "f", "item": "Paper+-Board Ex Newsprnt", "p": 61.0, "s": 35.0, "year": 2003, "partner": 21}, {"g": "f", "item": "Plywood", "p": 36.0, "s": 12.0, "year": 2003, "partner": 21}, {"g": "f", "item": "Fibreboard", "p": 19.0, "s": 3.0, "year": 2003, "partner": 21}, {"g": "f", "item": "Paper+-Board Ex Newsprnt", "p": 40.0, "s": 24.0, "year": 2004, "partner": 21}, {"g": "f", "item": "Fibreboard", "p": 27.0, "s": 6.0, "year": 2004, "partner": 21}, {"g": "f", "item": "Paper+-Board Ex Newsprnt", "p": 50.0, "s": 44.0, "year": 2005, "partner": 21}, {"g": "f", "item": "Fibreboard", "p": 51.0, "s": 15.0, "year": 2005, "partner": 21}, {"g": "f", "item": "Paper+-Board Ex Newsprnt", "p": 21.0, "s": 19.0, "year": 2006, "partner": 21}, {"g": "f", "item": "Plywood", "p": 64.0, "s": 37.0, "year": 2006, "partner": 21}, {"g": "f", "item": "Plywood", "p": 55.0, "s": 46.0, "year": 2007, "partner": 21}, {"g": "f", "item": "Fibreboard", "p": 86.0, "s": 38.0, "year": 2007, "partner": 21}, {"g": "f", "item": "Plywood", "p": 12.0, "s": 12.0, "year": 2008, "partner": 21}, {"g": "f", "item": "Fibreboard", "p": 43.0, "s": 19.0, "year": 2008, "partner": 21}, {"g": "f", "item": "Plywood", "p": 12.0, "s": 11.0, "year": 2009, "partner": 21}, {"g": "f", "item": "Fibreboard", "p": 44.0, "s": 20.0, "year": 2009, "partner": 21}, {"g": "f", "item": "Paper+-Board Ex Newsprnt", "p": 20.0, "s": 18.0, "year": 2010, "partner": 21}, {"g": "f", "item": "Plywood", "p": 37.0, "s": 36.0, "year": 2010, "partner": 21}, {"g": "f", "item": "Paper+-Board Ex Newsprnt", "p": 20.0, "s": 17.0, "year": 2011, "partner": 21}, {"g": "f", "item": "Fibreboard", "p": 61.0, "s": 34.0, "year": 2011, "partner": 21}, {"g": "f", "item": "Paper+-Board Ex Newsprnt", "p": 21.0, "s": 23.0, "year": 2012, "partner": 21}, {"g": "f", "item": "Plywood", "p": 87.0, "s": 55.0, "year": 2012, "partner": 21}, {"g": "f", "item": "Fibreboard", "p": 23.0, "s": 12.0, "year": 2012, "partner": 21}, {"g": "f", "item": "Fibreboard", "p": 23.0, "s": 13.0, "year": 2013, "partner": 21}, {"g": "f", "item": "Plywood", "p": 23.0, "s": 12.0, "year": 2014, "partner": 21}, {"g": "f", "item": "Veneer Sheets", "p": 27.0, "s": 12.0, "year": 2005, "partner": 32}, {"g": "f", "item": "Newsprint", "p": 50.0, "s": 23.0, "year": 2002, "partner": 33}, {"g": "f", "item": "Paper+-Board Ex Newsprnt", "p": 231.0, "s": 172.0, "year": 2004, "partner": 173}, {"g": "f", "item": "Sawnwood (NC)", "p": 23.0, "s": 10.0, "year": 2004, "partner": 173}, {"g": "f", "item": "Fibreboard", "p": 11.0, "s": 4.0, "year": 1997, "partner": 174}, {"g": "f", "item": "Ind Rwd Wir (NC) Other", "p": 23.0, "s": 15.0, "year": 1997, "partner": 174}, {"g": "f", "item": "Particle Board", "p": 6.0, "s": 2.0, "year": 1997, "partner": 174}, {"g": "f", "item": "Sawnwood (C)", "p": 22.0, "s": 14.0, "year": 1997, "partner": 174}, {"g": "f", "item": "Plywood", "p": 2.0, "s": 0.0, "year": 1997, "partner": 174}, {"g": "f", "item": "Paper+-Board Ex Newsprnt", "p": 39.0, "s": 54.0, "year": 1997, "partner": 174}, {"g": "f", "item": "Fibreboard", "p": 1.0, "s": 1.0, "year": 1998, "partner": 174}, {"g": "f", "item": "Veneer Sheets", "p": 1.0, "s": 0.0, "year": 1998, "partner": 174}, {"g": "f", "item": "Particle Board", "p": 6.0, "s": 6.0, "year": 1998, "partner": 174}, {"g": "f", "item": "Sawnwood (C)", "p": 40.0, "s": 8.0, "year": 1998, "partner": 174}, {"g": "f", "item": "Sawnwood (NC)", "p": 24.0, "s": 11.0, "year": 1998, "partner": 174}, {"g": "f", "item": "Plywood", "p": 12.0, "s": 6.0, "year": 1998, "partner": 174}, {"g": "f", "item": "Paper+-Board Ex Newsprnt", "p": 30.0, "s": 63.0, "year": 1998, "partner": 174}, {"g": "f", "item": "Sawnwood (C)", "p": 2.0, "s": 1.0, "year": 1999, "partner": 174}, {"g": "f", "item": "Paper+-Board Ex Newsprnt", "p": 63.0, "s": 66.0, "year": 1999, "partner": 174}, {"g": "f", "item": "Newsprint", "p": 2.0, "s": 5.0, "year": 1999, "partner": 174}, {"g": "f", "item": "Fibreboard", "p": 105.0, "s": 21.0, "year": 2002, "partner": 174}, {"g": "f", "item": "Veneer Sheets", "p": 1.0, "s": 1.0, "year": 2002, "partner": 174}, {"g": "f", "item": "Particle Board", "p": 23.0, "s": 12.0, "year": 2002, "partner": 174}, {"g": "f", "item": "Sawnwood (C)", "p": 34.0, "s": 5.0, "year": 2002, "partner": 174}, {"g": "f", "item": "Ind Rwd Wir (C)", "p": 38.0, "s": 9.0, "year": 2002, "partner": 174}, {"g": "f", "item": "Paper+-Board Ex Newsprnt", "p": 22.0, "s": 38.0, "year": 2002, "partner": 174}, {"g": "f", "item": "Plywood", "p": 12.0, "s": 4.0, "year": 2002, "partner": 174}, {"g": "f", "item": "Veneer Sheets", "p": 4.0, "s": 2.0, "year": 2003, "partner": 174}, {"g": "f", "item": "Sawnwood (C)", "p": 1.0, "s": 3.0, "year": 2003, "partner": 174}, {"g": "f", "item": "Sawnwood (NC)", "p": 8.0, "s": 6.0, "year": 2003, "partner": 174}, {"g": "f", "item": "Ind Rwd Wir (C)", "p": 40.0, "s": 2.0, "year": 2003, "partner": 174}, {"g": "f", "item": "Paper+-Board Ex Newsprnt", "p": 46.0, "s": 73.0, "year": 2003, "partner": 174}, {"g": "f", "item": "Plywood", "p": 46.0, "s": 41.0, "year": 2003, "partner": 174}, {"g": "f", "item": "Fibreboard", "p": 4.0, "s": 1.0, "year": 2004, "partner": 174}, {"g": "f", "item": "Particle Board", "p": 50.0, "s": 19.0, "year": 2004, "partner": 174}, {"g": "f", "item": "Veneer Sheets", "p": 5.0, "s": 5.0, "year": 2004, "partner": 174}, {"g": "f", "item": "Newsprint", "p": 1.0, "s": 1.0, "year": 2004, "partner": 174}, {"g": "f", "item": "Sawnwood (C)", "p": 2.0, "s": 8.0, "year": 2004, "partner": 174}, {"g": "f", "item": "Sawnwood (NC)", "p": 8.0, "s": 4.0, "year": 2004, "partner": 174}, {"g": "f", "item": "Plywood", "p": 46.0, "s": 49.0, "year": 2004, "partner": 174}, {"g": "f", "item": "Paper+-Board Ex Newsprnt", "p": 53.0, "s": 79.0, "year": 2004, "partner": 174}, {"g": "f", "item": "Fibreboard", "p": 68.0, "s": 30.0, "year": 2006, "partner": 174}, {"g": "f", "item": "Particle Board", "p": 37.0, "s": 24.0, "year": 2006, "partner": 174}, {"g": "f", "item": "Newsprint", "p": 4.0, "s": 3.0, "year": 2006, "partner": 174}, {"g": "f", "item": "Sawnwood (C)", "p": 3.0, "s": 4.0, "year": 2006, "partner": 174}, {"g": "f", "item": "Sawnwood (NC)", "p": 3.0, "s": 7.0, "year": 2006, "partner": 174}, {"g": "f", "item": "Plywood", "p": 178.0, "s": 77.0, "year": 2006, "partner": 174}, {"g": "f", "item": "Paper+-Board Ex Newsprnt", "p": 47.0, "s": 88.0, "year": 2006, "partner": 174}, {"g": "f", "item": "Fibreboard", "p": 28.0, "s": 33.0, "year": 2007, "partner": 174}, {"g": "f", "item": "Ind Rwd Wir (NC) Other", "p": 7.0, "s": 15.0, "year": 2007, "partner": 174}, {"g": "f", "item": "Particle Board", "p": 4.0, "s": 2.0, "year": 2007, "partner": 174}, {"g": "f", "item": "Sawnwood (C)", "p": 5.0, "s": 9.0, "year": 2007, "partner": 174}, {"g": "f", "item": "Newsprint", "p": 7.0, "s": 8.0, "year": 2007, "partner": 174}, {"g": "f", "item": "Ind Rwd Wir (C)", "p": 20.0, "s": 1.0, "year": 2007, "partner": 174}, {"g": "f", "item": "Paper+-Board Ex Newsprnt", "p": 88.0, "s": 156.0, "year": 2007, "partner": 174}, {"g": "f", "item": "Plywood", "p": 43.0, "s": 41.0, "year": 2007, "partner": 174}, {"g": "f", "item": "Fibreboard", "p": 6.0, "s": 10.0, "year": 2008, "partner": 174}, {"g": "f", "item": "Particle Board", "p": 9.0, "s": 40.0, "year": 2008, "partner": 174}, {"g": "f", "item": "Newsprint", "p": 3.0, "s": 4.0, "year": 2008, "partner": 174}, {"g": "f", "item": "Sawnwood (C)", "p": 15.0, "s": 38.0, "year": 2008, "partner": 174}, {"g": "f", "item": "Sawnwood (NC)", "p": 1.0, "s": 1.0, "year": 2008, "partner": 174}, {"g": "f", "item": "Ind Rwd Wir (C)", "p": 1.0, "s": 0.0, "year": 2008, "partner": 174}, {"g": "f", "item": "Paper+-Board Ex Newsprnt", "p": 79.0, "s": 155.0, "year": 2008, "partner": 174}, {"g": "f", "item": "Plywood", "p": 16.0, "s": 13.0, "year": 2008, "partner": 174}, {"g": "f", "item": "Fibreboard", "p": 3.0, "s": 3.0, "year": 2009, "partner": 174}, {"g": "f", "item": "Sawnwood (C)", "p": 2.0, "s": 3.0, "year": 2009, "partner": 174}, {"g": "f", "item": "Newsprint", "p": 5.0, "s": 6.0, "year": 2009, "partner": 174}, {"g": "f", "item": "Plywood", "p": 13.0, "s": 19.0, "year": 2009, "partner": 174}, {"g": "f", "item": "Paper+-Board Ex Newsprnt", "p": 60.0, "s": 122.0, "year": 2009, "partner": 174}, {"g": "f", "item": "Fibreboard", "p": 7.0, "s": 6.0, "year": 2010, "partner": 174}, {"g": "f", "item": "Veneer Sheets", "p": 2.0, "s": 3.0, "year": 2010, "partner": 174}, {"g": "f", "item": "Sawnwood (C)", "p": 3.0, "s": 4.0, "year": 2010, "partner": 174}, {"g": "f", "item": "Newsprint", "p": 4.0, "s": 5.0, "year": 2010, "partner": 174}, {"g": "f", "item": "Plywood", "p": 27.0, "s": 17.0, "year": 2010, "partner": 174}, {"g": "f", "item": "Paper+-Board Ex Newsprnt", "p": 83.0, "s": 136.0, "year": 2010, "partner": 174}, {"g": "f", "item": "Paper+-Board Ex Newsprnt", "p": 71.0, "s": 135.0, "year": 2011, "partner": 174}, {"g": "f", "item": "Veneer Sheets", "p": 12.0, "s": 15.0, "year": 2011, "partner": 174}, {"g": "f", "item": "Newsprint", "p": 3.0, "s": 6.0, "year": 2011, "partner": 174}, {"g": "f", "item": "Plywood", "p": 59.0, "s": 54.0, "year": 2011, "partner": 174}, {"g": "f", "item": "Fibreboard", "p": 31.0, "s": 35.0, "year": 2012, "partner": 174}, {"g": "f", "item": "Veneer Sheets", "p": 36.0, "s": 42.0, "year": 2012, "partner": 174}, {"g": "f", "item": "Newsprint", "p": 1.0, "s": 5.0, "year": 2012, "partner": 174}, {"g": "f", "item": "Ind Rwd Wir (C)", "p": 26.0, "s": 2.0, "year": 2012, "partner": 174}, {"g": "f", "item": "Paper+-Board Ex Newsprnt", "p": 74.0, "s": 147.0, "year": 2012, "partner": 174}, {"g": "f", "item": "Plywood", "p": 50.0, "s": 41.0, "year": 2012, "partner": 174}, {"g": "f", "item": "Fibreboard", "p": 6.0, "s": 6.0, "year": 2013, "partner": 174}, {"g": "f", "item": "Ind Rwd Wir (NC) Other", "p": 3.0, "s": 6.0, "year": 2013, "partner": 174}, {"g": "f", "item": "Veneer Sheets", "p": 4.0, "s": 13.0, "year": 2013, "partner": 174}, {"g": "f", "item": "Newsprint", "p": 2.0, "s": 7.0, "year": 2013, "partner": 174}, {"g": "f", "item": "Sawnwood (C)", "p": 9.0, "s": 3.0, "year": 2013, "partner": 174}, {"g": "f", "item": "Sawnwood (NC)", "p": 4.0, "s": 16.0, "year": 2013, "partner": 174}, {"g": "f", "item": "Ind Rwd Wir (C)", "p": 2.0, "s": 0.0, "year": 2013, "partner": 174}, {"g": "f", "item": "Paper+-Board Ex Newsprnt", "p": 163.0, "s": 269.0, "year": 2013, "partner": 174}, {"g": "f", "item": "Plywood", "p": 29.0, "s": 43.0, "year": 2013, "partner": 174}, {"g": "f", "item": "Fibreboard", "p": 1.0, "s": 4.0, "year": 2014, "partner": 174}, {"g": "f", "item": "Ind Rwd Wir (NC) Other", "p": 53.0, "s": 35.0, "year": 2014, "partner": 174}, {"g": "f", "item": "Particle Board", "p": 1.0, "s": 0.0, "year": 2014, "partner": 174}, {"g": "f", "item": "Plywood", "p": 18.0, "s": 36.0, "year": 2014, "partner": 174}, {"g": "f", "item": "Paper+-Board Ex Newsprnt", "p": 134.0, "s": 278.0, "year": 2014, "partner": 174}, {"g": "f", "item": "Paper+-Board Ex Newsprnt", "p": 1.0, "s": 1.0, "year": 1998, "partner": 202}, {"g": "f", "item": "Plywood", "p": 2.0, "s": 1.0, "year": 1998, "partner": 202}, {"g": "f", "item": "Paper+-Board Ex Newsprnt", "p": 1.0, "s": 2.0, "year": 1999, "partner": 202}, {"g": "f", "item": "Ind Rwd Wir (C)", "p": 13.0, "s": 1.0, "year": 1999, "partner": 202}, {"g": "f", "item": "Plywood", "p": 2.0, "s": 0.0, "year": 1999, "partner": 202}, {"g": "f", "item": "Sawnwood (C)", "p": 647.0, "s": 4.0, "year": 2004, "partner": 202}, {"g": "f", "item": "Paper+-Board Ex Newsprnt", "p": 19.0, "s": 1.0, "year": 2007, "partner": 202}, {"g": "f", "item": "Plywood", "p": 2.0, "s": 1.0, "year": 2008, "partner": 202}, {"g": "f", "item": "Sawnwood (C)", "p": 32.0, "s": 13.0, "year": 2013, "partner": 202}, {"g": "f", "item": "Paper+-Board Ex Newsprnt", "p": 11.0, "s": 12.0, "year": 1998, "partner": 67}, {"g": "f", "item": "Paper+-Board Ex Newsprnt", "p": 11.0, "s": 10.0, "year": 1999, "partner": 67}, {"g": "f", "item": "Plywood", "p": 22.0, "s": 15.0, "year": 1997, "partner": 68}, {"g": "f", "item": "Plywood", "p": 2.0, "s": 2.0, "year": 1998, "partner": 68}, {"g": "f", "item": "Paper+-Board Ex Newsprnt", "p": 11.0, "s": 19.0, "year": 2000, "partner": 68}, {"g": "f", "item": "Paper+-Board Ex Newsprnt", "p": 1.0, "s": 1.0, "year": 2001, "partner": 68}, {"g": "f", "item": "Paper+-Board Ex Newsprnt", "p": 1.0, "s": 1.0, "year": 2002, "partner": 68}, {"g": "f", "item": "Paper+-Board Ex Newsprnt", "p": 8.0, "s": 10.0, "year": 2003, "partner": 68}, {"g": "f", "item": "Paper+-Board Ex Newsprnt", "p": 3.0, "s": 7.0, "year": 2004, "partner": 68}, {"g": "f", "item": "Paper+-Board Ex Newsprnt", "p": 12.0, "s": 21.0, "year": 2005, "partner": 68}, {"g": "f", "item": "Paper+-Board Ex Newsprnt", "p": 8.0, "s": 13.0, "year": 2006, "partner": 68}, {"g": "f", "item": "Paper+-Board Ex Newsprnt", "p": 6.0, "s": 10.0, "year": 2007, "partner": 68}, {"g": "f", "item": "Paper+-Board Ex Newsprnt", "p": 9.0, "s": 31.0, "year": 2008, "partner": 68}, {"g": "f", "item": "Paper+-Board Ex Newsprnt", "p": 2.0, "s": 5.0, "year": 2010, "partner": 68}, {"g": "f", "item": "Plywood", "p": 1.0, "s": 1.0, "year": 2011, "partner": 68}, {"g": "f", "item": "Plywood", "p": 1.0, "s": 1.0, "year": 2013, "partner": 68}, {"g": "f", "item": "Paper+-Board Ex Newsprnt", "p": 1.0, "s": 0.0, "year": 1997, "partner": 199}, {"g": "f", "item": "Plywood", "p": 1.0, "s": 1.0, "year": 2003, "partner": 74}, {"g": "f", "item": "Veneer Sheets", "p": 10.0, "s": 14.0, "year": 2004, "partner": 74}, {"g": "f", "item": "Veneer Sheets", "p": 6.0, "s": 4.0, "year": 2006, "partner": 74}, {"g": "f", "item": "Plywood", "p": 1.0, "s": 4.0, "year": 2006, "partner": 74}, {"g": "f", "item": "Sawnwood (C)", "p": 4.0, "s": 2.0, "year": 1998, "partner": 203}, {"g": "f", "item": "Plywood", "p": 9.0, "s": 10.0, "year": 1998, "partner": 203}, {"g": "f", "item": "Plywood", "p": 6.0, "s": 5.0, "year": 1999, "partner": 203}, {"g": "f", "item": "Paper+-Board Ex Newsprnt", "p": 2.0, "s": 1.0, "year": 2000, "partner": 203}, {"g": "f", "item": "Plywood", "p": 18.0, "s": 11.0, "year": 2000, "partner": 203}, {"g": "f", "item": "Particle Board", "p": 4.0, "s": 3.0, "year": 2003, "partner": 203}, {"g": "f", "item": "Plywood", "p": 1.0, "s": 2.0, "year": 2003, "partner": 203}, {"g": "f", "item": "Paper+-Board Ex Newsprnt", "p": 11.0, "s": 11.0, "year": 2004, "partner": 203}, {"g": "f", "item": "Paper+-Board Ex Newsprnt", "p": 2.0, "s": 5.0, "year": 2009, "partner": 203}, {"g": "f", "item": "Paper+-Board Ex Newsprnt", "p": 1.0, "s": 4.0, "year": 2010, "partner": 203}, {"g": "f", "item": "Paper+-Board Ex Newsprnt", "p": 6.0, "s": 13.0, "year": 2011, "partner": 203}, {"g": "f", "item": "Paper+-Board Ex Newsprnt", "p": 5.0, "s": 9.0, "year": 2012, "partner": 203}, {"g": "f", "item": "Paper+-Board Ex Newsprnt", "p": 2.0, "s": 27.0, "year": 2014, "partner": 203}, {"g": "f", "item": "Particle Board", "p": 14.0, "s": 3.0, "year": 2000, "partner": 79}, {"g": "f", "item": "Wood Pulp", "p": 64.0, "s": 27.0, "year": 2002, "partner": 79}, {"g": "f", "item": "Fibreboard", "p": 20.0, "s": 5.0, "year": 2002, "partner": 79}, {"g": "f", "item": "Veneer Sheets", "p": 7.0, "s": 25.0, "year": 2002, "partner": 79}, {"g": "f", "item": "Newsprint", "p": 23.0, "s": 13.0, "year": 2002, "partner": 79}, {"g": "f", "item": "Paper+-Board Ex Newsprnt", "p": 3.0, "s": 15.0, "year": 2002, "partner": 79}, {"g": "f", "item": "Paper+-Board Ex Newsprnt", "p": 41.0, "s": 50.0, "year": 2003, "partner": 79}, {"g": "f", "item": "Sawnwood (NC)", "p": 1.0, "s": 4.0, "year": 2003, "partner": 79}, {"g": "f", "item": "Wood Pulp", "p": 121.0, "s": 63.0, "year": 2003, "partner": 79}, {"g": "f", "item": "Veneer Sheets", "p": 4.0, "s": 33.0, "year": 2004, "partner": 79}, {"g": "f", "item": "Sawnwood (C)", "p": 47.0, "s": 19.0, "year": 2008, "partner": 211}, {"g": "f", "item": "Ind Rwd Wir (NC) Other", "p": 64.0, "s": 4.0, "year": 1999, "partner": 211}, {"g": "f", "item": "Sawnwood (NC)", "p": 29.0, "s": 12.0, "year": 2005, "partner": 91}, {"g": "f", "item": "Paper+-Board Ex Newsprnt", "p": 2.0, "s": 3.0, "year": 1997, "partner": 351}, {"g": "f", "item": "Paper+-Board Ex Newsprnt", "p": 19.0, "s": 18.0, "year": 2008, "partner": 351}, {"g": "f", "item": "Plywood", "p": 48.0, "s": 41.0, "year": 2008, "partner": 351}, {"g": "f", "item": "Plywood", "p": 35.0, "s": 16.0, "year": 2011, "partner": 351}, {"g": "f", "item": "Fibreboard", "p": 36.0, "s": 13.0, "year": 2011, "partner": 351}, {"g": "f", "item": "Plywood", "p": 118.0, "s": 98.0, "year": 2012, "partner": 351}, {"g": "f", "item": "Veneer Sheets", "p": 18.0, "s": 21.0, "year": 2013, "partner": 351}, {"g": "f", "item": "Plywood", "p": 26.0, "s": 22.0, "year": 2013, "partner": 351}, {"g": "f", "item": "Veneer Sheets", "p": 64.0, "s": 53.0, "year": 2014, "partner": 351}, {"g": "f", "item": "Plywood", "p": 115.0, "s": 104.0, "year": 2014, "partner": 351}, {"g": "f", "item": "Paper+-Board Ex Newsprnt", "p": 3.0, "s": 9.0, "year": 2000, "partner": 229}, {"g": "f", "item": "Paper+-Board Ex Newsprnt", "p": 16.0, "s": 23.0, "year": 2004, "partner": 229}, {"g": "f", "item": "Veneer Sheets", "p": 52.0, "s": 38.0, "year": 1997, "partner": 229}, {"g": "f", "item": "Paper+-Board Ex Newsprnt", "p": 6.0, "s": 4.0, "year": 1997, "partner": 229}, {"g": "f", "item": "Paper+-Board Ex Newsprnt", "p": 6.0, "s": 8.0, "year": 1998, "partner": 229}, {"g": "f", "item": "Paper+-Board Ex Newsprnt", "p": 3.0, "s": 19.0, "year": 1999, "partner": 229}, {"g": "f", "item": "Paper+-Board Ex Newsprnt", "p": 19.0, "s": 18.0, "year": 2009, "partner": 100}, {"g": "f", "item": "Paper+-Board Ex Newsprnt", "p": 19.0, "s": 17.0, "year": 2013, "partner": 101}, {"g": "f", "item": "Paper+-Board Ex Newsprnt", "p": 20.0, "s": 15.0, "year": 2014, "partner": 101}, {"g": "f", "item": "Paper+-Board Ex Newsprnt", "p": 51.0, "s": 38.0, "year": 2008, "partner": 231}, {"g": "f", "item": "Plywood", "p": 11.0, "s": 12.0, "year": 2008, "partner": 231}, {"g": "f", "item": "Paper+-Board Ex Newsprnt", "p": 116.0, "s": 97.0, "year": 2002, "partner": 231}, {"g": "f", "item": "Paper+-Board Ex Newsprnt", "p": 17.0, "s": 22.0, "year": 2007, "partner": 231}, {"g": "f", "item": "Paper+-Board Ex Newsprnt", "p": 532.0, "s": 319.0, "year": 1999, "partner": 231}, {"g": "f", "item": "Paper+-Board Ex Newsprnt", "p": 2.0, "s": 1.0, "year": 2001, "partner": 106}, {"g": "f", "item": "Plywood", "p": 9.0, "s": 3.0, "year": 2003, "partner": 106}, {"g": "f", "item": "Wood Pulp", "p": 48.0, "s": 22.0, "year": 2003, "partner": 106}, {"g": "f", "item": "Paper+-Board Ex Newsprnt", "p": 20.0, "s": 27.0, "year": 2011, "partner": 106}, {"g": "f", "item": "Paper+-Board Ex Newsprnt", "p": 4.0, "s": 2.0, "year": 2000, "partner": 252}, {"g": "f", "item": "Paper+-Board Ex Newsprnt", "p": 5.0, "s": 4.0, "year": 2001, "partner": 252}, {"g": "f", "item": "Paper+-Board Ex Newsprnt", "p": 2.0, "s": 1.0, "year": 2003, "partner": 252}, {"g": "f", "item": "Fibreboard", "p": 6.0, "s": 4.0, "year": 1997, "partner": 254}, {"g": "f", "item": "Ind Rwd Wir (NC) Other", "p": 0.0, "s": 0.0, "year": 1997, "partner": 254}, {"g": "f", "item": "Veneer Sheets", "p": 0.0, "s": 0.0, "year": 1997, "partner": 254}, {"g": "f", "item": "Particle Board", "p": 0.0, "s": 0.0, "year": 1997, "partner": 254}, {"g": "f", "item": "Sawnwood (C)", "p": 0.0, "s": 0.0, "year": 1997, "partner": 254}, {"g": "f", "item": "Plywood", "p": 0.0, "s": 0.0, "year": 1997, "partner": 254}, {"g": "f", "item": "Paper+-Board Ex Newsprnt", "p": 0.0, "s": 0.0, "year": 1997, "partner": 254}, {"g": "f", "item": "Fibreboard", "p": 6.0, "s": 4.0, "year": 1998, "partner": 254}, {"g": "f", "item": "Veneer Sheets", "p": 0.0, "s": 0.0, "year": 1998, "partner": 254}, {"g": "f", "item": "Particle Board", "p": 0.0, "s": 0.0, "year": 1998, "partner": 254}, {"g": "f", "item": "Sawnwood (C)", "p": 0.0, "s": 0.0, "year": 1998, "partner": 254}, {"g": "f", "item": "Sawnwood (NC)", "p": 0.0, "s": 0.0, "year": 1998, "partner": 254}, {"g": "f", "item": "Plywood", "p": 0.0, "s": 0.0, "year": 1998, "partner": 254}, {"g": "f", "item": "Paper+-Board Ex Newsprnt", "p": 0.0, "s": 0.0, "year": 1998, "partner": 254}, {"g": "f", "item": "Fibreboard", "p": 227.0, "s": 4.0, "year": 1999, "partner": 254}, {"g": "f", "item": "Ind Rwd Wir (NC) Other", "p": 0.0, "s": 0.0, "year": 1999, "partner": 254}, {"g": "f", "item": "Particle Board", "p": 0.0, "s": 0.0, "year": 1999, "partner": 254}, {"g": "f", "item": "Sawnwood (C)", "p": 0.0, "s": 0.0, "year": 1999, "partner": 254}, {"g": "f", "item": "Newsprint", "p": 0.0, "s": 0.0, "year": 1999, "partner": 254}, {"g": "f", "item": "Ind Rwd Wir (C)", "p": 0.0, "s": 0.0, "year": 1999, "partner": 254}, {"g": "f", "item": "Paper+-Board Ex Newsprnt", "p": 0.0, "s": 0.0, "year": 1999, "partner": 254}, {"g": "f", "item": "Plywood", "p": 0.0, "s": 0.0, "year": 1999, "partner": 254}, {"g": "f", "item": "Paper+-Board Ex Newsprnt", "p": 591.0, "s": 386.0, "year": 2000, "partner": 254}, {"g": "f", "item": "Particle Board", "p": -8.0, "s": 0.0, "year": 2000, "partner": 254}, {"g": "f", "item": "Plywood", "p": -28.0, "s": -14.0, "year": 2000, "partner": 254}, {"g": "f", "item": "Fibreboard", "p": 204.0, "s": -2.0, "year": 2000, "partner": 254}, {"g": "f", "item": "Paper+-Board Ex Newsprnt", "p": 605.0, "s": 396.0, "year": 2001, "partner": 254}, {"g": "f", "item": "Fibreboard", "p": 201.0, "s": 1.0, "year": 2001, "partner": 254}, {"g": "f", "item": "Wood Pulp", "p": -28.0, "s": 4.0, "year": 2002, "partner": 254}, {"g": "f", "item": "Fibreboard", "p": 102.0, "s": -22.0, "year": 2002, "partner": 254}, {"g": "f", "item": "Veneer Sheets", "p": -7.0, "s": 0.0, "year": 2002, "partner": 254}, {"g": "f", "item": "Particle Board", "p": -17.0, "s": 0.0, "year": 2002, "partner": 254}, {"g": "f", "item": "Sawnwood (C)", "p": -32.0, "s": -4.0, "year": 2002, "partner": 254}, {"g": "f", "item": "Newsprint", "p": -23.0, "s": -13.0, "year": 2002, "partner": 254}, {"g": "f", "item": "Ind Rwd Wir (C)", "p": -25.0, "s": -8.0, "year": 2002, "partner": 254}, {"g": "f", "item": "Paper+-Board Ex Newsprnt", "p": 53.0, "s": 47.0, "year": 2002, "partner": 254}, {"g": "f", "item": "Plywood", "p": -4.0, "s": 1.0, "year": 2002, "partner": 254}, {"g": "f", "item": "Wood Pulp", "p": 0.0, "s": 0.0, "year": 2003, "partner": 254}, {"g": "f", "item": "Fibreboard", "p": 6.0, "s": 4.0, "year": 2003, "partner": 254}, {"g": "f", "item": "Veneer Sheets", "p": 0.0, "s": 0.0, "year": 2003, "partner": 254}, {"g": "f", "item": "Particle Board", "p": 0.0, "s": 1.0, "year": 2003, "partner": 254}, {"g": "f", "item": "Sawnwood (C)", "p": 0.0, "s": 0.0, "year": 2003, "partner": 254}, {"g": "f", "item": "Sawnwood (NC)", "p": 0.0, "s": 0.0, "year": 2003, "partner": 254}, {"g": "f", "item": "Ind Rwd Wir (C)", "p": 0.0, "s": 0.0, "year": 2003, "partner": 254}, {"g": "f", "item": "Paper+-Board Ex Newsprnt", "p": 1.0, "s": 8.0, "year": 2003, "partner": 254}, {"g": "f", "item": "Plywood", "p": 0.0, "s": 0.0, "year": 2003, "partner": 254}, {"g": "f", "item": "Fibreboard", "p": -2.0, "s": 4.0, "year": 2004, "partner": 254}, {"g": "f", "item": "Particle Board", "p": 64.0, "s": 0.0, "year": 2004, "partner": 254}, {"g": "f", "item": "Veneer Sheets", "p": 46.0, "s": 0.0, "year": 2004, "partner": 254}, {"g": "f", "item": "Newsprint", "p": 1.0, "s": 0.0, "year": 2004, "partner": 254}, {"g": "f", "item": "Sawnwood (C)", "p": -582.0, "s": 0.0, "year": 2004, "partner": 254}, {"g": "f", "item": "Sawnwood (NC)", "p": 20.0, "s": 1.0, "year": 2004, "partner": 254}, {"g": "f", "item": "Plywood", "p": 92.0, "s": 0.0, "year": 2004, "partner": 254}, {"g": "f", "item": "Paper+-Board Ex Newsprnt", "p": 52.0, "s": 8.0, "year": 2004, "partner": 254}, {"g": "f", "item": "Paper+-Board Ex Newsprnt", "p": 344.0, "s": 260.0, "year": 2005, "partner": 254}, {"g": "f", "item": "Veneer Sheets", "p": 38.0, "s": 40.0, "year": 2005, "partner": 254}, {"g": "f", "item": "Sawnwood (NC)", "p": 22.0, "s": 4.0, "year": 2005, "partner": 254}, {"g": "f", "item": "Fibreboard", "p": -22.0, "s": -4.0, "year": 2005, "partner": 254}, {"g": "f", "item": "Fibreboard", "p": -39.0, "s": -19.0, "year": 2006, "partner": 254}, {"g": "f", "item": "Particle Board", "p": 77.0, "s": -5.0, "year": 2006, "partner": 254}, {"g": "f", "item": "Veneer Sheets", "p": 59.0, "s": 48.0, "year": 2006, "partner": 254}, {"g": "f", "item": "Newsprint", "p": -2.0, "s": -2.0, "year": 2006, "partner": 254}, {"g": "f", "item": "Sawnwood (C)", "p": 64.0, "s": 8.0, "year": 2006, "partner": 254}, {"g": "f", "item": "Sawnwood (NC)", "p": 48.0, "s": 9.0, "year": 2006, "partner": 254}, {"g": "f", "item": "Plywood", "p": -106.0, "s": -72.0, "year": 2006, "partner": 254}, {"g": "f", "item": "Paper+-Board Ex Newsprnt", "p": 312.0, "s": 181.0, "year": 2006, "partner": 254}, {"g": "f", "item": "Paper+-Board Ex Newsprnt", "p": 18.0, "s": 23.0, "year": 2007, "partner": 254}, {"g": "f", "item": "Particle Board", "p": 1.0, "s": 0.0, "year": 2007, "partner": 254}, {"g": "f", "item": "Plywood", "p": 0.0, "s": 9.0, "year": 2007, "partner": 254}, {"g": "f", "item": "Fibreboard", "p": 0.0, "s": 1.0, "year": 2007, "partner": 254}, {"g": "f", "item": "Fibreboard", "p": 17.0, "s": 17.0, "year": 2008, "partner": 254}, {"g": "f", "item": "Particle Board", "p": 0.0, "s": 0.0, "year": 2008, "partner": 254}, {"g": "f", "item": "Newsprint", "p": 0.0, "s": 0.0, "year": 2008, "partner": 254}, {"g": "f", "item": "Sawnwood (C)", "p": 0.0, "s": 0.0, "year": 2008, "partner": 254}, {"g": "f", "item": "Sawnwood (NC)", "p": 0.0, "s": 0.0, "year": 2008, "partner": 254}, {"g": "f", "item": "Paper+-Board Ex Newsprnt", "p": 2.0, "s": 5.0, "year": 2008, "partner": 254}, {"g": "f", "item": "Plywood", "p": 0.0, "s": 0.0, "year": 2008, "partner": 254}, {"g": "f", "item": "Fibreboard", "p": 17.0, "s": 17.0, "year": 2009, "partner": 254}, {"g": "f", "item": "Sawnwood (C)", "p": 0.0, "s": 0.0, "year": 2009, "partner": 254}, {"g": "f", "item": "Newsprint", "p": 0.0, "s": 0.0, "year": 2009, "partner": 254}, {"g": "f", "item": "Plywood", "p": 0.0, "s": 0.0, "year": 2009, "partner": 254}, {"g": "f", "item": "Paper+-Board Ex Newsprnt", "p": 3572.0, "s": 1738.0, "year": 2009, "partner": 254}, {"g": "f", "item": "Fibreboard", "p": 61.0, "s": 37.0, "year": 2010, "partner": 254}, {"g": "f", "item": "Veneer Sheets", "p": 0.0, "s": 0.0, "year": 2010, "partner": 254}, {"g": "f", "item": "Sawnwood (C)", "p": 0.0, "s": 0.0, "year": 2010, "partner": 254}, {"g": "f", "item": "Newsprint", "p": 0.0, "s": 0.0, "year": 2010, "partner": 254}, {"g": "f", "item": "Plywood", "p": 1.0, "s": 0.0, "year": 2010, "partner": 254}, {"g": "f", "item": "Paper+-Board Ex Newsprnt", "p": 18.0, "s": 18.0, "year": 2010, "partner": 254}, {"g": "f", "item": "Fibreboard", "p": 17.0, "s": 17.0, "year": 2011, "partner": 254}, {"g": "f", "item": "Veneer Sheets", "p": 0.0, "s": 0.0, "year": 2011, "partner": 254}, {"g": "f", "item": "Newsprint", "p": 0.0, "s": 0.0, "year": 2011, "partner": 254}, {"g": "f", "item": "Plywood", "p": 0.0, "s": 0.0, "year": 2011, "partner": 254}, {"g": "f", "item": "Paper+-Board Ex Newsprnt", "p": 34.0, "s": 48.0, "year": 2011, "partner": 254}, {"g": "f", "item": "Fibreboard", "p": -1.0, "s": 0.0, "year": 2012, "partner": 254}, {"g": "f", "item": "Veneer Sheets", "p": 0.0, "s": 0.0, "year": 2012, "partner": 254}, {"g": "f", "item": "Newsprint", "p": 0.0, "s": 0.0, "year": 2012, "partner": 254}, {"g": "f", "item": "Ind Rwd Wir (C)", "p": 0.0, "s": 0.0, "year": 2012, "partner": 254}, {"g": "f", "item": "Paper+-Board Ex Newsprnt", "p": 42.0, "s": 54.0, "year": 2012, "partner": 254}, {"g": "f", "item": "Plywood", "p": 1.0, "s": 10.0, "year": 2012, "partner": 254}, {"g": "f", "item": "Fibreboard", "p": -1.0, "s": 0.0, "year": 2013, "partner": 254}, {"g": "f", "item": "Ind Rwd Wir (NC) Other", "p": 0.0, "s": 0.0, "year": 2013, "partner": 254}, {"g": "f", "item": "Veneer Sheets", "p": 0.0, "s": 0.0, "year": 2013, "partner": 254}, {"g": "f", "item": "Newsprint", "p": 0.0, "s": 0.0, "year": 2013, "partner": 254}, {"g": "f", "item": "Sawnwood (C)", "p": 0.0, "s": 0.0, "year": 2013, "partner": 254}, {"g": "f", "item": "Sawnwood (NC)", "p": 0.0, "s": 0.0, "year": 2013, "partner": 254}, {"g": "f", "item": "Paper+-Board Ex Newsprnt", "p": 9.0, "s": 24.0, "year": 2013, "partner": 254}, {"g": "f", "item": "Plywood", "p": 1.0, "s": 0.0, "year": 2013, "partner": 254}, {"g": "f", "item": "Fibreboard", "p": 26.0, "s": 15.0, "year": 2014, "partner": 254}, {"g": "f", "item": "Ind Rwd Wir (NC) Other", "p": 0.0, "s": 0.0, "year": 2014, "partner": 254}, {"g": "f", "item": "Veneer Sheets", "p": 0.0, "s": 1.0, "year": 2014, "partner": 254}, {"g": "f", "item": "Plywood", "p": 2.0, "s": 4.0, "year": 2014, "partner": 254}, {"g": "f", "item": "Paper+-Board Ex Newsprnt", "p": 34.0, "s": 60.0, "year": 2014, "partner": 254}, {"g": "f", "item": "Paper+-Board Ex Newsprnt", "p": 5.0, "s": 4.0, "year": 2001, "partner": 255}, {"g": "f", "item": "Paper+-Board Ex Newsprnt", "p": 2.0, "s": 1.0, "year": 2002, "partner": 255}, {"g": "f", "item": "Paper+-Board Ex Newsprnt", "p": 42.0, "s": 41.0, "year": 2003, "partner": 255}, {"g": "f", "item": "Fibreboard", "p": 19.0, "s": 7.0, "year": 2003, "partner": 255}, {"g": "f", "item": "Paper+-Board Ex Newsprnt", "p": 18.0, "s": 23.0, "year": 2006, "partner": 255}, {"g": "f", "item": "Paper+-Board Ex Newsprnt", "p": 248.0, "s": 176.0, "year": 2007, "partner": 255}, {"g": "f", "item": "Paper+-Board Ex Newsprnt", "p": 7640.0, "s": 3669.0, "year": 2008, "partner": 255}, {"g": "f", "item": "Paper+-Board Ex Newsprnt", "p": 71.0, "s": 34.0, "year": 2009, "partner": 255}, {"g": "f", "item": "Paper+-Board Ex Newsprnt", "p": 2.0, "s": 2.0, "year": 2012, "partner": 255}]