[{"g": "m", "item": "Paper+-Board Ex Newsprnt", "p": 11.0, "s": 5.0, "year": 2003, "partner": 66}, {"g": "m", "item": "Sawnwood (NC)", "p": 8.0, "s": 10.0, "year": 2007, "partner": 66}, {"g": "m", "item": "Sawnwood (NC)", "p": 24.0, "s": 17.0, "year": 2011, "partner": 219}, {"g": "m", "item": "Sawnwood (C)", "p": 12.0, "s": 10.0, "year": 2004, "partner": 219}, {"g": "m", "item": "Paper+-Board Ex Newsprnt", "p": 7.0, "s": 10.0, "year": 2004, "partner": 219}, {"g": "m", "item": "Sawnwood (NC)", "p": 14.0, "s": 9.0, "year": 2005, "partner": 70}, {"g": "m", "item": "Paper+-Board Ex Newsprnt", "p": 1.0, "s": 1.0, "year": 2003, "partner": 231}, {"g": "m", "item": "Newsprint", "p": 2.0, "s": 1.0, "year": 2003, "partner": 231}, {"g": "m", "item": "Sawnwood (C)", "p": 26.0, "s": 3.0, "year": 2004, "partner": 231}, {"g": "m", "item": "Paper+-Board Ex Newsprnt", "p": 1.0, "s": 4.0, "year": 2004, "partner": 231}, {"g": "m", "item": "Ind Rwd Wir (NC) Other", "p": 51.0, "s": 1.0, "year": 2004, "partner": 231}, {"g": "m", "item": "Sawnwood (NC)", "p": 207.0, "s": 159.0, "year": 1997, "partner": 231}, {"g": "m", "item": "Paper+-Board Ex Newsprnt", "p": 1.0, "s": 11.0, "year": 2006, "partner": 231}, {"g": "m", "item": "Sawnwood (C)", "p": 1447.0, "s": 506.0, "year": 1999, "partner": 231}, {"g": "m", "item": "Wood Pulp", "p": 4.0, "s": 0.0, "year": 2001, "partner": 252}, {"g": "m", "item": "Paper+-Board Ex Newsprnt", "p": 2.0, "s": 1.0, "year": 2003, "partner": 252}, {"g": "m", "item": "Sawnwood (C)", "p": 6.0, "s": 0.0, "year": 2004, "partner": 252}, {"g": "m", "item": "Plywood", "p": 4.0, "s": 0.0, "year": 2007, "partner": 252}, {"g": "m", "item": "Veneer Sheets", "p": 5.0, "s": 3.0, "year": 2008, "partner": 252}, {"g": "m", "item": "Paper+-Board Ex Newsprnt", "p": 1.0, "s": 0.0, "year": 2010, "partner": 252}, {"g": "m", "item": "Fibreboard", "p": 12.0, "s": 20.0, "year": 2011, "partner": 252}, {"g": "m", "item": "Sawnwood (NC)", "p": 19.0, "s": 8.0, "year": 2000, "partner": 10}, {"g": "m", "item": "Sawnwood (NC)", "p": 13.0, "s": 13.0, "year": 2004, "partner": 10}, {"g": "m", "item": "Sawnwood (NC)", "p": 1.0, "s": 1.0, "year": 1997, "partner": 10}, {"g": "m", "item": "Paper+-Board Ex Newsprnt", "p": 116.0, "s": 67.0, "year": 2014, "partner": 171}, {"g": "m", "item": "Paper+-Board Ex Newsprnt", "p": 38.0, "s": 12.0, "year": 2007, "partner": 194}, {"g": "m", "item": "Ind Rwd Wir (C)", "p": 6293.0, "s": 394.0, "year": 1999, "partner": 110}, {"g": "m", "item": "Paper+-Board Ex Newsprnt", "p": 1.0, "s": 1.0, "year": 2009, "partner": 229}, {"g": "m", "item": "Veneer Sheets", "p": 616.0, "s": 236.0, "year": 1997, "partner": 5009}, {"g": "m", "item": "Sawnwood (NC)", "p": 208.0, "s": 159.0, "year": 1997, "partner": 5009}, {"g": "m", "item": "Sawnwood (C)", "p": 1451.0, "s": 508.0, "year": 1999, "partner": 5009}, {"g": "m", "item": "Ind Rwd Wir (C)", "p": 6293.0, "s": 394.0, "year": 1999, "partner": 5009}, {"g": "m", "item": "Sawnwood (NC)", "p": 19.0, "s": 33.0, "year": 2000, "partner": 5009}, {"g": "m", "item": "Sawnwood (NC)", "p": 19.0, "s": 33.0, "year": 2001, "partner": 5009}, {"g": "m", "item": "Wood Pulp", "p": 0.0, "s": 0.0, "year": 2001, "partner": 5009}, {"g": "m", "item": "Veneer Sheets", "p": 0.0, "s": 0.0, "year": 2002, "partner": 5009}, {"g": "m", "item": "Sawnwood (NC)", "p": 19.0, "s": 33.0, "year": 2002, "partner": 5009}, {"g": "m", "item": "Sawnwood (NC)", "p": 4004.0, "s": 2.0, "year": 2003, "partner": 5009}, {"g": "m", "item": "Paper+-Board Ex Newsprnt", "p": 14.0, "s": 7.0, "year": 2003, "partner": 5009}, {"g": "m", "item": "Newsprint", "p": 2.0, "s": 1.0, "year": 2003, "partner": 5009}, {"g": "m", "item": "Ind Rwd Wir (NC) Other", "p": 136.0, "s": 8.0, "year": 2004, "partner": 5009}, {"g": "m", "item": "Sawnwood (C)", "p": 84.0, "s": 14.0, "year": 2004, "partner": 5009}, {"g": "m", "item": "Sawnwood (NC)", "p": 73.0, "s": 22.0, "year": 2004, "partner": 5009}, {"g": "m", "item": "Ind Rwd Wir (C)", "p": 452.0, "s": 24.0, "year": 2004, "partner": 5009}, {"g": "m", "item": "Paper+-Board Ex Newsprnt", "p": 22.0, "s": 20.0, "year": 2004, "partner": 5009}, {"g": "m", "item": "Sawnwood (NC)", "p": 73.0, "s": 22.0, "year": 2005, "partner": 5009}, {"g": "m", "item": "Paper+-Board Ex Newsprnt", "p": 22.0, "s": 20.0, "year": 2006, "partner": 5009}, {"g": "m", "item": "Ind Rwd Wir (NC) Tropica", "p": 43.0, "s": 32.0, "year": 2007, "partner": 5009}, {"g": "m", "item": "Paper+-Board Ex Newsprnt", "p": 59.0, "s": 31.0, "year": 2007, "partner": 5009}, {"g": "m", "item": "Sawnwood (NC)", "p": 8.0, "s": 10.0, "year": 2007, "partner": 5009}, {"g": "m", "item": "Plywood", "p": 4.0, "s": 0.0, "year": 2007, "partner": 5009}, {"g": "m", "item": "Veneer Sheets", "p": 5.0, "s": 3.0, "year": 2008, "partner": 5009}, {"g": "m", "item": "Sawnwood (C)", "p": 5.0, "s": 2.0, "year": 2009, "partner": 5009}, {"g": "m", "item": "Paper+-Board Ex Newsprnt", "p": 58.0, "s": 30.0, "year": 2009, "partner": 5009}, {"g": "m", "item": "Paper+-Board Ex Newsprnt", "p": 58.0, "s": 29.0, "year": 2010, "partner": 5009}, {"g": "m", "item": "Sawnwood (NC)", "p": 27.0, "s": 18.0, "year": 2011, "partner": 5009}, {"g": "m", "item": "Plywood", "p": 5.0, "s": 8.0, "year": 2011, "partner": 5009}, {"g": "m", "item": "Fibreboard", "p": 12.0, "s": 20.0, "year": 2011, "partner": 5009}, {"g": "m", "item": "Paper+-Board Ex Newsprnt", "p": 58.0, "s": 115.0, "year": 2013, "partner": 5009}, {"g": "m", "item": "Paper+-Board Ex Newsprnt", "p": 173.0, "s": 182.0, "year": 2014, "partner": 5009}, {"g": "m", "item": "Veneer Sheets", "p": 616.0, "s": 236.0, "year": 1997, "partner": 185}, {"g": "m", "item": "Wood Pulp", "p": 4.0, "s": 0.0, "year": 2001, "partner": 255}, {"g": "m", "item": "Sawnwood (C)", "p": 4.0, "s": 3.0, "year": 1999, "partner": 156}, {"g": "m", "item": "Sawnwood (NC)", "p": 1.0, "s": 2.0, "year": 2001, "partner": 156}, {"g": "m", "item": "Veneer Sheets", "p": 8.0, "s": 6.0, "year": 2002, "partner": 156}, {"g": "m", "item": "Sawnwood (NC)", "p": 6.0, "s": 6.0, "year": 2002, "partner": 156}, {"g": "m", "item": "Sawnwood (NC)", "p": 4004.0, "s": 2.0, "year": 2003, "partner": 156}, {"g": "m", "item": "Sawnwood (NC)", "p": 20.0, "s": 9.0, "year": 2004, "partner": 156}, {"g": "m", "item": "Ind Rwd Wir (NC) Other", "p": 19.0, "s": 7.0, "year": 2004, "partner": 156}, {"g": "m", "item": "Sawnwood (C)", "p": 5.0, "s": 2.0, "year": 2009, "partner": 156}, {"g": "m", "item": "Sawnwood (NC)", "p": 2.0, "s": 2.0, "year": 2011, "partner": 156}, {"g": "m", "item": "Plywood", "p": 5.0, "s": 8.0, "year": 2011, "partner": 156}, {"g": "m", "item": "Paper+-Board Ex Newsprnt", "p": 1.0, "s": 87.0, "year": 2013, "partner": 156}, {"g": "m", "item": "Veneer Sheets", "p": 0.0, "s": 0.0, "year": 1997, "partner": 254}, {"g": "m", "item": "Sawnwood (NC)", "p": 0.0, "s": 0.0, "year": 1997, "partner": 254}, {"g": "m", "item": "Sawnwood (C)", "p": 0.0, "s": 0.0, "year": 1999, "partner": 254}, {"g": "m", "item": "Ind Rwd Wir (C)", "p": 0.0, "s": 0.0, "year": 1999, "partner": 254}, {"g": "m", "item": "Sawnwood (NC)", "p": 0.0, "s": 25.0, "year": 2000, "partner": 254}, {"g": "m", "item": "Sawnwood (NC)", "p": 18.0, "s": 31.0, "year": 2001, "partner": 254}, {"g": "m", "item": "Wood Pulp", "p": 0.0, "s": 0.0, "year": 2001, "partner": 254}, {"g": "m", "item": "Veneer Sheets", "p": 0.0, "s": 0.0, "year": 2002, "partner": 254}, {"g": "m", "item": "Sawnwood (NC)", "p": 13.0, "s": 27.0, "year": 2002, "partner": 254}, {"g": "m", "item": "Sawnwood (NC)", "p": 0.0, "s": 0.0, "year": 2003, "partner": 254}, {"g": "m", "item": "Paper+-Board Ex Newsprnt", "p": 0.0, "s": 1.0, "year": 2003, "partner": 254}, {"g": "m", "item": "Newsprint", "p": 0.0, "s": 0.0, "year": 2003, "partner": 254}, {"g": "m", "item": "Ind Rwd Wir (NC) Other", "p": 66.0, "s": 0.0, "year": 2004, "partner": 254}, {"g": "m", "item": "Sawnwood (C)", "p": 40.0, "s": 0.0, "year": 2004, "partner": 254}, {"g": "m", "item": "Sawnwood (NC)", "p": 40.0, "s": 0.0, "year": 2004, "partner": 254}, {"g": "m", "item": "Ind Rwd Wir (C)", "p": 293.0, "s": 0.0, "year": 2004, "partner": 254}, {"g": "m", "item": "Paper+-Board Ex Newsprnt", "p": 14.0, "s": 5.0, "year": 2004, "partner": 254}, {"g": "m", "item": "Sawnwood (NC)", "p": 59.0, "s": 13.0, "year": 2005, "partner": 254}, {"g": "m", "item": "Paper+-Board Ex Newsprnt", "p": 21.0, "s": 9.0, "year": 2006, "partner": 254}, {"g": "m", "item": "Paper+-Board Ex Newsprnt", "p": 21.0, "s": 19.0, "year": 2007, "partner": 254}, {"g": "m", "item": "Veneer Sheets", "p": 1.0, "s": 0.0, "year": 2008, "partner": 254}, {"g": "m", "item": "Sawnwood (C)", "p": 0.0, "s": 0.0, "year": 2009, "partner": 254}, {"g": "m", "item": "Paper+-Board Ex Newsprnt", "p": 57.0, "s": 29.0, "year": 2009, "partner": 254}, {"g": "m", "item": "Paper+-Board Ex Newsprnt", "p": 57.0, "s": 29.0, "year": 2010, "partner": 254}, {"g": "m", "item": "Sawnwood (NC)", "p": 0.0, "s": 0.0, "year": 2011, "partner": 254}, {"g": "m", "item": "Plywood", "p": 0.0, "s": 0.0, "year": 2011, "partner": 254}, {"g": "m", "item": "Fibreboard", "p": 0.0, "s": 0.0, "year": 2011, "partner": 254}, {"g": "m", "item": "Paper+-Board Ex Newsprnt", "p": 57.0, "s": 28.0, "year": 2013, "partner": 254}, {"g": "m", "item": "Paper+-Board Ex Newsprnt", "p": 57.0, "s": 115.0, "year": 2014, "partner": 254}, {"g": "m", "item": "Ind Rwd Wir (C)", "p": 159.0, "s": 24.0, "year": 2004, "partner": 351}, {"g": "m", "item": "Ind Rwd Wir (NC) Tropica", "p": 43.0, "s": 32.0, "year": 2007, "partner": 351}, {"g": "f", "item": "Paper+-Board Ex Newsprnt", "p": 24.0, "s": 28.0, "year": 1998, "partner": 131}, {"g": "f", "item": "Fibreboard", "p": 102.0, "s": 9.0, "year": 1999, "partner": 131}, {"g": "f", "item": "Paper+-Board Ex Newsprnt", "p": 61.0, "s": 60.0, "year": 2003, "partner": 131}, {"g": "f", "item": "Plywood", "p": 1.0, "s": 8.0, "year": 2003, "partner": 131}, {"g": "f", "item": "Paper+-Board Ex Newsprnt", "p": 2.0, "s": 5.0, "year": 2009, "partner": 131}, {"g": "f", "item": "Paper+-Board Ex Newsprnt", "p": 7.0, "s": 8.0, "year": 2010, "partner": 131}, {"g": "f", "item": "Fibreboard", "p": 23.0, "s": 17.0, "year": 2010, "partner": 131}, {"g": "f", "item": "Paper+-Board Ex Newsprnt", "p": 20.0, "s": 11.0, "year": 2011, "partner": 131}, {"g": "f", "item": "Plywood", "p": 14.0, "s": 13.0, "year": 2011, "partner": 131}, {"g": "f", "item": "Fibreboard", "p": 22.0, "s": 12.0, "year": 2011, "partner": 131}, {"g": "f", "item": "Plywood", "p": 19.0, "s": 25.0, "year": 2013, "partner": 131}, {"g": "f", "item": "Fibreboard", "p": 127.0, "s": 74.0, "year": 2013, "partner": 131}, {"g": "f", "item": "Paper+-Board Ex Newsprnt", "p": 18.0, "s": 18.0, "year": 2014, "partner": 131}, {"g": "f", "item": "Ind Rwd Wir (C)", "p": 30.0, "s": 2.0, "year": 2014, "partner": 131}, {"g": "f", "item": "Fibreboard", "p": 14.0, "s": 10.0, "year": 2014, "partner": 131}, {"g": "f", "item": "Plywood", "p": 117.0, "s": 129.0, "year": 2014, "partner": 131}, {"g": "f", "item": "Paper+-Board Ex Newsprnt", "p": 11.0, "s": 12.0, "year": 1997, "partner": 10}, {"g": "f", "item": "Sawnwood (C)", "p": 9.0, "s": 7.0, "year": 1998, "partner": 10}, {"g": "f", "item": "Veneer Sheets", "p": 20.0, "s": 9.0, "year": 1998, "partner": 10}, {"g": "f", "item": "Sawnwood (NC)", "p": 14.0, "s": 7.0, "year": 1998, "partner": 10}, {"g": "f", "item": "Paper+-Board Ex Newsprnt", "p": 4.0, "s": 9.0, "year": 1998, "partner": 10}, {"g": "f", "item": "Sawnwood (C)", "p": 5.0, "s": 5.0, "year": 1999, "partner": 10}, {"g": "f", "item": "Paper+-Board Ex Newsprnt", "p": 23.0, "s": 20.0, "year": 1999, "partner": 10}, {"g": "f", "item": "Paper+-Board Ex Newsprnt", "p": 57.0, "s": 50.0, "year": 2000, "partner": 10}, {"g": "f", "item": "Sawnwood (NC)", "p": 26.0, "s": 32.0, "year": 2000, "partner": 10}, {"g": "f", "item": "Veneer Sheets", "p": 2.0, "s": 1.0, "year": 2001, "partner": 10}, {"g": "f", "item": "Sawnwood (NC)", "p": 26.0, "s": 28.0, "year": 2001, "partner": 10}, {"g": "f", "item": "Paper+-Board Ex Newsprnt", "p": 22.0, "s": 18.0, "year": 2001, "partner": 10}, {"g": "f", "item": "Newsprint", "p": 19.0, "s": 5.0, "year": 2002, "partner": 10}, {"g": "f", "item": "Sawnwood (C)", "p": 225.0, "s": 73.0, "year": 2002, "partner": 10}, {"g": "f", "item": "Sawnwood (NC)", "p": 39.0, "s": 31.0, "year": 2002, "partner": 10}, {"g": "f", "item": "Ind Rwd Wir (C)", "p": 45.0, "s": 28.0, "year": 2002, "partner": 10}, {"g": "f", "item": "Paper+-Board Ex Newsprnt", "p": 12.0, "s": 22.0, "year": 2002, "partner": 10}, {"g": "f", "item": "Plywood", "p": 7.0, "s": 3.0, "year": 2002, "partner": 10}, {"g": "f", "item": "Fibreboard", "p": 25.0, "s": 58.0, "year": 2003, "partner": 10}, {"g": "f", "item": "Sawnwood (C)", "p": 1.0, "s": 1.0, "year": 2003, "partner": 10}, {"g": "f", "item": "Newsprint", "p": 1.0, "s": 3.0, "year": 2003, "partner": 10}, {"g": "f", "item": "Ind Rwd Wir (C)", "p": 338.0, "s": 21.0, "year": 2003, "partner": 10}, {"g": "f", "item": "Paper+-Board Ex Newsprnt", "p": 73.0, "s": 63.0, "year": 2003, "partner": 10}, {"g": "f", "item": "Ind Rwd Wir (NC) Tropica", "p": 1.0, "s": 1.0, "year": 2004, "partner": 10}, {"g": "f", "item": "Paper+-Board Ex Newsprnt", "p": 2567.0, "s": 102.0, "year": 2004, "partner": 10}, {"g": "f", "item": "Sawnwood (NC)", "p": 23450.0, "s": 201.0, "year": 2004, "partner": 10}, {"g": "f", "item": "Paper+-Board Ex Newsprnt", "p": 81.0, "s": 101.0, "year": 2005, "partner": 10}, {"g": "f", "item": "Ind Rwd Wir (NC) Other", "p": 45.0, "s": 10.0, "year": 2005, "partner": 10}, {"g": "f", "item": "Plywood", "p": 59.0, "s": 34.0, "year": 2005, "partner": 10}, {"g": "f", "item": "Paper+-Board Ex Newsprnt", "p": 261.0, "s": 261.0, "year": 2006, "partner": 10}, {"g": "f", "item": "Paper+-Board Ex Newsprnt", "p": 131.0, "s": 136.0, "year": 2007, "partner": 10}, {"g": "f", "item": "Chips and Particles", "p": 40.0, "s": 29.0, "year": 2008, "partner": 10}, {"g": "f", "item": "Particle Board", "p": 45.0, "s": 22.0, "year": 2008, "partner": 10}, {"g": "f", "item": "Sawnwood (C)", "p": 171.0, "s": 89.0, "year": 2008, "partner": 10}, {"g": "f", "item": "Sawnwood (NC)", "p": 127.0, "s": 106.0, "year": 2008, "partner": 10}, {"g": "f", "item": "Paper+-Board Ex Newsprnt", "p": 241.0, "s": 241.0, "year": 2008, "partner": 10}, {"g": "f", "item": "Fibreboard", "p": 14.0, "s": 9.0, "year": 2009, "partner": 10}, {"g": "f", "item": "Particle Board", "p": 13.0, "s": 10.0, "year": 2009, "partner": 10}, {"g": "f", "item": "Sawnwood (NC)", "p": 23.0, "s": 17.0, "year": 2009, "partner": 10}, {"g": "f", "item": "Ind Rwd Wir (C)", "p": 9745.0, "s": 594.0, "year": 2009, "partner": 10}, {"g": "f", "item": "Paper+-Board Ex Newsprnt", "p": 321.0, "s": 325.0, "year": 2009, "partner": 10}, {"g": "f", "item": "Fibreboard", "p": 121.0, "s": 68.0, "year": 2010, "partner": 10}, {"g": "f", "item": "Particle Board", "p": 3.0, "s": 2.0, "year": 2010, "partner": 10}, {"g": "f", "item": "Sawnwood (C)", "p": 59.0, "s": 25.0, "year": 2010, "partner": 10}, {"g": "f", "item": "Ind Rwd Wir (C)", "p": 10299.0, "s": 628.0, "year": 2010, "partner": 10}, {"g": "f", "item": "Paper+-Board Ex Newsprnt", "p": 143.0, "s": 137.0, "year": 2010, "partner": 10}, {"g": "f", "item": "Plywood", "p": 11.0, "s": 13.0, "year": 2010, "partner": 10}, {"g": "f", "item": "Sawnwood (C)", "p": 1.0, "s": 1.0, "year": 2011, "partner": 10}, {"g": "f", "item": "Paper+-Board Ex Newsprnt", "p": 374.0, "s": 368.0, "year": 2011, "partner": 10}, {"g": "f", "item": "Ind Rwd Wir (C)", "p": 9447.0, "s": 576.0, "year": 2011, "partner": 10}, {"g": "f", "item": "Fibreboard", "p": 40.0, "s": 24.0, "year": 2011, "partner": 10}, {"g": "f", "item": "Sawnwood (NC)", "p": 170.0, "s": 220.0, "year": 2012, "partner": 10}, {"g": "f", "item": "Paper+-Board Ex Newsprnt", "p": 11.0, "s": 15.0, "year": 2012, "partner": 10}, {"g": "f", "item": "Newsprint", "p": 7.0, "s": 2.0, "year": 2012, "partner": 10}, {"g": "f", "item": "Ind Rwd Wir (C)", "p": 3971.0, "s": 242.0, "year": 2012, "partner": 10}, {"g": "f", "item": "Fibreboard", "p": 55.0, "s": 31.0, "year": 2013, "partner": 10}, {"g": "f", "item": "Particle Board", "p": 3.0, "s": 2.0, "year": 2013, "partner": 10}, {"g": "f", "item": "Sawnwood (NC)", "p": 152.0, "s": 118.0, "year": 2013, "partner": 10}, {"g": "f", "item": "Ind Rwd Wir (C)", "p": 674.0, "s": 41.0, "year": 2013, "partner": 10}, {"g": "f", "item": "Paper+-Board Ex Newsprnt", "p": 12.0, "s": 31.0, "year": 2013, "partner": 10}, {"g": "f", "item": "Plywood", "p": 72.0, "s": 80.0, "year": 2013, "partner": 10}, {"g": "f", "item": "Veneer Sheets", "p": 5.0, "s": 16.0, "year": 2014, "partner": 10}, {"g": "f", "item": "Particle Board", "p": 18.0, "s": 13.0, "year": 2014, "partner": 10}, {"g": "f", "item": "Sawnwood (NC)", "p": 6.0, "s": 6.0, "year": 2014, "partner": 10}, {"g": "f", "item": "Plywood", "p": 14.0, "s": 15.0, "year": 2014, "partner": 10}, {"g": "f", "item": "Paper+-Board Ex Newsprnt", "p": 70.0, "s": 59.0, "year": 2014, "partner": 10}, {"g": "f", "item": "Sawnwood (C)", "p": 53.0, "s": 26.0, "year": 2010, "partner": 144}, {"g": "f", "item": "Fibreboard", "p": 378.0, "s": 146.0, "year": 1997, "partner": 5009}, {"g": "f", "item": "Particle Board", "p": 117.0, "s": 24.0, "year": 1997, "partner": 5009}, {"g": "f", "item": "Sawnwood (C)", "p": 1443.0, "s": 213.0, "year": 1997, "partner": 5009}, {"g": "f", "item": "Plywood", "p": 57.0, "s": 13.0, "year": 1997, "partner": 5009}, {"g": "f", "item": "Paper+-Board Ex Newsprnt", "p": 57.0, "s": 71.0, "year": 1997, "partner": 5009}, {"g": "f", "item": "Fibreboard", "p": 926.0, "s": 343.0, "year": 1998, "partner": 5009}, {"g": "f", "item": "Particle Board", "p": 31.0, "s": 8.0, "year": 1998, "partner": 5009}, {"g": "f", "item": "Veneer Sheets", "p": 313.0, "s": 138.0, "year": 1998, "partner": 5009}, {"g": "f", "item": "Newsprint", "p": 81.0, "s": 42.0, "year": 1998, "partner": 5009}, {"g": "f", "item": "Sawnwood (C)", "p": 2289.0, "s": 628.0, "year": 1998, "partner": 5009}, {"g": "f", "item": "Sawnwood (NC)", "p": 245.0, "s": 77.0, "year": 1998, "partner": 5009}, {"g": "f", "item": "Plywood", "p": 495.0, "s": 243.0, "year": 1998, "partner": 5009}, {"g": "f", "item": "Paper+-Board Ex Newsprnt", "p": 270.0, "s": 410.0, "year": 1998, "partner": 5009}, {"g": "f", "item": "Fibreboard", "p": 24739.0, "s": 605.0, "year": 1999, "partner": 5009}, {"g": "f", "item": "Particle Board", "p": 159.0, "s": 2.0, "year": 1999, "partner": 5009}, {"g": "f", "item": "Veneer Sheets", "p": 28.0, "s": 19.0, "year": 1999, "partner": 5009}, {"g": "f", "item": "Newsprint", "p": 37.0, "s": 25.0, "year": 1999, "partner": 5009}, {"g": "f", "item": "Sawnwood (C)", "p": 5630.0, "s": 1064.0, "year": 1999, "partner": 5009}, {"g": "f", "item": "Sawnwood (NC)", "p": 1717.0, "s": 67.0, "year": 1999, "partner": 5009}, {"g": "f", "item": "Ind Rwd Wir (C)", "p": 3.0, "s": 1.0, "year": 1999, "partner": 5009}, {"g": "f", "item": "Paper+-Board Ex Newsprnt", "p": 401.0, "s": 573.0, "year": 1999, "partner": 5009}, {"g": "f", "item": "Plywood", "p": 729.0, "s": 321.0, "year": 1999, "partner": 5009}, {"g": "f", "item": "Wood Pulp", "p": 7.0, "s": 8.0, "year": 2000, "partner": 5009}, {"g": "f", "item": "Fibreboard", "p": 1013.0, "s": 368.0, "year": 2000, "partner": 5009}, {"g": "f", "item": "Particle Board", "p": 7.0, "s": 1.0, "year": 2000, "partner": 5009}, {"g": "f", "item": "Veneer Sheets", "p": 194.0, "s": 99.0, "year": 2000, "partner": 5009}, {"g": "f", "item": "Newsprint", "p": 45.0, "s": 24.0, "year": 2000, "partner": 5009}, {"g": "f", "item": "Sawnwood (C)", "p": 7545.0, "s": 1082.0, "year": 2000, "partner": 5009}, {"g": "f", "item": "Sawnwood (NC)", "p": 26.0, "s": 35.0, "year": 2000, "partner": 5009}, {"g": "f", "item": "Plywood", "p": 1096.0, "s": 296.0, "year": 2000, "partner": 5009}, {"g": "f", "item": "Paper+-Board Ex Newsprnt", "p": 325.0, "s": 409.0, "year": 2000, "partner": 5009}, {"g": "f", "item": "Fibreboard", "p": 936.0, "s": 446.0, "year": 2001, "partner": 5009}, {"g": "f", "item": "Ind Rwd Wir (NC) Other", "p": 0.0, "s": 0.0, "year": 2001, "partner": 5009}, {"g": "f", "item": "Veneer Sheets", "p": 200.0, "s": 92.0, "year": 2001, "partner": 5009}, {"g": "f", "item": "Particle Board", "p": 7.0, "s": 1.0, "year": 2001, "partner": 5009}, {"g": "f", "item": "Sawnwood (C)", "p": 4200.0, "s": 1537.0, "year": 2001, "partner": 5009}, {"g": "f", "item": "Newsprint", "p": 45.0, "s": 24.0, "year": 2001, "partner": 5009}, {"g": "f", "item": "Plywood", "p": 2200.0, "s": 606.0, "year": 2001, "partner": 5009}, {"g": "f", "item": "Sawnwood (NC)", "p": 26.0, "s": 35.0, "year": 2001, "partner": 5009}, {"g": "f", "item": "Paper+-Board Ex Newsprnt", "p": 619.0, "s": 896.0, "year": 2001, "partner": 5009}, {"g": "f", "item": "Veneer Sheets", "p": 200.0, "s": 92.0, "year": 2002, "partner": 5009}, {"g": "f", "item": "Newsprint", "p": 45.0, "s": 24.0, "year": 2002, "partner": 5009}, {"g": "f", "item": "Sawnwood (C)", "p": 688.0, "s": 93.0, "year": 2002, "partner": 5009}, {"g": "f", "item": "Sawnwood (NC)", "p": 26.0, "s": 35.0, "year": 2002, "partner": 5009}, {"g": "f", "item": "Ind Rwd Wir (C)", "p": 17.0, "s": 5.0, "year": 2002, "partner": 5009}, {"g": "f", "item": "Paper+-Board Ex Newsprnt", "p": 225.0, "s": 241.0, "year": 2002, "partner": 5009}, {"g": "f", "item": "Plywood", "p": 344.0, "s": 143.0, "year": 2002, "partner": 5009}, {"g": "f", "item": "Ind Rwd Wir (NC) Tropica", "p": 2.0, "s": 38.0, "year": 2003, "partner": 5009}, {"g": "f", "item": "Wood Pulp", "p": 285.0, "s": 67.0, "year": 2003, "partner": 5009}, {"g": "f", "item": "Fibreboard", "p": 422.0, "s": 840.0, "year": 2003, "partner": 5009}, {"g": "f", "item": "Veneer Sheets", "p": 10.0, "s": 40.0, "year": 2003, "partner": 5009}, {"g": "f", "item": "Particle Board", "p": 2.0, "s": 12.0, "year": 2003, "partner": 5009}, {"g": "f", "item": "Sawnwood (C)", "p": 635.0, "s": 1335.0, "year": 2003, "partner": 5009}, {"g": "f", "item": "Newsprint", "p": 128.0, "s": 133.0, "year": 2003, "partner": 5009}, {"g": "f", "item": "Ind Rwd Wir (C)", "p": 7414.0, "s": 452.0, "year": 2003, "partner": 5009}, {"g": "f", "item": "Sawnwood (NC)", "p": 17.0, "s": 168.0, "year": 2003, "partner": 5009}, {"g": "f", "item": "Paper+-Board Ex Newsprnt", "p": 1332.0, "s": 1670.0, "year": 2003, "partner": 5009}, {"g": "f", "item": "Plywood", "p": 194.0, "s": 1033.0, "year": 2003, "partner": 5009}, {"g": "f", "item": "Ind Rwd Wir (NC) Tropica", "p": 13.0, "s": 2.0, "year": 2004, "partner": 5009}, {"g": "f", "item": "Fibreboard", "p": 3069.0, "s": 911.0, "year": 2004, "partner": 5009}, {"g": "f", "item": "Ind Rwd Wir (NC) Other", "p": 1136.0, "s": 75.0, "year": 2004, "partner": 5009}, {"g": "f", "item": "Sawnwood (C)", "p": 12720.0, "s": 2213.0, "year": 2004, "partner": 5009}, {"g": "f", "item": "Newsprint", "p": 295.0, "s": 151.0, "year": 2004, "partner": 5009}, {"g": "f", "item": "Ind Rwd Wir (C)", "p": 12463.0, "s": 760.0, "year": 2004, "partner": 5009}, {"g": "f", "item": "Sawnwood (NC)", "p": 1382.0, "s": 422.0, "year": 2004, "partner": 5009}, {"g": "f", "item": "Paper+-Board Ex Newsprnt", "p": 2902.0, "s": 2511.0, "year": 2004, "partner": 5009}, {"g": "f", "item": "Fibreboard", "p": 3069.0, "s": 911.0, "year": 2005, "partner": 5009}, {"g": "f", "item": "Ind Rwd Wir (NC) Other", "p": 1136.0, "s": 75.0, "year": 2005, "partner": 5009}, {"g": "f", "item": "Veneer Sheets", "p": 53.0, "s": 42.0, "year": 2005, "partner": 5009}, {"g": "f", "item": "Particle Board", "p": 653.0, "s": 107.0, "year": 2005, "partner": 5009}, {"g": "f", "item": "Sawnwood (C)", "p": 12720.0, "s": 2213.0, "year": 2005, "partner": 5009}, {"g": "f", "item": "Newsprint", "p": 295.0, "s": 151.0, "year": 2005, "partner": 5009}, {"g": "f", "item": "Ind Rwd Wir (C)", "p": 12463.0, "s": 760.0, "year": 2005, "partner": 5009}, {"g": "f", "item": "Sawnwood (NC)", "p": 1382.0, "s": 422.0, "year": 2005, "partner": 5009}, {"g": "f", "item": "Paper+-Board Ex Newsprnt", "p": 2902.0, "s": 2511.0, "year": 2005, "partner": 5009}, {"g": "f", "item": "Plywood", "p": 1709.0, "s": 607.0, "year": 2005, "partner": 5009}, {"g": "f", "item": "Fibreboard", "p": 2766.0, "s": 772.0, "year": 2006, "partner": 5009}, {"g": "f", "item": "Particle Board", "p": 653.0, "s": 107.0, "year": 2006, "partner": 5009}, {"g": "f", "item": "Veneer Sheets", "p": 53.0, "s": 42.0, "year": 2006, "partner": 5009}, {"g": "f", "item": "Newsprint", "p": 295.0, "s": 151.0, "year": 2006, "partner": 5009}, {"g": "f", "item": "Sawnwood (C)", "p": 12720.0, "s": 2213.0, "year": 2006, "partner": 5009}, {"g": "f", "item": "Sawnwood (NC)", "p": 1382.0, "s": 422.0, "year": 2006, "partner": 5009}, {"g": "f", "item": "Ind Rwd Wir (C)", "p": 12463.0, "s": 760.0, "year": 2006, "partner": 5009}, {"g": "f", "item": "Paper+-Board Ex Newsprnt", "p": 2902.0, "s": 2511.0, "year": 2006, "partner": 5009}, {"g": "f", "item": "Plywood", "p": 1709.0, "s": 607.0, "year": 2006, "partner": 5009}, {"g": "f", "item": "Fibreboard", "p": 1011.0, "s": 425.0, "year": 2007, "partner": 5009}, {"g": "f", "item": "Ind Rwd Wir (NC) Other", "p": 4.0, "s": 2.0, "year": 2007, "partner": 5009}, {"g": "f", "item": "Veneer Sheets", "p": 137.0, "s": 154.0, "year": 2007, "partner": 5009}, {"g": "f", "item": "Particle Board", "p": 43.0, "s": 46.0, "year": 2007, "partner": 5009}, {"g": "f", "item": "Sawnwood (C)", "p": 14289.0, "s": 6690.0, "year": 2007, "partner": 5009}, {"g": "f", "item": "Newsprint", "p": 20.0, "s": 12.0, "year": 2007, "partner": 5009}, {"g": "f", "item": "Ind Rwd Wir (C)", "p": 85.0, "s": 5.0, "year": 2007, "partner": 5009}, {"g": "f", "item": "Sawnwood (NC)", "p": 37.0, "s": 46.0, "year": 2007, "partner": 5009}, {"g": "f", "item": "Paper+-Board Ex Newsprnt", "p": 780.0, "s": 1096.0, "year": 2007, "partner": 5009}, {"g": "f", "item": "Plywood", "p": 178.0, "s": 921.0, "year": 2007, "partner": 5009}, {"g": "f", "item": "Chips and Particles", "p": 40.0, "s": 29.0, "year": 2008, "partner": 5009}, {"g": "f", "item": "Fibreboard", "p": 566.0, "s": 232.0, "year": 2008, "partner": 5009}, {"g": "f", "item": "Ind Rwd Wir (NC) Other", "p": 62.0, "s": 14.0, "year": 2008, "partner": 5009}, {"g": "f", "item": "Veneer Sheets", "p": 117.0, "s": 180.0, "year": 2008, "partner": 5009}, {"g": "f", "item": "Particle Board", "p": 48.0, "s": 25.0, "year": 2008, "partner": 5009}, {"g": "f", "item": "Sawnwood (C)", "p": 12275.0, "s": 5304.0, "year": 2008, "partner": 5009}, {"g": "f", "item": "Sawnwood (NC)", "p": 209.0, "s": 228.0, "year": 2008, "partner": 5009}, {"g": "f", "item": "Ind Rwd Wir (C)", "p": 742.0, "s": 45.0, "year": 2008, "partner": 5009}, {"g": "f", "item": "Paper+-Board Ex Newsprnt", "p": 923.0, "s": 945.0, "year": 2008, "partner": 5009}, {"g": "f", "item": "Plywood", "p": 816.0, "s": 815.0, "year": 2008, "partner": 5009}, {"g": "f", "item": "Fibreboard", "p": 612.0, "s": 275.0, "year": 2009, "partner": 5009}, {"g": "f", "item": "Ind Rwd Wir (NC) Other", "p": 61.0, "s": 62.0, "year": 2009, "partner": 5009}, {"g": "f", "item": "Veneer Sheets", "p": 51.0, "s": 140.0, "year": 2009, "partner": 5009}, {"g": "f", "item": "Particle Board", "p": 141.0, "s": 103.0, "year": 2009, "partner": 5009}, {"g": "f", "item": "Sawnwood (C)", "p": 4279.0, "s": 2600.0, "year": 2009, "partner": 5009}, {"g": "f", "item": "Newsprint", "p": 129.0, "s": 153.0, "year": 2009, "partner": 5009}, {"g": "f", "item": "Ind Rwd Wir (C)", "p": 144.0, "s": 13.0, "year": 2009, "partner": 5009}, {"g": "f", "item": "Sawnwood (NC)", "p": 71.0, "s": 88.0, "year": 2009, "partner": 5009}, {"g": "f", "item": "Paper+-Board Ex Newsprnt", "p": 3709.0, "s": 2275.0, "year": 2009, "partner": 5009}, {"g": "f", "item": "Plywood", "p": 144.0, "s": 201.0, "year": 2009, "partner": 5009}, {"g": "f", "item": "Ind Rwd Wir (NC) Tropica", "p": 52.0, "s": 38.0, "year": 2010, "partner": 5009}, {"g": "f", "item": "Fibreboard", "p": 1367.0, "s": 792.0, "year": 2010, "partner": 5009}, {"g": "f", "item": "Ind Rwd Wir (NC) Other", "p": 19.0, "s": 29.0, "year": 2010, "partner": 5009}, {"g": "f", "item": "Veneer Sheets", "p": 136.0, "s": 365.0, "year": 2010, "partner": 5009}, {"g": "f", "item": "Particle Board", "p": 77.0, "s": 50.0, "year": 2010, "partner": 5009}, {"g": "f", "item": "Sawnwood (C)", "p": 8505.0, "s": 4162.0, "year": 2010, "partner": 5009}, {"g": "f", "item": "Newsprint", "p": 116.0, "s": 107.0, "year": 2010, "partner": 5009}, {"g": "f", "item": "Ind Rwd Wir (C)", "p": 725.0, "s": 56.0, "year": 2010, "partner": 5009}, {"g": "f", "item": "Sawnwood (NC)", "p": 509.0, "s": 595.0, "year": 2010, "partner": 5009}, {"g": "f", "item": "Paper+-Board Ex Newsprnt", "p": 1501.0, "s": 1474.0, "year": 2010, "partner": 5009}, {"g": "f", "item": "Plywood", "p": 771.0, "s": 805.0, "year": 2010, "partner": 5009}, {"g": "f", "item": "Chips and Particles", "p": 18.0, "s": 6.0, "year": 2011, "partner": 5009}, {"g": "f", "item": "Ind Rwd Wir (NC) Tropica", "p": 10.0, "s": 7.0, "year": 2011, "partner": 5009}, {"g": "f", "item": "Fibreboard", "p": 721.0, "s": 401.0, "year": 2011, "partner": 5009}, {"g": "f", "item": "Particle Board", "p": 71.0, "s": 44.0, "year": 2011, "partner": 5009}, {"g": "f", "item": "Veneer Sheets", "p": 54.0, "s": 153.0, "year": 2011, "partner": 5009}, {"g": "f", "item": "Ind Rwd Wir (NC) Other", "p": 607.0, "s": 500.0, "year": 2011, "partner": 5009}, {"g": "f", "item": "Sawnwood (C)", "p": 8025.0, "s": 4234.0, "year": 2011, "partner": 5009}, {"g": "f", "item": "Newsprint", "p": 138.0, "s": 161.0, "year": 2011, "partner": 5009}, {"g": "f", "item": "Ind Rwd Wir (C)", "p": 725.0, "s": 56.0, "year": 2011, "partner": 5009}, {"g": "f", "item": "Sawnwood (NC)", "p": 905.0, "s": 978.0, "year": 2011, "partner": 5009}, {"g": "f", "item": "Paper+-Board Ex Newsprnt", "p": 2753.0, "s": 2713.0, "year": 2011, "partner": 5009}, {"g": "f", "item": "Plywood", "p": 1076.0, "s": 1099.0, "year": 2011, "partner": 5009}, {"g": "f", "item": "Fibreboard", "p": 382.0, "s": 437.0, "year": 2012, "partner": 5009}, {"g": "f", "item": "Ind Rwd Wir (NC) Other", "p": 121.0, "s": 252.0, "year": 2012, "partner": 5009}, {"g": "f", "item": "Veneer Sheets", "p": 99.0, "s": 129.0, "year": 2012, "partner": 5009}, {"g": "f", "item": "Particle Board", "p": 13.0, "s": 314.0, "year": 2012, "partner": 5009}, {"g": "f", "item": "Sawnwood (C)", "p": 16107.0, "s": 7653.0, "year": 2012, "partner": 5009}, {"g": "f", "item": "Newsprint", "p": 169.0, "s": 181.0, "year": 2012, "partner": 5009}, {"g": "f", "item": "Ind Rwd Wir (C)", "p": 220.0, "s": 19.0, "year": 2012, "partner": 5009}, {"g": "f", "item": "Sawnwood (NC)", "p": 180.0, "s": 257.0, "year": 2012, "partner": 5009}, {"g": "f", "item": "Paper+-Board Ex Newsprnt", "p": 1916.0, "s": 1562.0, "year": 2012, "partner": 5009}, {"g": "f", "item": "Plywood", "p": 999.0, "s": 1643.0, "year": 2012, "partner": 5009}, {"g": "f", "item": "Chips and Particles", "p": 43354.0, "s": 2325.0, "year": 2013, "partner": 5009}, {"g": "f", "item": "Ind Rwd Wir (NC) Tropica", "p": 50.0, "s": 36.0, "year": 2013, "partner": 5009}, {"g": "f", "item": "Fibreboard", "p": 1947.0, "s": 1081.0, "year": 2013, "partner": 5009}, {"g": "f", "item": "Particle Board", "p": 81.0, "s": 56.0, "year": 2013, "partner": 5009}, {"g": "f", "item": "Veneer Sheets", "p": 24.0, "s": 65.0, "year": 2013, "partner": 5009}, {"g": "f", "item": "Ind Rwd Wir (NC) Other", "p": 807.0, "s": 211.0, "year": 2013, "partner": 5009}, {"g": "f", "item": "Sawnwood (C)", "p": 9751.0, "s": 5350.0, "year": 2013, "partner": 5009}, {"g": "f", "item": "Newsprint", "p": 200.0, "s": 225.0, "year": 2013, "partner": 5009}, {"g": "f", "item": "Ind Rwd Wir (C)", "p": 9071.0, "s": 553.0, "year": 2013, "partner": 5009}, {"g": "f", "item": "Sawnwood (NC)", "p": 1058.0, "s": 1138.0, "year": 2013, "partner": 5009}, {"g": "f", "item": "Paper+-Board Ex Newsprnt", "p": 1337.0, "s": 1126.0, "year": 2013, "partner": 5009}, {"g": "f", "item": "Plywood", "p": 933.0, "s": 1027.0, "year": 2013, "partner": 5009}, {"g": "f", "item": "Chips and Particles", "p": 198.0, "s": 44.0, "year": 2014, "partner": 5009}, {"g": "f", "item": "Ind Rwd Wir (NC) Tropica", "p": 336.0, "s": 220.0, "year": 2014, "partner": 5009}, {"g": "f", "item": "Fibreboard", "p": 971.0, "s": 611.0, "year": 2014, "partner": 5009}, {"g": "f", "item": "Particle Board", "p": 169.0, "s": 117.0, "year": 2014, "partner": 5009}, {"g": "f", "item": "Veneer Sheets", "p": 172.0, "s": 303.0, "year": 2014, "partner": 5009}, {"g": "f", "item": "Ind Rwd Wir (NC) Other", "p": 188.0, "s": 228.0, "year": 2014, "partner": 5009}, {"g": "f", "item": "Sawnwood (C)", "p": 9475.0, "s": 5798.0, "year": 2014, "partner": 5009}, {"g": "f", "item": "Newsprint", "p": 214.0, "s": 216.0, "year": 2014, "partner": 5009}, {"g": "f", "item": "Ind Rwd Wir (C)", "p": 868.0, "s": 553.0, "year": 2014, "partner": 5009}, {"g": "f", "item": "Sawnwood (NC)", "p": 578.0, "s": 645.0, "year": 2014, "partner": 5009}, {"g": "f", "item": "Paper+-Board Ex Newsprnt", "p": 1087.0, "s": 1295.0, "year": 2014, "partner": 5009}, {"g": "f", "item": "Plywood", "p": 1124.0, "s": 1331.0, "year": 2014, "partner": 5009}, {"g": "f", "item": "Plywood", "p": 32.0, "s": 21.0, "year": 2007, "partner": 21}, {"g": "f", "item": "Sawnwood (C)", "p": 8.0, "s": 4.0, "year": 2013, "partner": 23}, {"g": "f", "item": "Fibreboard", "p": 604.0, "s": 192.0, "year": 1998, "partner": 156}, {"g": "f", "item": "Particle Board", "p": 31.0, "s": 8.0, "year": 1998, "partner": 156}, {"g": "f", "item": "Veneer Sheets", "p": 23.0, "s": 18.0, "year": 1998, "partner": 156}, {"g": "f", "item": "Newsprint", "p": 81.0, "s": 42.0, "year": 1998, "partner": 156}, {"g": "f", "item": "Sawnwood (C)", "p": 1574.0, "s": 387.0, "year": 1998, "partner": 156}, {"g": "f", "item": "Sawnwood (NC)", "p": 3.0, "s": 2.0, "year": 1998, "partner": 156}, {"g": "f", "item": "Plywood", "p": 422.0, "s": 222.0, "year": 1998, "partner": 156}, {"g": "f", "item": "Paper+-Board Ex Newsprnt", "p": 176.0, "s": 268.0, "year": 1998, "partner": 156}, {"g": "f", "item": "Fibreboard", "p": 1757.0, "s": 413.0, "year": 1999, "partner": 156}, {"g": "f", "item": "Veneer Sheets", "p": 28.0, "s": 19.0, "year": 1999, "partner": 156}, {"g": "f", "item": "Particle Board", "p": 159.0, "s": 2.0, "year": 1999, "partner": 156}, {"g": "f", "item": "Sawnwood (C)", "p": 2091.0, "s": 583.0, "year": 1999, "partner": 156}, {"g": "f", "item": "Newsprint", "p": 37.0, "s": 25.0, "year": 1999, "partner": 156}, {"g": "f", "item": "Ind Rwd Wir (C)", "p": 3.0, "s": 1.0, "year": 1999, "partner": 156}, {"g": "f", "item": "Paper+-Board Ex Newsprnt", "p": 232.0, "s": 384.0, "year": 1999, "partner": 156}, {"g": "f", "item": "Plywood", "p": 637.0, "s": 288.0, "year": 1999, "partner": 156}, {"g": "f", "item": "Fibreboard", "p": 670.0, "s": 218.0, "year": 2000, "partner": 156}, {"g": "f", "item": "Veneer Sheets", "p": 96.0, "s": 49.0, "year": 2000, "partner": 156}, {"g": "f", "item": "Particle Board", "p": 7.0, "s": 1.0, "year": 2000, "partner": 156}, {"g": "f", "item": "Sawnwood (C)", "p": 5121.0, "s": 722.0, "year": 2000, "partner": 156}, {"g": "f", "item": "Newsprint", "p": 45.0, "s": 24.0, "year": 2000, "partner": 156}, {"g": "f", "item": "Plywood", "p": 1042.0, "s": 272.0, "year": 2000, "partner": 156}, {"g": "f", "item": "Paper+-Board Ex Newsprnt", "p": 162.0, "s": 234.0, "year": 2000, "partner": 156}, {"g": "f", "item": "Fibreboard", "p": 562.0, "s": 295.0, "year": 2001, "partner": 156}, {"g": "f", "item": "Veneer Sheets", "p": 168.0, "s": 91.0, "year": 2001, "partner": 156}, {"g": "f", "item": "Particle Board", "p": 1.0, "s": 6.0, "year": 2001, "partner": 156}, {"g": "f", "item": "Sawnwood (C)", "p": 3280.0, "s": 1407.0, "year": 2001, "partner": 156}, {"g": "f", "item": "Newsprint", "p": 40.0, "s": 23.0, "year": 2001, "partner": 156}, {"g": "f", "item": "Plywood", "p": 657.0, "s": 558.0, "year": 2001, "partner": 156}, {"g": "f", "item": "Paper+-Board Ex Newsprnt", "p": 159.0, "s": 645.0, "year": 2001, "partner": 156}, {"g": "f", "item": "Veneer Sheets", "p": 22.0, "s": 17.0, "year": 2002, "partner": 156}, {"g": "f", "item": "Newsprint", "p": 18.0, "s": 15.0, "year": 2002, "partner": 156}, {"g": "f", "item": "Sawnwood (C)", "p": 7052.0, "s": 1329.0, "year": 2002, "partner": 156}, {"g": "f", "item": "Sawnwood (NC)", "p": 2.0, "s": 1.0, "year": 2002, "partner": 156}, {"g": "f", "item": "Plywood", "p": 914.0, "s": 320.0, "year": 2002, "partner": 156}, {"g": "f", "item": "Paper+-Board Ex Newsprnt", "p": 56.0, "s": 97.0, "year": 2002, "partner": 156}, {"g": "f", "item": "Ind Rwd Wir (NC) Tropica", "p": 2.0, "s": 38.0, "year": 2003, "partner": 156}, {"g": "f", "item": "Fibreboard", "p": 90.0, "s": 621.0, "year": 2003, "partner": 156}, {"g": "f", "item": "Veneer Sheets", "p": 1.0, "s": 26.0, "year": 2003, "partner": 156}, {"g": "f", "item": "Particle Board", "p": 2.0, "s": 9.0, "year": 2003, "partner": 156}, {"g": "f", "item": "Sawnwood (C)", "p": 99.0, "s": 1193.0, "year": 2003, "partner": 156}, {"g": "f", "item": "Newsprint", "p": 125.0, "s": 128.0, "year": 2003, "partner": 156}, {"g": "f", "item": "Ind Rwd Wir (C)", "p": 5013.0, "s": 306.0, "year": 2003, "partner": 156}, {"g": "f", "item": "Sawnwood (NC)", "p": 15.0, "s": 148.0, "year": 2003, "partner": 156}, {"g": "f", "item": "Paper+-Board Ex Newsprnt", "p": 666.0, "s": 1106.0, "year": 2003, "partner": 156}, {"g": "f", "item": "Plywood", "p": 27.0, "s": 521.0, "year": 2003, "partner": 156}, {"g": "f", "item": "Ind Rwd Wir (NC) Tropica", "p": 1.0, "s": 1.0, "year": 2004, "partner": 156}, {"g": "f", "item": "Ind Rwd Wir (NC) Other", "p": 71585.0, "s": 73.0, "year": 2004, "partner": 156}, {"g": "f", "item": "Sawnwood (C)", "p": 15036.0, "s": 3759.0, "year": 2004, "partner": 156}, {"g": "f", "item": "Newsprint", "p": 11.0, "s": 21.0, "year": 2004, "partner": 156}, {"g": "f", "item": "Ind Rwd Wir (C)", "p": 7000.0, "s": 216.0, "year": 2004, "partner": 156}, {"g": "f", "item": "Sawnwood (NC)", "p": 10317.0, "s": 219.0, "year": 2004, "partner": 156}, {"g": "f", "item": "Paper+-Board Ex Newsprnt", "p": 63597.0, "s": 1064.0, "year": 2004, "partner": 156}, {"g": "f", "item": "Fibreboard", "p": 866.0, "s": 348.0, "year": 2005, "partner": 156}, {"g": "f", "item": "Particle Board", "p": 16.0, "s": 7.0, "year": 2005, "partner": 156}, {"g": "f", "item": "Veneer Sheets", "p": 81.0, "s": 64.0, "year": 2005, "partner": 156}, {"g": "f", "item": "Newsprint", "p": 42.0, "s": 20.0, "year": 2005, "partner": 156}, {"g": "f", "item": "Sawnwood (C)", "p": 29972.0, "s": 5005.0, "year": 2005, "partner": 156}, {"g": "f", "item": "Sawnwood (NC)", "p": 194.0, "s": 127.0, "year": 2005, "partner": 156}, {"g": "f", "item": "Ind Rwd Wir (C)", "p": 6409.0, "s": 340.0, "year": 2005, "partner": 156}, {"g": "f", "item": "Paper+-Board Ex Newsprnt", "p": 380.0, "s": 489.0, "year": 2005, "partner": 156}, {"g": "f", "item": "Plywood", "p": 484.0, "s": 353.0, "year": 2005, "partner": 156}, {"g": "f", "item": "Fibreboard", "p": 1288.0, "s": 378.0, "year": 2006, "partner": 156}, {"g": "f", "item": "Particle Board", "p": 39.0, "s": 11.0, "year": 2006, "partner": 156}, {"g": "f", "item": "Veneer Sheets", "p": 218.0, "s": 172.0, "year": 2006, "partner": 156}, {"g": "f", "item": "Newsprint", "p": 15.0, "s": 23.0, "year": 2006, "partner": 156}, {"g": "f", "item": "Sawnwood (C)", "p": 24547.0, "s": 4099.0, "year": 2006, "partner": 156}, {"g": "f", "item": "Sawnwood (NC)", "p": 187.0, "s": 88.0, "year": 2006, "partner": 156}, {"g": "f", "item": "Ind Rwd Wir (C)", "p": 440.0, "s": 23.0, "year": 2006, "partner": 156}, {"g": "f", "item": "Paper+-Board Ex Newsprnt", "p": 375.0, "s": 515.0, "year": 2006, "partner": 156}, {"g": "f", "item": "Plywood", "p": 1448.0, "s": 475.0, "year": 2006, "partner": 156}, {"g": "f", "item": "Fibreboard", "p": 544.0, "s": 267.0, "year": 2007, "partner": 156}, {"g": "f", "item": "Ind Rwd Wir (NC) Other", "p": 4.0, "s": 2.0, "year": 2007, "partner": 156}, {"g": "f", "item": "Veneer Sheets", "p": 137.0, "s": 154.0, "year": 2007, "partner": 156}, {"g": "f", "item": "Particle Board", "p": 30.0, "s": 32.0, "year": 2007, "partner": 156}, {"g": "f", "item": "Sawnwood (C)", "p": 24131.0, "s": 7360.0, "year": 2007, "partner": 156}, {"g": "f", "item": "Newsprint", "p": 20.0, "s": 12.0, "year": 2007, "partner": 156}, {"g": "f", "item": "Ind Rwd Wir (C)", "p": 85.0, "s": 5.0, "year": 2007, "partner": 156}, {"g": "f", "item": "Sawnwood (NC)", "p": 37.0, "s": 46.0, "year": 2007, "partner": 156}, {"g": "f", "item": "Paper+-Board Ex Newsprnt", "p": 300.0, "s": 506.0, "year": 2007, "partner": 156}, {"g": "f", "item": "Plywood", "p": 143.0, "s": 208.0, "year": 2007, "partner": 156}, {"g": "f", "item": "Fibreboard", "p": 10.0, "s": 3.0, "year": 2008, "partner": 156}, {"g": "f", "item": "Ind Rwd Wir (NC) Other", "p": 40.0, "s": 13.0, "year": 2008, "partner": 156}, {"g": "f", "item": "Veneer Sheets", "p": 114.0, "s": 80.0, "year": 2008, "partner": 156}, {"g": "f", "item": "Particle Board", "p": 3.0, "s": 3.0, "year": 2008, "partner": 156}, {"g": "f", "item": "Sawnwood (C)", "p": 12091.0, "s": 5209.0, "year": 2008, "partner": 156}, {"g": "f", "item": "Sawnwood (NC)", "p": 81.0, "s": 121.0, "year": 2008, "partner": 156}, {"g": "f", "item": "Ind Rwd Wir (C)", "p": 742.0, "s": 45.0, "year": 2008, "partner": 156}, {"g": "f", "item": "Paper+-Board Ex Newsprnt", "p": 425.0, "s": 496.0, "year": 2008, "partner": 156}, {"g": "f", "item": "Plywood", "p": 91.0, "s": 89.0, "year": 2008, "partner": 156}, {"g": "f", "item": "Fibreboard", "p": 56.0, "s": 40.0, "year": 2009, "partner": 156}, {"g": "f", "item": "Ind Rwd Wir (NC) Other", "p": 61.0, "s": 60.0, "year": 2009, "partner": 156}, {"g": "f", "item": "Veneer Sheets", "p": 13.0, "s": 47.0, "year": 2009, "partner": 156}, {"g": "f", "item": "Particle Board", "p": 77.0, "s": 52.0, "year": 2009, "partner": 156}, {"g": "f", "item": "Sawnwood (C)", "p": 4250.0, "s": 2585.0, "year": 2009, "partner": 156}, {"g": "f", "item": "Newsprint", "p": 128.0, "s": 144.0, "year": 2009, "partner": 156}, {"g": "f", "item": "Ind Rwd Wir (C)", "p": 3488.0, "s": 213.0, "year": 2009, "partner": 156}, {"g": "f", "item": "Sawnwood (NC)", "p": 41.0, "s": 53.0, "year": 2009, "partner": 156}, {"g": "f", "item": "Paper+-Board Ex Newsprnt", "p": 371.0, "s": 494.0, "year": 2009, "partner": 156}, {"g": "f", "item": "Plywood", "p": 36.0, "s": 46.0, "year": 2009, "partner": 156}, {"g": "f", "item": "Ind Rwd Wir (NC) Tropica", "p": 52.0, "s": 38.0, "year": 2010, "partner": 156}, {"g": "f", "item": "Fibreboard", "p": 225.0, "s": 128.0, "year": 2010, "partner": 156}, {"g": "f", "item": "Ind Rwd Wir (NC) Other", "p": 19.0, "s": 20.0, "year": 2010, "partner": 156}, {"g": "f", "item": "Veneer Sheets", "p": 125.0, "s": 329.0, "year": 2010, "partner": 156}, {"g": "f", "item": "Particle Board", "p": 50.0, "s": 32.0, "year": 2010, "partner": 156}, {"g": "f", "item": "Sawnwood (C)", "p": 8163.0, "s": 4008.0, "year": 2010, "partner": 156}, {"g": "f", "item": "Newsprint", "p": 116.0, "s": 107.0, "year": 2010, "partner": 156}, {"g": "f", "item": "Ind Rwd Wir (C)", "p": 5859.0, "s": 357.0, "year": 2010, "partner": 156}, {"g": "f", "item": "Sawnwood (NC)", "p": 496.0, "s": 580.0, "year": 2010, "partner": 156}, {"g": "f", "item": "Paper+-Board Ex Newsprnt", "p": 573.0, "s": 823.0, "year": 2010, "partner": 156}, {"g": "f", "item": "Plywood", "p": 355.0, "s": 373.0, "year": 2010, "partner": 156}, {"g": "f", "item": "Chips and Particles", "p": 18.0, "s": 6.0, "year": 2011, "partner": 156}, {"g": "f", "item": "Ind Rwd Wir (NC) Tropica", "p": 10.0, "s": 7.0, "year": 2011, "partner": 156}, {"g": "f", "item": "Fibreboard", "p": 62.0, "s": 42.0, "year": 2011, "partner": 156}, {"g": "f", "item": "Particle Board", "p": 58.0, "s": 36.0, "year": 2011, "partner": 156}, {"g": "f", "item": "Veneer Sheets", "p": 36.0, "s": 106.0, "year": 2011, "partner": 156}, {"g": "f", "item": "Ind Rwd Wir (NC) Other", "p": 607.0, "s": 500.0, "year": 2011, "partner": 156}, {"g": "f", "item": "Sawnwood (C)", "p": 7949.0, "s": 4194.0, "year": 2011, "partner": 156}, {"g": "f", "item": "Newsprint", "p": 137.0, "s": 161.0, "year": 2011, "partner": 156}, {"g": "f", "item": "Ind Rwd Wir (C)", "p": 3246.0, "s": 198.0, "year": 2011, "partner": 156}, {"g": "f", "item": "Sawnwood (NC)", "p": 898.0, "s": 968.0, "year": 2011, "partner": 156}, {"g": "f", "item": "Paper+-Board Ex Newsprnt", "p": 331.0, "s": 782.0, "year": 2011, "partner": 156}, {"g": "f", "item": "Plywood", "p": 346.0, "s": 357.0, "year": 2011, "partner": 156}, {"g": "f", "item": "Fibreboard", "p": 18.0, "s": 3.0, "year": 2012, "partner": 156}, {"g": "f", "item": "Ind Rwd Wir (NC) Other", "p": 121.0, "s": 182.0, "year": 2012, "partner": 156}, {"g": "f", "item": "Veneer Sheets", "p": 94.0, "s": 57.0, "year": 2012, "partner": 156}, {"g": "f", "item": "Particle Board", "p": 13.0, "s": 18.0, "year": 2012, "partner": 156}, {"g": "f", "item": "Sawnwood (C)", "p": 16107.0, "s": 7634.0, "year": 2012, "partner": 156}, {"g": "f", "item": "Newsprint", "p": 161.0, "s": 179.0, "year": 2012, "partner": 156}, {"g": "f", "item": "Ind Rwd Wir (C)", "p": 2725.0, "s": 166.0, "year": 2012, "partner": 156}, {"g": "f", "item": "Sawnwood (NC)", "p": 10.0, "s": 29.0, "year": 2012, "partner": 156}, {"g": "f", "item": "Paper+-Board Ex Newsprnt", "p": 196.0, "s": 427.0, "year": 2012, "partner": 156}, {"g": "f", "item": "Plywood", "p": 92.0, "s": 151.0, "year": 2012, "partner": 156}, {"g": "f", "item": "Chips and Particles", "p": 354.0, "s": 25.0, "year": 2013, "partner": 156}, {"g": "f", "item": "Ind Rwd Wir (NC) Tropica", "p": 50.0, "s": 36.0, "year": 2013, "partner": 156}, {"g": "f", "item": "Fibreboard", "p": 105.0, "s": 70.0, "year": 2013, "partner": 156}, {"g": "f", "item": "Particle Board", "p": 40.0, "s": 27.0, "year": 2013, "partner": 156}, {"g": "f", "item": "Veneer Sheets", "p": 20.0, "s": 55.0, "year": 2013, "partner": 156}, {"g": "f", "item": "Ind Rwd Wir (NC) Other", "p": 92.0, "s": 91.0, "year": 2013, "partner": 156}, {"g": "f", "item": "Sawnwood (C)", "p": 9452.0, "s": 5186.0, "year": 2013, "partner": 156}, {"g": "f", "item": "Newsprint", "p": 200.0, "s": 225.0, "year": 2013, "partner": 156}, {"g": "f", "item": "Ind Rwd Wir (C)", "p": 8397.0, "s": 512.0, "year": 2013, "partner": 156}, {"g": "f", "item": "Sawnwood (NC)", "p": 591.0, "s": 672.0, "year": 2013, "partner": 156}, {"g": "f", "item": "Paper+-Board Ex Newsprnt", "p": 208.0, "s": 374.0, "year": 2013, "partner": 156}, {"g": "f", "item": "Plywood", "p": 188.0, "s": 212.0, "year": 2013, "partner": 156}, {"g": "f", "item": "Chips and Particles", "p": 198.0, "s": 44.0, "year": 2014, "partner": 156}, {"g": "f", "item": "Ind Rwd Wir (NC) Tropica", "p": 335.0, "s": 219.0, "year": 2014, "partner": 156}, {"g": "f", "item": "Fibreboard", "p": 42.0, "s": 31.0, "year": 2014, "partner": 156}, {"g": "f", "item": "Particle Board", "p": 47.0, "s": 30.0, "year": 2014, "partner": 156}, {"g": "f", "item": "Veneer Sheets", "p": 130.0, "s": 172.0, "year": 2014, "partner": 156}, {"g": "f", "item": "Ind Rwd Wir (NC) Other", "p": 188.0, "s": 227.0, "year": 2014, "partner": 156}, {"g": "f", "item": "Sawnwood (C)", "p": 9403.0, "s": 5754.0, "year": 2014, "partner": 156}, {"g": "f", "item": "Newsprint", "p": 211.0, "s": 205.0, "year": 2014, "partner": 156}, {"g": "f", "item": "Ind Rwd Wir (C)", "p": 4795.0, "s": 292.0, "year": 2014, "partner": 156}, {"g": "f", "item": "Sawnwood (NC)", "p": 550.0, "s": 610.0, "year": 2014, "partner": 156}, {"g": "f", "item": "Paper+-Board Ex Newsprnt", "p": 217.0, "s": 482.0, "year": 2014, "partner": 156}, {"g": "f", "item": "Plywood", "p": 273.0, "s": 330.0, "year": 2014, "partner": 156}, {"g": "f", "item": "Sawnwood (C)", "p": 1789.0, "s": 284.0, "year": 1999, "partner": 33}, {"g": "f", "item": "Sawnwood (C)", "p": 2120.0, "s": 301.0, "year": 2000, "partner": 33}, {"g": "f", "item": "Sawnwood (C)", "p": 928.0, "s": 130.0, "year": 2001, "partner": 33}, {"g": "f", "item": "Sawnwood (C)", "p": 688.0, "s": 92.0, "year": 2002, "partner": 33}, {"g": "f", "item": "Plywood", "p": 4.0, "s": 1.0, "year": 2002, "partner": 33}, {"g": "f", "item": "Sawnwood (C)", "p": 519.0, "s": 127.0, "year": 2003, "partner": 33}, {"g": "f", "item": "Ind Rwd Wir (C)", "p": 1222.0, "s": 75.0, "year": 2003, "partner": 33}, {"g": "f", "item": "Sawnwood (C)", "p": 202.0, "s": 54.0, "year": 2004, "partner": 33}, {"g": "f", "item": "Ind Rwd Wir (C)", "p": 215.0, "s": 77.0, "year": 2004, "partner": 33}, {"g": "f", "item": "Sawnwood (C)", "p": 363.0, "s": 152.0, "year": 2007, "partner": 33}, {"g": "f", "item": "Sawnwood (C)", "p": 23.0, "s": 11.0, "year": 2009, "partner": 33}, {"g": "f", "item": "Sawnwood (C)", "p": 164.0, "s": 69.0, "year": 2010, "partner": 33}, {"g": "f", "item": "Paper+-Board Ex Newsprnt", "p": 3.0, "s": 8.0, "year": 2010, "partner": 33}, {"g": "f", "item": "Particle Board", "p": 117.0, "s": 24.0, "year": 1997, "partner": 185}, {"g": "f", "item": "Fibreboard", "p": 3.0, "s": 2.0, "year": 1997, "partner": 185}, {"g": "f", "item": "Paper+-Board Ex Newsprnt", "p": 16.0, "s": 34.0, "year": 2002, "partner": 66}, {"g": "f", "item": "Plywood", "p": 344.0, "s": 137.0, "year": 2002, "partner": 66}, {"g": "f", "item": "Wood Pulp", "p": 1.0, "s": 1.0, "year": 2003, "partner": 66}, {"g": "f", "item": "Fibreboard", "p": 1.0, "s": 1.0, "year": 2003, "partner": 66}, {"g": "f", "item": "Veneer Sheets", "p": 9.0, "s": 7.0, "year": 2003, "partner": 66}, {"g": "f", "item": "Sawnwood (C)", "p": 15.0, "s": 10.0, "year": 2003, "partner": 66}, {"g": "f", "item": "Newsprint", "p": 2.0, "s": 2.0, "year": 2003, "partner": 66}, {"g": "f", "item": "Plywood", "p": 163.0, "s": 76.0, "year": 2003, "partner": 66}, {"g": "f", "item": "Paper+-Board Ex Newsprnt", "p": 263.0, "s": 111.0, "year": 2003, "partner": 66}, {"g": "f", "item": "Sawnwood (C)", "p": 3.0, "s": 5.0, "year": 2004, "partner": 66}, {"g": "f", "item": "Paper+-Board Ex Newsprnt", "p": 3720.0, "s": 87.0, "year": 2004, "partner": 66}, {"g": "f", "item": "Fibreboard", "p": 1.0, "s": 1.0, "year": 2004, "partner": 66}, {"g": "f", "item": "Sawnwood (C)", "p": 19.0, "s": 11.0, "year": 2005, "partner": 66}, {"g": "f", "item": "Sawnwood (NC)", "p": 19.0, "s": 12.0, "year": 2005, "partner": 66}, {"g": "f", "item": "Ind Rwd Wir (C)", "p": 1.0, "s": 0.0, "year": 2005, "partner": 66}, {"g": "f", "item": "Paper+-Board Ex Newsprnt", "p": 85.0, "s": 116.0, "year": 2005, "partner": 66}, {"g": "f", "item": "Plywood", "p": 12.0, "s": 11.0, "year": 2005, "partner": 66}, {"g": "f", "item": "Paper+-Board Ex Newsprnt", "p": 91.0, "s": 120.0, "year": 2006, "partner": 66}, {"g": "f", "item": "Veneer Sheets", "p": 2.0, "s": 0.0, "year": 2006, "partner": 66}, {"g": "f", "item": "Plywood", "p": 17.0, "s": 9.0, "year": 2006, "partner": 66}, {"g": "f", "item": "Fibreboard", "p": 3.0, "s": 4.0, "year": 2007, "partner": 66}, {"g": "f", "item": "Particle Board", "p": 13.0, "s": 13.0, "year": 2007, "partner": 66}, {"g": "f", "item": "Sawnwood (C)", "p": 7.0, "s": 3.0, "year": 2007, "partner": 66}, {"g": "f", "item": "Plywood", "p": 2.0, "s": 3.0, "year": 2007, "partner": 66}, {"g": "f", "item": "Paper+-Board Ex Newsprnt", "p": 72.0, "s": 116.0, "year": 2007, "partner": 66}, {"g": "f", "item": "Sawnwood (C)", "p": 2.0, "s": 1.0, "year": 2009, "partner": 66}, {"g": "f", "item": "Paper+-Board Ex Newsprnt", "p": 29.0, "s": 59.0, "year": 2009, "partner": 66}, {"g": "f", "item": "Sawnwood (NC)", "p": 7.0, "s": 18.0, "year": 2009, "partner": 66}, {"g": "f", "item": "Fibreboard", "p": 4.0, "s": 1.0, "year": 2009, "partner": 66}, {"g": "f", "item": "Paper+-Board Ex Newsprnt", "p": 28.0, "s": 46.0, "year": 2010, "partner": 66}, {"g": "f", "item": "Sawnwood (NC)", "p": 4.0, "s": 5.0, "year": 2010, "partner": 66}, {"g": "f", "item": "Particle Board", "p": 7.0, "s": 4.0, "year": 2010, "partner": 66}, {"g": "f", "item": "Fibreboard", "p": 6.0, "s": 4.0, "year": 2011, "partner": 66}, {"g": "f", "item": "Sawnwood (C)", "p": 33.0, "s": 18.0, "year": 2011, "partner": 66}, {"g": "f", "item": "Sawnwood (NC)", "p": 6.0, "s": 9.0, "year": 2011, "partner": 66}, {"g": "f", "item": "Plywood", "p": 2.0, "s": 1.0, "year": 2011, "partner": 66}, {"g": "f", "item": "Paper+-Board Ex Newsprnt", "p": 13.0, "s": 29.0, "year": 2011, "partner": 66}, {"g": "f", "item": "Paper+-Board Ex Newsprnt", "p": 26.0, "s": 44.0, "year": 2012, "partner": 66}, {"g": "f", "item": "Veneer Sheets", "p": 5.0, "s": 17.0, "year": 2012, "partner": 66}, {"g": "f", "item": "Ind Rwd Wir (C)", "p": 1188.0, "s": 72.0, "year": 2012, "partner": 66}, {"g": "f", "item": "Fibreboard", "p": 1.0, "s": 1.0, "year": 2012, "partner": 66}, {"g": "f", "item": "Sawnwood (C)", "p": 28.0, "s": 15.0, "year": 2013, "partner": 66}, {"g": "f", "item": "Paper+-Board Ex Newsprnt", "p": 33.0, "s": 72.0, "year": 2013, "partner": 66}, {"g": "f", "item": "Sawnwood (NC)", "p": 203.0, "s": 205.0, "year": 2013, "partner": 66}, {"g": "f", "item": "Paper+-Board Ex Newsprnt", "p": 26.0, "s": 54.0, "year": 2014, "partner": 66}, {"g": "f", "item": "Paper+-Board Ex Newsprnt", "p": 48.0, "s": 47.0, "year": 2009, "partner": 68}, {"g": "f", "item": "Ind Rwd Wir (NC) Other", "p": 115.0, "s": 22.0, "year": 2013, "partner": 68}, {"g": "f", "item": "Plywood", "p": 69.0, "s": 20.0, "year": 1998, "partner": 200}, {"g": "f", "item": "Fibreboard", "p": 19.0, "s": 11.0, "year": 1998, "partner": 200}, {"g": "f", "item": "Paper+-Board Ex Newsprnt", "p": 1.0, "s": 0.0, "year": 1999, "partner": 200}, {"g": "f", "item": "Plywood", "p": 92.0, "s": 33.0, "year": 1999, "partner": 200}, {"g": "f", "item": "Fibreboard", "p": 92.0, "s": 34.0, "year": 1999, "partner": 200}, {"g": "f", "item": "Paper+-Board Ex Newsprnt", "p": 1.0, "s": 0.0, "year": 2000, "partner": 200}, {"g": "f", "item": "Plywood", "p": 29.0, "s": 12.0, "year": 2000, "partner": 200}, {"g": "f", "item": "Fibreboard", "p": 40.0, "s": 11.0, "year": 2000, "partner": 200}, {"g": "f", "item": "Plywood", "p": 106.0, "s": 40.0, "year": 2001, "partner": 200}, {"g": "f", "item": "Fibreboard", "p": 19.0, "s": 1.0, "year": 2001, "partner": 200}, {"g": "f", "item": "Plywood", "p": 18.0, "s": 6.0, "year": 2002, "partner": 200}, {"g": "f", "item": "Paper+-Board Ex Newsprnt", "p": 17.0, "s": 10.0, "year": 2003, "partner": 200}, {"g": "f", "item": "Fibreboard", "p": 2.0, "s": 5.0, "year": 2003, "partner": 200}, {"g": "f", "item": "Paper+-Board Ex Newsprnt", "p": 1.0, "s": 1.0, "year": 2004, "partner": 200}, {"g": "f", "item": "Sawnwood (NC)", "p": 5.0, "s": 3.0, "year": 2004, "partner": 200}, {"g": "f", "item": "Plywood", "p": 199.0, "s": 176.0, "year": 2005, "partner": 200}, {"g": "f", "item": "Plywood", "p": 233.0, "s": 162.0, "year": 2006, "partner": 200}, {"g": "f", "item": "Fibreboard", "p": 3.0, "s": 1.0, "year": 2006, "partner": 200}, {"g": "f", "item": "Paper+-Board Ex Newsprnt", "p": 3.0, "s": 3.0, "year": 2008, "partner": 200}, {"g": "f", "item": "Veneer Sheets", "p": 1.0, "s": 3.0, "year": 2008, "partner": 200}, {"g": "f", "item": "Plywood", "p": 291.0, "s": 361.0, "year": 2008, "partner": 200}, {"g": "f", "item": "Fibreboard", "p": 95.0, "s": 52.0, "year": 2008, "partner": 200}, {"g": "f", "item": "Paper+-Board Ex Newsprnt", "p": 5.0, "s": 9.0, "year": 2009, "partner": 200}, {"g": "f", "item": "Plywood", "p": 48.0, "s": 75.0, "year": 2009, "partner": 200}, {"g": "f", "item": "Fibreboard", "p": 77.0, "s": 55.0, "year": 2009, "partner": 200}, {"g": "f", "item": "Paper+-Board Ex Newsprnt", "p": 111.0, "s": 33.0, "year": 2010, "partner": 200}, {"g": "f", "item": "Veneer Sheets", "p": 7.0, "s": 24.0, "year": 2010, "partner": 200}, {"g": "f", "item": "Plywood", "p": 92.0, "s": 83.0, "year": 2010, "partner": 200}, {"g": "f", "item": "Fibreboard", "p": 591.0, "s": 327.0, "year": 2010, "partner": 200}, {"g": "f", "item": "Paper+-Board Ex Newsprnt", "p": 227.0, "s": 209.0, "year": 2011, "partner": 200}, {"g": "f", "item": "Plywood", "p": 183.0, "s": 188.0, "year": 2011, "partner": 200}, {"g": "f", "item": "Fibreboard", "p": 402.0, "s": 221.0, "year": 2011, "partner": 200}, {"g": "f", "item": "Paper+-Board Ex Newsprnt", "p": 78.0, "s": 45.0, "year": 2012, "partner": 200}, {"g": "f", "item": "Paper+-Board Ex Newsprnt", "p": 287.0, "s": 79.0, "year": 2013, "partner": 200}, {"g": "f", "item": "Sawnwood (NC)", "p": 9.0, "s": 12.0, "year": 2013, "partner": 200}, {"g": "f", "item": "Plywood", "p": 71.0, "s": 88.0, "year": 2013, "partner": 200}, {"g": "f", "item": "Fibreboard", "p": 122.0, "s": 69.0, "year": 2013, "partner": 200}, {"g": "f", "item": "Paper+-Board Ex Newsprnt", "p": 160.0, "s": 154.0, "year": 2014, "partner": 200}, {"g": "f", "item": "Veneer Sheets", "p": 9.0, "s": 22.0, "year": 2014, "partner": 200}, {"g": "f", "item": "Ind Rwd Wir (C)", "p": 55.0, "s": 3.0, "year": 2014, "partner": 200}, {"g": "f", "item": "Plywood", "p": 104.0, "s": 121.0, "year": 2014, "partner": 200}, {"g": "f", "item": "Paper+-Board Ex Newsprnt", "p": 1.0, "s": 3.0, "year": 2004, "partner": 203}, {"g": "f", "item": "Paper+-Board Ex Newsprnt", "p": 18.0, "s": 33.0, "year": 2005, "partner": 203}, {"g": "f", "item": "Paper+-Board Ex Newsprnt", "p": 12.0, "s": 12.0, "year": 2014, "partner": 203}, {"g": "f", "item": "Paper+-Board Ex Newsprnt", "p": 2.0, "s": 6.0, "year": 1997, "partner": 79}, {"g": "f", "item": "Paper+-Board Ex Newsprnt", "p": 1.0, "s": 3.0, "year": 1998, "partner": 79}, {"g": "f", "item": "Paper+-Board Ex Newsprnt", "p": 1.0, "s": 5.0, "year": 1999, "partner": 79}, {"g": "f", "item": "Paper+-Board Ex Newsprnt", "p": 1.0, "s": 7.0, "year": 2000, "partner": 79}, {"g": "f", "item": "Paper+-Board Ex Newsprnt", "p": 1.0, "s": 6.0, "year": 2002, "partner": 79}, {"g": "f", "item": "Paper+-Board Ex Newsprnt", "p": 4.0, "s": 4.0, "year": 2003, "partner": 79}, {"g": "f", "item": "Veneer Sheets", "p": 2.0, "s": 96.0, "year": 2008, "partner": 79}, {"g": "f", "item": "Paper+-Board Ex Newsprnt", "p": 1.0, "s": 1.0, "year": 2014, "partner": 79}, {"g": "f", "item": "Sawnwood (C)", "p": 78.0, "s": 34.0, "year": 2000, "partner": 210}, {"g": "f", "item": "Paper+-Board Ex Newsprnt", "p": 174.0, "s": 121.0, "year": 2008, "partner": 210}, {"g": "f", "item": "Paper+-Board Ex Newsprnt", "p": 2864.0, "s": 1185.0, "year": 2009, "partner": 210}, {"g": "f", "item": "Paper+-Board Ex Newsprnt", "p": 550.0, "s": 285.0, "year": 2010, "partner": 210}, {"g": "f", "item": "Paper+-Board Ex Newsprnt", "p": 1438.0, "s": 827.0, "year": 2011, "partner": 210}, {"g": "f", "item": "Paper+-Board Ex Newsprnt", "p": 1250.0, "s": 550.0, "year": 2012, "partner": 210}, {"g": "f", "item": "Paper+-Board Ex Newsprnt", "p": 594.0, "s": 253.0, "year": 2013, "partner": 210}, {"g": "f", "item": "Paper+-Board Ex Newsprnt", "p": 118.0, "s": 67.0, "year": 2014, "partner": 210}, {"g": "f", "item": "Ind Rwd Wir (NC) Other", "p": 22.0, "s": 1.0, "year": 2008, "partner": 211}, {"g": "f", "item": "Ind Rwd Wir (NC) Other", "p": 600.0, "s": 97.0, "year": 2013, "partner": 211}, {"g": "f", "item": "Fibreboard", "p": 53.0, "s": 9.0, "year": 1999, "partner": 216}, {"g": "f", "item": "Paper+-Board Ex Newsprnt", "p": 4.0, "s": 4.0, "year": 2006, "partner": 216}, {"g": "f", "item": "Fibreboard", "p": 138.0, "s": 36.0, "year": 2006, "partner": 216}, {"g": "f", "item": "Fibreboard", "p": 458.0, "s": 143.0, "year": 2007, "partner": 216}, {"g": "f", "item": "Fibreboard", "p": 332.0, "s": 119.0, "year": 2008, "partner": 216}, {"g": "f", "item": "Paper+-Board Ex Newsprnt", "p": 2.0, "s": 6.0, "year": 2009, "partner": 216}, {"g": "f", "item": "Particle Board", "p": 28.0, "s": 22.0, "year": 2009, "partner": 216}, {"g": "f", "item": "Fibreboard", "p": 351.0, "s": 126.0, "year": 2009, "partner": 216}, {"g": "f", "item": "Fibreboard", "p": 167.0, "s": 107.0, "year": 2010, "partner": 216}, {"g": "f", "item": "Fibreboard", "p": 122.0, "s": 59.0, "year": 2011, "partner": 216}, {"g": "f", "item": "Fibreboard", "p": 199.0, "s": 97.0, "year": 2012, "partner": 216}, {"g": "f", "item": "Fibreboard", "p": 1243.0, "s": 661.0, "year": 2013, "partner": 216}, {"g": "f", "item": "Particle Board", "p": 30.0, "s": 21.0, "year": 2014, "partner": 216}, {"g": "f", "item": "Plywood", "p": 12.0, "s": 16.0, "year": 2014, "partner": 216}, {"g": "f", "item": "Fibreboard", "p": 788.0, "s": 475.0, "year": 2014, "partner": 216}, {"g": "f", "item": "Fibreboard", "p": 72.0, "s": 5.0, "year": 1997, "partner": 351}, {"g": "f", "item": "Paper+-Board Ex Newsprnt", "p": 15.0, "s": 19.0, "year": 1998, "partner": 351}, {"g": "f", "item": "Plywood", "p": 4.0, "s": 1.0, "year": 1998, "partner": 351}, {"g": "f", "item": "Paper+-Board Ex Newsprnt", "p": 17.0, "s": 15.0, "year": 2001, "partner": 351}, {"g": "f", "item": "Plywood", "p": 42.0, "s": 7.0, "year": 2001, "partner": 351}, {"g": "f", "item": "Paper+-Board Ex Newsprnt", "p": 86.0, "s": 103.0, "year": 2002, "partner": 351}, {"g": "f", "item": "Plywood", "p": 42.0, "s": 14.0, "year": 2002, "partner": 351}, {"g": "f", "item": "Paper+-Board Ex Newsprnt", "p": 107.0, "s": 96.0, "year": 2003, "partner": 351}, {"g": "f", "item": "Plywood", "p": 3.0, "s": 42.0, "year": 2003, "partner": 351}, {"g": "f", "item": "Sawnwood (C)", "p": 258.0, "s": 1.0, "year": 2004, "partner": 351}, {"g": "f", "item": "Paper+-Board Ex Newsprnt", "p": 605.0, "s": 38.0, "year": 2004, "partner": 351}, {"g": "f", "item": "Paper+-Board Ex Newsprnt", "p": 21.0, "s": 15.0, "year": 2005, "partner": 351}, {"g": "f", "item": "Plywood", "p": 978.0, "s": 321.0, "year": 2005, "partner": 351}, {"g": "f", "item": "Fibreboard", "p": 16.0, "s": 13.0, "year": 2005, "partner": 351}, {"g": "f", "item": "Plywood", "p": 1302.0, "s": 427.0, "year": 2006, "partner": 351}, {"g": "f", "item": "Fibreboard", "p": 4.0, "s": 3.0, "year": 2006, "partner": 351}, {"g": "f", "item": "Paper+-Board Ex Newsprnt", "p": 66.0, "s": 43.0, "year": 2007, "partner": 351}, {"g": "f", "item": "Fibreboard", "p": 6.0, "s": 5.0, "year": 2007, "partner": 351}, {"g": "f", "item": "Paper+-Board Ex Newsprnt", "p": 10.0, "s": 9.0, "year": 2008, "partner": 351}, {"g": "f", "item": "Plywood", "p": 434.0, "s": 365.0, "year": 2008, "partner": 351}, {"g": "f", "item": "Fibreboard", "p": 116.0, "s": 48.0, "year": 2008, "partner": 351}, {"g": "f", "item": "Fibreboard", "p": 97.0, "s": 33.0, "year": 2009, "partner": 351}, {"g": "f", "item": "Veneer Sheets", "p": 35.0, "s": 83.0, "year": 2009, "partner": 351}, {"g": "f", "item": "Particle Board", "p": 23.0, "s": 17.0, "year": 2009, "partner": 351}, {"g": "f", "item": "Plywood", "p": 60.0, "s": 80.0, "year": 2009, "partner": 351}, {"g": "f", "item": "Paper+-Board Ex Newsprnt", "p": 7.0, "s": 6.0, "year": 2009, "partner": 351}, {"g": "f", "item": "Fibreboard", "p": 232.0, "s": 137.0, "year": 2010, "partner": 351}, {"g": "f", "item": "Particle Board", "p": 10.0, "s": 6.0, "year": 2010, "partner": 351}, {"g": "f", "item": "Sawnwood (C)", "p": 5.0, "s": 5.0, "year": 2010, "partner": 351}, {"g": "f", "item": "Plywood", "p": 290.0, "s": 302.0, "year": 2010, "partner": 351}, {"g": "f", "item": "Paper+-Board Ex Newsprnt", "p": 21.0, "s": 22.0, "year": 2010, "partner": 351}, {"g": "f", "item": "Fibreboard", "p": 47.0, "s": 25.0, "year": 2011, "partner": 351}, {"g": "f", "item": "Veneer Sheets", "p": 18.0, "s": 46.0, "year": 2011, "partner": 351}, {"g": "f", "item": "Particle Board", "p": 12.0, "s": 8.0, "year": 2011, "partner": 351}, {"g": "f", "item": "Sawnwood (C)", "p": 3.0, "s": 2.0, "year": 2011, "partner": 351}, {"g": "f", "item": "Plywood", "p": 501.0, "s": 509.0, "year": 2011, "partner": 351}, {"g": "f", "item": "Paper+-Board Ex Newsprnt", "p": 26.0, "s": 29.0, "year": 2011, "partner": 351}, {"g": "f", "item": "Paper+-Board Ex Newsprnt", "p": 25.0, "s": 19.0, "year": 2012, "partner": 351}, {"g": "f", "item": "Plywood", "p": 907.0, "s": 682.0, "year": 2012, "partner": 351}, {"g": "f", "item": "Fibreboard", "p": 142.0, "s": 60.0, "year": 2012, "partner": 351}, {"g": "f", "item": "Fibreboard", "p": 289.0, "s": 172.0, "year": 2013, "partner": 351}, {"g": "f", "item": "Veneer Sheets", "p": 1.0, "s": 3.0, "year": 2013, "partner": 351}, {"g": "f", "item": "Particle Board", "p": 20.0, "s": 15.0, "year": 2013, "partner": 351}, {"g": "f", "item": "Sawnwood (NC)", "p": 84.0, "s": 117.0, "year": 2013, "partner": 351}, {"g": "f", "item": "Plywood", "p": 538.0, "s": 581.0, "year": 2013, "partner": 351}, {"g": "f", "item": "Paper+-Board Ex Newsprnt", "p": 45.0, "s": 50.0, "year": 2013, "partner": 351}, {"g": "f", "item": "Fibreboard", "p": 60.0, "s": 49.0, "year": 2014, "partner": 351}, {"g": "f", "item": "Veneer Sheets", "p": 27.0, "s": 90.0, "year": 2014, "partner": 351}, {"g": "f", "item": "Particle Board", "p": 73.0, "s": 52.0, "year": 2014, "partner": 351}, {"g": "f", "item": "Sawnwood (C)", "p": 13.0, "s": 8.0, "year": 2014, "partner": 351}, {"g": "f", "item": "Newsprint", "p": 2.0, "s": 4.0, "year": 2014, "partner": 351}, {"g": "f", "item": "Plywood", "p": 576.0, "s": 685.0, "year": 2014, "partner": 351}, {"g": "f", "item": "Paper+-Board Ex Newsprnt", "p": 174.0, "s": 112.0, "year": 2014, "partner": 351}, {"g": "f", "item": "Paper+-Board Ex Newsprnt", "p": 5.0, "s": 4.0, "year": 2000, "partner": 97}, {"g": "f", "item": "Paper+-Board Ex Newsprnt", "p": 2.0, "s": 2.0, "year": 2006, "partner": 229}, {"g": "f", "item": "Paper+-Board Ex Newsprnt", "p": 13.0, "s": 38.0, "year": 1998, "partner": 229}, {"g": "f", "item": "Paper+-Board Ex Newsprnt", "p": 1.0, "s": 6.0, "year": 2003, "partner": 100}, {"g": "f", "item": "Paper+-Board Ex Newsprnt", "p": 5.0, "s": 5.0, "year": 2009, "partner": 100}, {"g": "f", "item": "Newsprint", "p": 1.0, "s": 6.0, "year": 2009, "partner": 100}, {"g": "f", "item": "Paper+-Board Ex Newsprnt", "p": 2.0, "s": 2.0, "year": 2010, "partner": 100}, {"g": "f", "item": "Fibreboard", "p": 8.0, "s": 6.0, "year": 2010, "partner": 100}, {"g": "f", "item": "Paper+-Board Ex Newsprnt", "p": 2.0, "s": 2.0, "year": 2011, "partner": 100}, {"g": "f", "item": "Fibreboard", "p": 20.0, "s": 14.0, "year": 2011, "partner": 100}, {"g": "f", "item": "Paper+-Board Ex Newsprnt", "p": 2.0, "s": 17.0, "year": 2012, "partner": 100}, {"g": "f", "item": "Paper+-Board Ex Newsprnt", "p": 8.0, "s": 8.0, "year": 2014, "partner": 100}, {"g": "f", "item": "Fibreboard", "p": 2.0, "s": 10.0, "year": 2014, "partner": 100}, {"g": "f", "item": "Paper+-Board Ex Newsprnt", "p": 21.0, "s": 17.0, "year": 1999, "partner": 101}, {"g": "f", "item": "Paper+-Board Ex Newsprnt", "p": 38.0, "s": 33.0, "year": 2000, "partner": 101}, {"g": "f", "item": "Plywood", "p": 17.0, "s": 5.0, "year": 2000, "partner": 101}, {"g": "f", "item": "Wood Pulp", "p": 7.0, "s": 8.0, "year": 2000, "partner": 101}, {"g": "f", "item": "Paper+-Board Ex Newsprnt", "p": 6.0, "s": 7.0, "year": 2003, "partner": 101}, {"g": "f", "item": "Paper+-Board Ex Newsprnt", "p": 16.0, "s": 17.0, "year": 2004, "partner": 101}, {"g": "f", "item": "Paper+-Board Ex Newsprnt", "p": 35.0, "s": 25.0, "year": 2006, "partner": 101}, {"g": "f", "item": "Sawnwood (C)", "p": 28.0, "s": 14.0, "year": 2010, "partner": 101}, {"g": "f", "item": "Paper+-Board Ex Newsprnt", "p": 2.0, "s": 3.0, "year": 2010, "partner": 101}, {"g": "f", "item": "Paper+-Board Ex Newsprnt", "p": 213.0, "s": 252.0, "year": 2011, "partner": 101}, {"g": "f", "item": "Paper+-Board Ex Newsprnt", "p": 97.0, "s": 136.0, "year": 2012, "partner": 101}, {"g": "f", "item": "Paper+-Board Ex Newsprnt", "p": 110.0, "s": 162.0, "year": 2013, "partner": 101}, {"g": "f", "item": "Paper+-Board Ex Newsprnt", "p": 223.0, "s": 251.0, "year": 2014, "partner": 101}, {"g": "f", "item": "Sawnwood (C)", "p": 1443.0, "s": 213.0, "year": 1997, "partner": 231}, {"g": "f", "item": "Paper+-Board Ex Newsprnt", "p": 44.0, "s": 53.0, "year": 1997, "partner": 231}, {"g": "f", "item": "Plywood", "p": 57.0, "s": 13.0, "year": 1997, "partner": 231}, {"g": "f", "item": "Sawnwood (C)", "p": 706.0, "s": 234.0, "year": 1998, "partner": 231}, {"g": "f", "item": "Paper+-Board Ex Newsprnt", "p": 37.0, "s": 46.0, "year": 1998, "partner": 231}, {"g": "f", "item": "Sawnwood (C)", "p": 1745.0, "s": 192.0, "year": 1999, "partner": 231}, {"g": "f", "item": "Paper+-Board Ex Newsprnt", "p": 123.0, "s": 147.0, "year": 1999, "partner": 231}, {"g": "f", "item": "Sawnwood (C)", "p": 226.0, "s": 24.0, "year": 2000, "partner": 231}, {"g": "f", "item": "Paper+-Board Ex Newsprnt", "p": 61.0, "s": 81.0, "year": 2000, "partner": 231}, {"g": "f", "item": "Paper+-Board Ex Newsprnt", "p": 246.0, "s": 171.0, "year": 2001, "partner": 231}, {"g": "f", "item": "Ind Rwd Wir (NC) Other", "p": 50.0, "s": 50.0, "year": 2001, "partner": 231}, {"g": "f", "item": "Paper+-Board Ex Newsprnt", "p": 171.0, "s": 100.0, "year": 2002, "partner": 231}, {"g": "f", "item": "Ind Rwd Wir (C)", "p": 17.0, "s": 5.0, "year": 2002, "partner": 231}, {"g": "f", "item": "Wood Pulp", "p": 284.0, "s": 65.0, "year": 2003, "partner": 231}, {"g": "f", "item": "Fibreboard", "p": 1.0, "s": 3.0, "year": 2003, "partner": 231}, {"g": "f", "item": "Sawnwood (C)", "p": 1.0, "s": 5.0, "year": 2003, "partner": 231}, {"g": "f", "item": "Sawnwood (NC)", "p": 2.0, "s": 9.0, "year": 2003, "partner": 231}, {"g": "f", "item": "Ind Rwd Wir (C)", "p": 841.0, "s": 51.0, "year": 2003, "partner": 231}, {"g": "f", "item": "Paper+-Board Ex Newsprnt", "p": 115.0, "s": 182.0, "year": 2003, "partner": 231}, {"g": "f", "item": "Sawnwood (C)", "p": 99.0, "s": 3.0, "year": 2004, "partner": 231}, {"g": "f", "item": "Paper+-Board Ex Newsprnt", "p": 0.0, "s": 0.0, "year": 2004, "partner": 231}, {"g": "f", "item": "Ind Rwd Wir (NC) Other", "p": 190.0, "s": 2.0, "year": 2004, "partner": 231}, {"g": "f", "item": "Paper+-Board Ex Newsprnt", "p": 77.0, "s": 101.0, "year": 2005, "partner": 231}, {"g": "f", "item": "Paper+-Board Ex Newsprnt", "p": 24.0, "s": 32.0, "year": 2006, "partner": 231}, {"g": "f", "item": "Sawnwood (C)", "p": 13.0, "s": 7.0, "year": 2008, "partner": 231}, {"g": "f", "item": "Paper+-Board Ex Newsprnt", "p": 48.0, "s": 45.0, "year": 2008, "partner": 231}, {"g": "f", "item": "Sawnwood (C)", "p": 3.0, "s": 2.0, "year": 2009, "partner": 231}, {"g": "f", "item": "Veneer Sheets", "p": 3.0, "s": 10.0, "year": 2009, "partner": 231}, {"g": "f", "item": "Paper+-Board Ex Newsprnt", "p": 51.0, "s": 107.0, "year": 2009, "partner": 231}, {"g": "f", "item": "Veneer Sheets", "p": 4.0, "s": 12.0, "year": 2010, "partner": 231}, {"g": "f", "item": "Particle Board", "p": 8.0, "s": 5.0, "year": 2010, "partner": 231}, {"g": "f", "item": "Sawnwood (C)", "p": 33.0, "s": 16.0, "year": 2010, "partner": 231}, {"g": "f", "item": "Sawnwood (NC)", "p": 8.0, "s": 8.0, "year": 2010, "partner": 231}, {"g": "f", "item": "Plywood", "p": 15.0, "s": 13.0, "year": 2010, "partner": 231}, {"g": "f", "item": "Paper+-Board Ex Newsprnt", "p": 60.0, "s": 87.0, "year": 2010, "partner": 231}, {"g": "f", "item": "Sawnwood (C)", "p": 38.0, "s": 20.0, "year": 2011, "partner": 231}, {"g": "f", "item": "Paper+-Board Ex Newsprnt", "p": 96.0, "s": 165.0, "year": 2011, "partner": 231}, {"g": "f", "item": "Ind Rwd Wir (C)", "p": 904.0, "s": 55.0, "year": 2011, "partner": 231}, {"g": "f", "item": "Plywood", "p": 30.0, "s": 31.0, "year": 2011, "partner": 231}, {"g": "f", "item": "Paper+-Board Ex Newsprnt", "p": 126.0, "s": 194.0, "year": 2012, "partner": 231}, {"g": "f", "item": "Ind Rwd Wir (C)", "p": 1772.0, "s": 108.0, "year": 2012, "partner": 231}, {"g": "f", "item": "Chips and Particles", "p": 43000.0, "s": 2300.0, "year": 2013, "partner": 231}, {"g": "f", "item": "Veneer Sheets", "p": 2.0, "s": 4.0, "year": 2013, "partner": 231}, {"g": "f", "item": "Particle Board", "p": 15.0, "s": 10.0, "year": 2013, "partner": 231}, {"g": "f", "item": "Sawnwood (C)", "p": 263.0, "s": 144.0, "year": 2013, "partner": 231}, {"g": "f", "item": "Sawnwood (NC)", "p": 20.0, "s": 14.0, "year": 2013, "partner": 231}, {"g": "f", "item": "Plywood", "p": 44.0, "s": 40.0, "year": 2013, "partner": 231}, {"g": "f", "item": "Paper+-Board Ex Newsprnt", "p": 45.0, "s": 98.0, "year": 2013, "partner": 231}, {"g": "f", "item": "Fibreboard", "p": 13.0, "s": 8.0, "year": 2014, "partner": 231}, {"g": "f", "item": "Sawnwood (C)", "p": 59.0, "s": 36.0, "year": 2014, "partner": 231}, {"g": "f", "item": "Sawnwood (NC)", "p": 21.0, "s": 29.0, "year": 2014, "partner": 231}, {"g": "f", "item": "Plywood", "p": 28.0, "s": 35.0, "year": 2014, "partner": 231}, {"g": "f", "item": "Paper+-Board Ex Newsprnt", "p": 42.0, "s": 48.0, "year": 2014, "partner": 231}, {"g": "f", "item": "Veneer Sheets", "p": 98.0, "s": 50.0, "year": 2000, "partner": 106}, {"g": "f", "item": "Paper+-Board Ex Newsprnt", "p": 42.0, "s": 25.0, "year": 2001, "partner": 106}, {"g": "f", "item": "Paper+-Board Ex Newsprnt", "p": 179.0, "s": 227.0, "year": 2007, "partner": 106}, {"g": "f", "item": "Veneer Sheets", "p": 270.0, "s": 111.0, "year": 1998, "partner": 106}, {"g": "f", "item": "Sawnwood (NC)", "p": 228.0, "s": 67.0, "year": 1998, "partner": 106}, {"g": "f", "item": "Sawnwood (NC)", "p": 29.0, "s": 67.0, "year": 1999, "partner": 106}, {"g": "f", "item": "Paper+-Board Ex Newsprnt", "p": 3.0, "s": 2.0, "year": 2001, "partner": 110}, {"g": "f", "item": "Paper+-Board Ex Newsprnt", "p": 13.0, "s": 12.0, "year": 2003, "partner": 110}, {"g": "f", "item": "Paper+-Board Ex Newsprnt", "p": 2.0, "s": 30.0, "year": 2004, "partner": 110}, {"g": "f", "item": "Paper+-Board Ex Newsprnt", "p": 1.0, "s": 13.0, "year": 2005, "partner": 110}, {"g": "f", "item": "Paper+-Board Ex Newsprnt", "p": 1.0, "s": 10.0, "year": 2006, "partner": 110}, {"g": "f", "item": "Plywood", "p": 23.0, "s": 14.0, "year": 2006, "partner": 110}, {"g": "f", "item": "Plywood", "p": 2.0, "s": 3.0, "year": 2010, "partner": 110}, {"g": "f", "item": "Paper+-Board Ex Newsprnt", "p": 5.0, "s": 5.0, "year": 2011, "partner": 110}, {"g": "f", "item": "Paper+-Board Ex Newsprnt", "p": 18.0, "s": 17.0, "year": 2012, "partner": 110}, {"g": "f", "item": "Particle Board", "p": 3.0, "s": 2.0, "year": 2013, "partner": 110}, {"g": "f", "item": "Fibreboard", "p": 7.0, "s": 5.0, "year": 2013, "partner": 110}, {"g": "f", "item": "Plywood", "p": 8.0, "s": 7.0, "year": 2000, "partner": 117}, {"g": "f", "item": "Paper+-Board Ex Newsprnt", "p": 2.0, "s": 10.0, "year": 2009, "partner": 117}, {"g": "f", "item": "Plywood", "p": 6.0, "s": 18.0, "year": 2010, "partner": 117}, {"g": "f", "item": "Paper+-Board Ex Newsprnt", "p": 1.0, "s": 1.0, "year": 2004, "partner": 117}, {"g": "f", "item": "Fibreboard", "p": 51.0, "s": 29.0, "year": 2014, "partner": 117}, {"g": "f", "item": "Paper+-Board Ex Newsprnt", "p": 3.0, "s": 3.0, "year": 2014, "partner": 252}, {"g": "f", "item": "Paper+-Board Ex Newsprnt", "p": 6.0, "s": 2.0, "year": 2003, "partner": 252}, {"g": "f", "item": "Paper+-Board Ex Newsprnt", "p": 15.0, "s": 3.0, "year": 2004, "partner": 252}, {"g": "f", "item": "Newsprint", "p": 1.0, "s": 0.0, "year": 2004, "partner": 252}, {"g": "f", "item": "Paper+-Board Ex Newsprnt", "p": 4.0, "s": 4.0, "year": 2005, "partner": 252}, {"g": "f", "item": "Paper+-Board Ex Newsprnt", "p": 13.0, "s": 13.0, "year": 2006, "partner": 252}, {"g": "f", "item": "Fibreboard", "p": 303.0, "s": 139.0, "year": 1997, "partner": 254}, {"g": "f", "item": "Particle Board", "p": 0.0, "s": 0.0, "year": 1997, "partner": 254}, {"g": "f", "item": "Sawnwood (C)", "p": 0.0, "s": 0.0, "year": 1997, "partner": 254}, {"g": "f", "item": "Plywood", "p": 0.0, "s": 0.0, "year": 1997, "partner": 254}, {"g": "f", "item": "Paper+-Board Ex Newsprnt", "p": 0.0, "s": 0.0, "year": 1997, "partner": 254}, {"g": "f", "item": "Fibreboard", "p": 303.0, "s": 140.0, "year": 1998, "partner": 254}, {"g": "f", "item": "Particle Board", "p": 0.0, "s": 1.0, "year": 1998, "partner": 254}, {"g": "f", "item": "Veneer Sheets", "p": 0.0, "s": 0.0, "year": 1998, "partner": 254}, {"g": "f", "item": "Newsprint", "p": 0.0, "s": 0.0, "year": 1998, "partner": 254}, {"g": "f", "item": "Sawnwood (C)", "p": 0.0, "s": 0.0, "year": 1998, "partner": 254}, {"g": "f", "item": "Sawnwood (NC)", "p": 0.0, "s": 0.0, "year": 1998, "partner": 254}, {"g": "f", "item": "Plywood", "p": 0.0, "s": 0.0, "year": 1998, "partner": 254}, {"g": "f", "item": "Paper+-Board Ex Newsprnt", "p": 0.0, "s": 0.0, "year": 1998, "partner": 254}, {"g": "f", "item": "Fibreboard", "p": 22735.0, "s": 139.0, "year": 1999, "partner": 254}, {"g": "f", "item": "Particle Board", "p": 0.0, "s": 0.0, "year": 1999, "partner": 254}, {"g": "f", "item": "Veneer Sheets", "p": 0.0, "s": 0.0, "year": 1999, "partner": 254}, {"g": "f", "item": "Newsprint", "p": 0.0, "s": 0.0, "year": 1999, "partner": 254}, {"g": "f", "item": "Sawnwood (C)", "p": 0.0, "s": 0.0, "year": 1999, "partner": 254}, {"g": "f", "item": "Sawnwood (NC)", "p": 1688.0, "s": 0.0, "year": 1999, "partner": 254}, {"g": "f", "item": "Ind Rwd Wir (C)", "p": 0.0, "s": 0.0, "year": 1999, "partner": 254}, {"g": "f", "item": "Paper+-Board Ex Newsprnt", "p": 0.0, "s": -1.0, "year": 1999, "partner": 254}, {"g": "f", "item": "Plywood", "p": 0.0, "s": 0.0, "year": 1999, "partner": 254}, {"g": "f", "item": "Wood Pulp", "p": 0.0, "s": 0.0, "year": 2000, "partner": 254}, {"g": "f", "item": "Fibreboard", "p": 303.0, "s": 139.0, "year": 2000, "partner": 254}, {"g": "f", "item": "Particle Board", "p": 0.0, "s": 0.0, "year": 2000, "partner": 254}, {"g": "f", "item": "Veneer Sheets", "p": 0.0, "s": 0.0, "year": 2000, "partner": 254}, {"g": "f", "item": "Newsprint", "p": 0.0, "s": 0.0, "year": 2000, "partner": 254}, {"g": "f", "item": "Sawnwood (C)", "p": 0.0, "s": 0.0, "year": 2000, "partner": 254}, {"g": "f", "item": "Sawnwood (NC)", "p": 0.0, "s": 3.0, "year": 2000, "partner": 254}, {"g": "f", "item": "Plywood", "p": 0.0, "s": 0.0, "year": 2000, "partner": 254}, {"g": "f", "item": "Paper+-Board Ex Newsprnt", "p": 0.0, "s": 1.0, "year": 2000, "partner": 254}, {"g": "f", "item": "Fibreboard", "p": 355.0, "s": 149.0, "year": 2001, "partner": 254}, {"g": "f", "item": "Ind Rwd Wir (NC) Other", "p": 0.0, "s": 0.0, "year": 2001, "partner": 254}, {"g": "f", "item": "Veneer Sheets", "p": 32.0, "s": 0.0, "year": 2001, "partner": 254}, {"g": "f", "item": "Particle Board", "p": -1.0, "s": -5.0, "year": 2001, "partner": 254}, {"g": "f", "item": "Sawnwood (C)", "p": -8.0, "s": 0.0, "year": 2001, "partner": 254}, {"g": "f", "item": "Newsprint", "p": 5.0, "s": 1.0, "year": 2001, "partner": 254}, {"g": "f", "item": "Plywood", "p": 1395.0, "s": 1.0, "year": 2001, "partner": 254}, {"g": "f", "item": "Sawnwood (NC)", "p": 0.0, "s": 7.0, "year": 2001, "partner": 254}, {"g": "f", "item": "Paper+-Board Ex Newsprnt", "p": 0.0, "s": 20.0, "year": 2001, "partner": 254}, {"g": "f", "item": "Veneer Sheets", "p": 178.0, "s": 75.0, "year": 2002, "partner": 254}, {"g": "f", "item": "Newsprint", "p": 8.0, "s": 4.0, "year": 2002, "partner": 254}, {"g": "f", "item": "Sawnwood (C)", "p": -7277.0, "s": -1401.0, "year": 2002, "partner": 254}, {"g": "f", "item": "Sawnwood (NC)", "p": -15.0, "s": 3.0, "year": 2002, "partner": 254}, {"g": "f", "item": "Ind Rwd Wir (C)", "p": -45.0, "s": -28.0, "year": 2002, "partner": 254}, {"g": "f", "item": "Paper+-Board Ex Newsprnt", "p": -117.0, "s": -121.0, "year": 2002, "partner": 254}, {"g": "f", "item": "Plywood", "p": -985.0, "s": -339.0, "year": 2002, "partner": 254}, {"g": "f", "item": "Ind Rwd Wir (NC) Tropica", "p": 0.0, "s": 0.0, "year": 2003, "partner": 254}, {"g": "f", "item": "Wood Pulp", "p": 0.0, "s": 0.0, "year": 2003, "partner": 254}, {"g": "f", "item": "Fibreboard", "p": 303.0, "s": 152.0, "year": 2003, "partner": 254}, {"g": "f", "item": "Veneer Sheets", "p": 0.0, "s": 7.0, "year": 2003, "partner": 254}, {"g": "f", "item": "Particle Board", "p": 0.0, "s": 3.0, "year": 2003, "partner": 254}, {"g": "f", "item": "Sawnwood (C)", "p": 0.0, "s": 0.0, "year": 2003, "partner": 254}, {"g": "f", "item": "Newsprint", "p": 0.0, "s": 0.0, "year": 2003, "partner": 254}, {"g": "f", "item": "Ind Rwd Wir (C)", "p": 0.0, "s": 0.0, "year": 2003, "partner": 254}, {"g": "f", "item": "Sawnwood (NC)", "p": 0.0, "s": 12.0, "year": 2003, "partner": 254}, {"g": "f", "item": "Paper+-Board Ex Newsprnt", "p": 0.0, "s": 10.0, "year": 2003, "partner": 254}, {"g": "f", "item": "Plywood", "p": 0.0, "s": 386.0, "year": 2003, "partner": 254}, {"g": "f", "item": "Ind Rwd Wir (NC) Tropica", "p": 11.0, "s": 0.0, "year": 2004, "partner": 254}, {"g": "f", "item": "Fibreboard", "p": 3068.0, "s": 910.0, "year": 2004, "partner": 254}, {"g": "f", "item": "Ind Rwd Wir (NC) Other", "p": -70639.0, "s": 0.0, "year": 2004, "partner": 254}, {"g": "f", "item": "Sawnwood (C)", "p": -2878.0, "s": -1608.0, "year": 2004, "partner": 254}, {"g": "f", "item": "Newsprint", "p": 283.0, "s": 130.0, "year": 2004, "partner": 254}, {"g": "f", "item": "Ind Rwd Wir (C)", "p": 5248.0, "s": 467.0, "year": 2004, "partner": 254}, {"g": "f", "item": "Sawnwood (NC)", "p": -32390.0, "s": 0.0, "year": 2004, "partner": 254}, {"g": "f", "item": "Paper+-Board Ex Newsprnt", "p": -67623.0, "s": 1164.0, "year": 2004, "partner": 254}, {"g": "f", "item": "Fibreboard", "p": 2187.0, "s": 550.0, "year": 2005, "partner": 254}, {"g": "f", "item": "Ind Rwd Wir (NC) Other", "p": 1091.0, "s": 65.0, "year": 2005, "partner": 254}, {"g": "f", "item": "Veneer Sheets", "p": -28.0, "s": -22.0, "year": 2005, "partner": 254}, {"g": "f", "item": "Particle Board", "p": 637.0, "s": 100.0, "year": 2005, "partner": 254}, {"g": "f", "item": "Sawnwood (C)", "p": -17271.0, "s": -2803.0, "year": 2005, "partner": 254}, {"g": "f", "item": "Newsprint", "p": 253.0, "s": 131.0, "year": 2005, "partner": 254}, {"g": "f", "item": "Ind Rwd Wir (C)", "p": 6053.0, "s": 420.0, "year": 2005, "partner": 254}, {"g": "f", "item": "Sawnwood (NC)", "p": 1169.0, "s": 283.0, "year": 2005, "partner": 254}, {"g": "f", "item": "Paper+-Board Ex Newsprnt", "p": 2235.0, "s": 1638.0, "year": 2005, "partner": 254}, {"g": "f", "item": "Plywood", "p": -23.0, "s": -289.0, "year": 2005, "partner": 254}, {"g": "f", "item": "Fibreboard", "p": 1333.0, "s": 354.0, "year": 2006, "partner": 254}, {"g": "f", "item": "Particle Board", "p": 614.0, "s": 96.0, "year": 2006, "partner": 254}, {"g": "f", "item": "Veneer Sheets", "p": -167.0, "s": -130.0, "year": 2006, "partner": 254}, {"g": "f", "item": "Newsprint", "p": 280.0, "s": 128.0, "year": 2006, "partner": 254}, {"g": "f", "item": "Sawnwood (C)", "p": -11827.0, "s": -1886.0, "year": 2006, "partner": 254}, {"g": "f", "item": "Sawnwood (NC)", "p": 1195.0, "s": 334.0, "year": 2006, "partner": 254}, {"g": "f", "item": "Ind Rwd Wir (C)", "p": 12023.0, "s": 737.0, "year": 2006, "partner": 254}, {"g": "f", "item": "Paper+-Board Ex Newsprnt", "p": 2096.0, "s": 1529.0, "year": 2006, "partner": 254}, {"g": "f", "item": "Plywood", "p": -1314.0, "s": -481.0, "year": 2006, "partner": 254}, {"g": "f", "item": "Fibreboard", "p": 0.0, "s": 6.0, "year": 2007, "partner": 254}, {"g": "f", "item": "Particle Board", "p": 1.0, "s": 1.0, "year": 2007, "partner": 254}, {"g": "f", "item": "Sawnwood (C)", "p": -10212.0, "s": -825.0, "year": 2007, "partner": 254}, {"g": "f", "item": "Plywood", "p": 0.0, "s": 689.0, "year": 2007, "partner": 254}, {"g": "f", "item": "Paper+-Board Ex Newsprnt", "p": 32.0, "s": 68.0, "year": 2007, "partner": 254}, {"g": "f", "item": "Chips and Particles", "p": 0.0, "s": 0.0, "year": 2008, "partner": 254}, {"g": "f", "item": "Fibreboard", "p": 13.0, "s": 11.0, "year": 2008, "partner": 254}, {"g": "f", "item": "Ind Rwd Wir (NC) Other", "p": 0.0, "s": 0.0, "year": 2008, "partner": 254}, {"g": "f", "item": "Veneer Sheets", "p": 0.0, "s": 0.0, "year": 2008, "partner": 254}, {"g": "f", "item": "Particle Board", "p": 0.0, "s": 0.0, "year": 2008, "partner": 254}, {"g": "f", "item": "Sawnwood (C)", "p": 0.0, "s": 0.0, "year": 2008, "partner": 254}, {"g": "f", "item": "Sawnwood (NC)", "p": 1.0, "s": 1.0, "year": 2008, "partner": 254}, {"g": "f", "item": "Ind Rwd Wir (C)", "p": 0.0, "s": 0.0, "year": 2008, "partner": 254}, {"g": "f", "item": "Paper+-Board Ex Newsprnt", "p": 22.0, "s": 30.0, "year": 2008, "partner": 254}, {"g": "f", "item": "Plywood", "p": 0.0, "s": 0.0, "year": 2008, "partner": 254}, {"g": "f", "item": "Fibreboard", "p": 14.0, "s": 11.0, "year": 2009, "partner": 254}, {"g": "f", "item": "Ind Rwd Wir (NC) Other", "p": 0.0, "s": 2.0, "year": 2009, "partner": 254}, {"g": "f", "item": "Veneer Sheets", "p": 0.0, "s": 0.0, "year": 2009, "partner": 254}, {"g": "f", "item": "Particle Board", "p": 1.0, "s": 1.0, "year": 2009, "partner": 254}, {"g": "f", "item": "Sawnwood (C)", "p": 2.0, "s": 1.0, "year": 2009, "partner": 254}, {"g": "f", "item": "Newsprint", "p": 0.0, "s": 3.0, "year": 2009, "partner": 254}, {"g": "f", "item": "Ind Rwd Wir (C)", "p": -13089.0, "s": -794.0, "year": 2009, "partner": 254}, {"g": "f", "item": "Sawnwood (NC)", "p": 0.0, "s": 0.0, "year": 2009, "partner": 254}, {"g": "f", "item": "Paper+-Board Ex Newsprnt", "p": 3.0, "s": 17.0, "year": 2009, "partner": 254}, {"g": "f", "item": "Plywood", "p": 0.0, "s": 0.0, "year": 2009, "partner": 254}, {"g": "f", "item": "Ind Rwd Wir (NC) Tropica", "p": 0.0, "s": 0.0, "year": 2010, "partner": 254}, {"g": "f", "item": "Fibreboard", "p": 0.0, "s": 1.0, "year": 2010, "partner": 254}, {"g": "f", "item": "Ind Rwd Wir (NC) Other", "p": 0.0, "s": 9.0, "year": 2010, "partner": 254}, {"g": "f", "item": "Veneer Sheets", "p": 0.0, "s": 0.0, "year": 2010, "partner": 254}, {"g": "f", "item": "Particle Board", "p": 0.0, "s": 0.0, "year": 2010, "partner": 254}, {"g": "f", "item": "Sawnwood (C)", "p": 0.0, "s": 0.0, "year": 2010, "partner": 254}, {"g": "f", "item": "Newsprint", "p": 0.0, "s": 0.0, "year": 2010, "partner": 254}, {"g": "f", "item": "Ind Rwd Wir (C)", "p": -15433.0, "s": -930.0, "year": 2010, "partner": 254}, {"g": "f", "item": "Sawnwood (NC)", "p": 1.0, "s": 2.0, "year": 2010, "partner": 254}, {"g": "f", "item": "Paper+-Board Ex Newsprnt", "p": 1.0, "s": 17.0, "year": 2010, "partner": 254}, {"g": "f", "item": "Plywood", "p": 0.0, "s": 1.0, "year": 2010, "partner": 254}, {"g": "f", "item": "Chips and Particles", "p": 0.0, "s": 0.0, "year": 2011, "partner": 254}, {"g": "f", "item": "Ind Rwd Wir (NC) Tropica", "p": 0.0, "s": 0.0, "year": 2011, "partner": 254}, {"g": "f", "item": "Fibreboard", "p": 0.0, "s": 0.0, "year": 2011, "partner": 254}, {"g": "f", "item": "Particle Board", "p": 1.0, "s": 0.0, "year": 2011, "partner": 254}, {"g": "f", "item": "Veneer Sheets", "p": 1.0, "s": 1.0, "year": 2011, "partner": 254}, {"g": "f", "item": "Ind Rwd Wir (NC) Other", "p": 0.0, "s": 0.0, "year": 2011, "partner": 254}, {"g": "f", "item": "Sawnwood (C)", "p": 0.0, "s": 0.0, "year": 2011, "partner": 254}, {"g": "f", "item": "Newsprint", "p": 1.0, "s": 0.0, "year": 2011, "partner": 254}, {"g": "f", "item": "Ind Rwd Wir (C)", "p": -12872.0, "s": -773.0, "year": 2011, "partner": 254}, {"g": "f", "item": "Sawnwood (NC)", "p": 1.0, "s": 1.0, "year": 2011, "partner": 254}, {"g": "f", "item": "Paper+-Board Ex Newsprnt", "p": 8.0, "s": 33.0, "year": 2011, "partner": 254}, {"g": "f", "item": "Plywood", "p": 0.0, "s": 0.0, "year": 2011, "partner": 254}, {"g": "f", "item": "Fibreboard", "p": 22.0, "s": 276.0, "year": 2012, "partner": 254}, {"g": "f", "item": "Ind Rwd Wir (NC) Other", "p": 0.0, "s": 70.0, "year": 2012, "partner": 254}, {"g": "f", "item": "Veneer Sheets", "p": 0.0, "s": 55.0, "year": 2012, "partner": 254}, {"g": "f", "item": "Particle Board", "p": 0.0, "s": 296.0, "year": 2012, "partner": 254}, {"g": "f", "item": "Sawnwood (C)", "p": 0.0, "s": 19.0, "year": 2012, "partner": 254}, {"g": "f", "item": "Newsprint", "p": 1.0, "s": 0.0, "year": 2012, "partner": 254}, {"g": "f", "item": "Ind Rwd Wir (C)", "p": -9436.0, "s": -570.0, "year": 2012, "partner": 254}, {"g": "f", "item": "Sawnwood (NC)", "p": 0.0, "s": 8.0, "year": 2012, "partner": 254}, {"g": "f", "item": "Paper+-Board Ex Newsprnt", "p": 87.0, "s": 98.0, "year": 2012, "partner": 254}, {"g": "f", "item": "Plywood", "p": 0.0, "s": 811.0, "year": 2012, "partner": 254}, {"g": "f", "item": "Chips and Particles", "p": 0.0, "s": 0.0, "year": 2013, "partner": 254}, {"g": "f", "item": "Ind Rwd Wir (NC) Tropica", "p": 0.0, "s": 0.0, "year": 2013, "partner": 254}, {"g": "f", "item": "Fibreboard", "p": 0.0, "s": 0.0, "year": 2013, "partner": 254}, {"g": "f", "item": "Particle Board", "p": 0.0, "s": 0.0, "year": 2013, "partner": 254}, {"g": "f", "item": "Veneer Sheets", "p": 1.0, "s": 2.0, "year": 2013, "partner": 254}, {"g": "f", "item": "Ind Rwd Wir (NC) Other", "p": 0.0, "s": 1.0, "year": 2013, "partner": 254}, {"g": "f", "item": "Sawnwood (C)", "p": 0.0, "s": 0.0, "year": 2013, "partner": 254}, {"g": "f", "item": "Newsprint", "p": 0.0, "s": 0.0, "year": 2013, "partner": 254}, {"g": "f", "item": "Ind Rwd Wir (C)", "p": 0.0, "s": 0.0, "year": 2013, "partner": 254}, {"g": "f", "item": "Sawnwood (NC)", "p": 0.0, "s": 0.0, "year": 2013, "partner": 254}, {"g": "f", "item": "Paper+-Board Ex Newsprnt", "p": 2.0, "s": 7.0, "year": 2013, "partner": 254}, {"g": "f", "item": "Plywood", "p": 0.0, "s": 0.0, "year": 2013, "partner": 254}, {"g": "f", "item": "Chips and Particles", "p": 0.0, "s": 0.0, "year": 2014, "partner": 254}, {"g": "f", "item": "Ind Rwd Wir (NC) Tropica", "p": 1.0, "s": 1.0, "year": 2014, "partner": 254}, {"g": "f", "item": "Fibreboard", "p": 0.0, "s": -1.0, "year": 2014, "partner": 254}, {"g": "f", "item": "Particle Board", "p": 0.0, "s": 1.0, "year": 2014, "partner": 254}, {"g": "f", "item": "Veneer Sheets", "p": 2.0, "s": 2.0, "year": 2014, "partner": 254}, {"g": "f", "item": "Ind Rwd Wir (NC) Other", "p": 0.0, "s": 1.0, "year": 2014, "partner": 254}, {"g": "f", "item": "Sawnwood (C)", "p": 0.0, "s": 0.0, "year": 2014, "partner": 254}, {"g": "f", "item": "Newsprint", "p": 0.0, "s": 8.0, "year": 2014, "partner": 254}, {"g": "f", "item": "Ind Rwd Wir (C)", "p": -4012.0, "s": 255.0, "year": 2014, "partner": 254}, {"g": "f", "item": "Sawnwood (NC)", "p": 0.0, "s": 0.0, "year": 2014, "partner": 254}, {"g": "f", "item": "Paper+-Board Ex Newsprnt", "p": 16.0, "s": 28.0, "year": 2014, "partner": 254}, {"g": "f", "item": "Plywood", "p": 0.0, "s": 0.0, "year": 2014, "partner": 254}]