[{"g": "m", "item": "Plywood", "p": 10.0, "s": 7.0, "year": 1998, "partner": 33}, {"g": "m", "item": "Sawnwood (NC)", "p": 16.0, "s": 19.0, "year": 2008, "partner": 98}, {"g": "m", "item": "Sawnwood (NC)", "p": 6.0, "s": 6.0, "year": 2009, "partner": 98}, {"g": "m", "item": "Plywood", "p": 22.0, "s": 11.0, "year": 2000, "partner": 68}, {"g": "m", "item": "Wood Pulp", "p": 758.0, "s": 487.0, "year": 2013, "partner": 165}, {"g": "m", "item": "Plywood", "p": 28.0, "s": 19.0, "year": 2000, "partner": 167}, {"g": "m", "item": "Veneer Sheets", "p": 3.0, "s": 5.0, "year": 1998, "partner": 167}, {"g": "m", "item": "Sawnwood (NC)", "p": 1091.0, "s": 911.0, "year": 2001, "partner": 231}, {"g": "m", "item": "Paper+-Board Ex Newsprnt", "p": 17.0, "s": 25.0, "year": 2005, "partner": 44}, {"g": "m", "item": "Sawnwood (NC)", "p": 9.0, "s": 8.0, "year": 2000, "partner": 110}, {"g": "m", "item": "Wood Pulp", "p": 248.0, "s": 116.0, "year": 1997, "partner": 5009}, {"g": "m", "item": "Veneer Sheets", "p": 0.0, "s": 0.0, "year": 1998, "partner": 5009}, {"g": "m", "item": "Plywood", "p": 0.0, "s": 0.0, "year": 1998, "partner": 5009}, {"g": "m", "item": "Sawnwood (NC)", "p": 0.0, "s": 0.0, "year": 2000, "partner": 5009}, {"g": "m", "item": "Plywood", "p": 0.0, "s": 0.0, "year": 2000, "partner": 5009}, {"g": "m", "item": "Sawnwood (NC)", "p": 1100.0, "s": 922.0, "year": 2001, "partner": 5009}, {"g": "m", "item": "Veneer Sheets", "p": 0.0, "s": 0.0, "year": 2002, "partner": 5009}, {"g": "m", "item": "Veneer Sheets", "p": 23.0, "s": 100.0, "year": 2003, "partner": 5009}, {"g": "m", "item": "Paper+-Board Ex Newsprnt", "p": 22.0, "s": 24.0, "year": 2005, "partner": 5009}, {"g": "m", "item": "Sawnwood (NC)", "p": 16.0, "s": 19.0, "year": 2008, "partner": 5009}, {"g": "m", "item": "Sawnwood (NC)", "p": 6.0, "s": 6.0, "year": 2009, "partner": 5009}, {"g": "m", "item": "Paper+-Board Ex Newsprnt", "p": 4144.0, "s": 4272.0, "year": 2009, "partner": 5009}, {"g": "m", "item": "Newsprint", "p": 106.0, "s": 1504.0, "year": 2009, "partner": 5009}, {"g": "m", "item": "Fibreboard", "p": 2.0, "s": 730.0, "year": 2009, "partner": 5009}, {"g": "m", "item": "Plywood", "p": 23.0, "s": 19.0, "year": 2010, "partner": 5009}, {"g": "m", "item": "Paper+-Board Ex Newsprnt", "p": 94.0, "s": 1138.0, "year": 2013, "partner": 5009}, {"g": "m", "item": "Ind Rwd Wir (C)", "p": 2854.0, "s": 151.0, "year": 2013, "partner": 5009}, {"g": "m", "item": "Wood Pulp", "p": 758.0, "s": 487.0, "year": 2013, "partner": 5009}, {"g": "m", "item": "Sawnwood (NC)", "p": 16.0, "s": 11.0, "year": 2001, "partner": 50}, {"g": "m", "item": "Paper+-Board Ex Newsprnt", "p": 13.0, "s": 19.0, "year": 2013, "partner": 84}, {"g": "m", "item": "Wood Pulp", "p": 248.0, "s": 116.0, "year": 1997, "partner": 97}, {"g": "m", "item": "Veneer Sheets", "p": 23.0, "s": 100.0, "year": 2003, "partner": 185}, {"g": "m", "item": "Ind Rwd Wir (C)", "p": 2854.0, "s": 151.0, "year": 2013, "partner": 100}, {"g": "m", "item": "Paper+-Board Ex Newsprnt", "p": 24.0, "s": 55.0, "year": 2013, "partner": 26}, {"g": "m", "item": "Veneer Sheets", "p": 51.0, "s": 21.0, "year": 2002, "partner": 221}, {"g": "m", "item": "Wood Pulp", "p": 0.0, "s": 0.0, "year": 1997, "partner": 254}, {"g": "m", "item": "Veneer Sheets", "p": 0.0, "s": 0.0, "year": 1998, "partner": 254}, {"g": "m", "item": "Plywood", "p": 0.0, "s": 0.0, "year": 1998, "partner": 254}, {"g": "m", "item": "Sawnwood (NC)", "p": 0.0, "s": 0.0, "year": 2000, "partner": 254}, {"g": "m", "item": "Plywood", "p": 0.0, "s": 0.0, "year": 2000, "partner": 254}, {"g": "m", "item": "Sawnwood (NC)", "p": -7.0, "s": 0.0, "year": 2001, "partner": 254}, {"g": "m", "item": "Veneer Sheets", "p": 0.0, "s": 0.0, "year": 2002, "partner": 254}, {"g": "m", "item": "Veneer Sheets", "p": 0.0, "s": 0.0, "year": 2003, "partner": 254}, {"g": "m", "item": "Paper+-Board Ex Newsprnt", "p": 5.0, "s": -1.0, "year": 2005, "partner": 254}, {"g": "m", "item": "Sawnwood (NC)", "p": 0.0, "s": 0.0, "year": 2008, "partner": 254}, {"g": "m", "item": "Sawnwood (NC)", "p": 0.0, "s": 0.0, "year": 2009, "partner": 254}, {"g": "m", "item": "Paper+-Board Ex Newsprnt", "p": 39.0, "s": 50.0, "year": 2009, "partner": 254}, {"g": "m", "item": "Newsprint", "p": 0.0, "s": 0.0, "year": 2009, "partner": 254}, {"g": "m", "item": "Fibreboard", "p": 0.0, "s": 0.0, "year": 2009, "partner": 254}, {"g": "m", "item": "Plywood", "p": 1.0, "s": 0.0, "year": 2010, "partner": 254}, {"g": "m", "item": "Paper+-Board Ex Newsprnt", "p": 57.0, "s": 1064.0, "year": 2013, "partner": 254}, {"g": "m", "item": "Ind Rwd Wir (C)", "p": 0.0, "s": 0.0, "year": 2013, "partner": 254}, {"g": "m", "item": "Wood Pulp", "p": 0.0, "s": 0.0, "year": 2013, "partner": 254}, {"g": "m", "item": "Paper+-Board Ex Newsprnt", "p": 4105.0, "s": 4222.0, "year": 2009, "partner": 159}, {"g": "m", "item": "Newsprint", "p": 106.0, "s": 1504.0, "year": 2009, "partner": 159}, {"g": "m", "item": "Fibreboard", "p": 2.0, "s": 730.0, "year": 2009, "partner": 159}, {"g": "m", "item": "Plywood", "p": 23.0, "s": 19.0, "year": 2010, "partner": 159}, {"g": "f", "item": "Sawnwood (C)", "p": 5.0, "s": 3.0, "year": 2008, "partner": 11}, {"g": "f", "item": "Paper+-Board Ex Newsprnt", "p": 133.0, "s": 125.0, "year": 2012, "partner": 11}, {"g": "f", "item": "Paper+-Board Ex Newsprnt", "p": 181.0, "s": 186.0, "year": 2013, "partner": 11}, {"g": "f", "item": "Fibreboard", "p": 7.0, "s": 8.0, "year": 2014, "partner": 11}, {"g": "f", "item": "Paper+-Board Ex Newsprnt", "p": 24.0, "s": 21.0, "year": 2000, "partner": 15}, {"g": "f", "item": "Paper+-Board Ex Newsprnt", "p": 12.0, "s": 14.0, "year": 1999, "partner": 15}, {"g": "f", "item": "Sawnwood (C)", "p": 200.0, "s": 33.0, "year": 2014, "partner": 144}, {"g": "f", "item": "Paper+-Board Ex Newsprnt", "p": 553.0, "s": 573.0, "year": 1997, "partner": 5009}, {"g": "f", "item": "Particle Board", "p": 3.0, "s": 2.0, "year": 1997, "partner": 5009}, {"g": "f", "item": "Plywood", "p": 2.0, "s": 4.0, "year": 1997, "partner": 5009}, {"g": "f", "item": "Fibreboard", "p": 148.0, "s": 15.0, "year": 1997, "partner": 5009}, {"g": "f", "item": "Paper+-Board Ex Newsprnt", "p": 553.0, "s": 573.0, "year": 1998, "partner": 5009}, {"g": "f", "item": "Fibreboard", "p": 148.0, "s": 15.0, "year": 1998, "partner": 5009}, {"g": "f", "item": "Paper+-Board Ex Newsprnt", "p": 553.0, "s": 573.0, "year": 1999, "partner": 5009}, {"g": "f", "item": "Paper+-Board Ex Newsprnt", "p": 553.0, "s": 573.0, "year": 2000, "partner": 5009}, {"g": "f", "item": "Plywood", "p": 2.0, "s": 4.0, "year": 2000, "partner": 5009}, {"g": "f", "item": "Wood Pulp", "p": 0.0, "s": 0.0, "year": 2000, "partner": 5009}, {"g": "f", "item": "Paper+-Board Ex Newsprnt", "p": 900.0, "s": 827.0, "year": 2001, "partner": 5009}, {"g": "f", "item": "Wood Pulp", "p": 0.0, "s": 0.0, "year": 2001, "partner": 5009}, {"g": "f", "item": "Paper+-Board Ex Newsprnt", "p": 617.0, "s": 837.0, "year": 2002, "partner": 5009}, {"g": "f", "item": "Sawnwood (NC)", "p": 71.0, "s": 13.0, "year": 2002, "partner": 5009}, {"g": "f", "item": "Plywood", "p": 0.0, "s": 0.0, "year": 2002, "partner": 5009}, {"g": "f", "item": "Paper+-Board Ex Newsprnt", "p": 734.0, "s": 1233.0, "year": 2003, "partner": 5009}, {"g": "f", "item": "Newsprint", "p": 19.0, "s": 22.0, "year": 2003, "partner": 5009}, {"g": "f", "item": "Particle Board", "p": 9.0, "s": 29.0, "year": 2003, "partner": 5009}, {"g": "f", "item": "Fibreboard", "p": 420.0, "s": 141.0, "year": 2004, "partner": 5009}, {"g": "f", "item": "Veneer Sheets", "p": 14.0, "s": 11.0, "year": 2004, "partner": 5009}, {"g": "f", "item": "Ind Rwd Wir (NC) Other", "p": 30.0, "s": 2.0, "year": 2004, "partner": 5009}, {"g": "f", "item": "Newsprint", "p": 46.0, "s": 23.0, "year": 2004, "partner": 5009}, {"g": "f", "item": "Plywood", "p": 50.0, "s": 18.0, "year": 2004, "partner": 5009}, {"g": "f", "item": "Paper+-Board Ex Newsprnt", "p": 1680.0, "s": 1248.0, "year": 2004, "partner": 5009}, {"g": "f", "item": "Wood Pulp", "p": 0.0, "s": 0.0, "year": 2005, "partner": 5009}, {"g": "f", "item": "Ind Rwd Wir (NC) Other", "p": 30.0, "s": 2.0, "year": 2005, "partner": 5009}, {"g": "f", "item": "Particle Board", "p": 9.0, "s": 29.0, "year": 2005, "partner": 5009}, {"g": "f", "item": "Newsprint", "p": 46.0, "s": 23.0, "year": 2005, "partner": 5009}, {"g": "f", "item": "Plywood", "p": 50.0, "s": 18.0, "year": 2005, "partner": 5009}, {"g": "f", "item": "Sawnwood (NC)", "p": 71.0, "s": 13.0, "year": 2005, "partner": 5009}, {"g": "f", "item": "Paper+-Board Ex Newsprnt", "p": 1680.0, "s": 1248.0, "year": 2005, "partner": 5009}, {"g": "f", "item": "Wood Pulp", "p": 0.0, "s": 0.0, "year": 2006, "partner": 5009}, {"g": "f", "item": "Ind Rwd Wir (NC) Other", "p": 30.0, "s": 2.0, "year": 2006, "partner": 5009}, {"g": "f", "item": "Newsprint", "p": 46.0, "s": 23.0, "year": 2006, "partner": 5009}, {"g": "f", "item": "Sawnwood (NC)", "p": 71.0, "s": 13.0, "year": 2006, "partner": 5009}, {"g": "f", "item": "Plywood", "p": 50.0, "s": 18.0, "year": 2006, "partner": 5009}, {"g": "f", "item": "Paper+-Board Ex Newsprnt", "p": 1680.0, "s": 1248.0, "year": 2006, "partner": 5009}, {"g": "f", "item": "Paper+-Board Ex Newsprnt", "p": 581.0, "s": 1122.0, "year": 2007, "partner": 5009}, {"g": "f", "item": "Newsprint", "p": 6.0, "s": 10.0, "year": 2007, "partner": 5009}, {"g": "f", "item": "Wood Pulp", "p": 10.0, "s": 14.0, "year": 2007, "partner": 5009}, {"g": "f", "item": "Wood Pulp", "p": 10.0, "s": 15.0, "year": 2008, "partner": 5009}, {"g": "f", "item": "Fibreboard", "p": 436.0, "s": 163.0, "year": 2008, "partner": 5009}, {"g": "f", "item": "Ind Rwd Wir (NC) Other", "p": 193.0, "s": 34.0, "year": 2008, "partner": 5009}, {"g": "f", "item": "Particle Board", "p": 12.0, "s": 6.0, "year": 2008, "partner": 5009}, {"g": "f", "item": "Sawnwood (C)", "p": 5.0, "s": 3.0, "year": 2008, "partner": 5009}, {"g": "f", "item": "Sawnwood (NC)", "p": 74.0, "s": 59.0, "year": 2008, "partner": 5009}, {"g": "f", "item": "Ind Rwd Wir (C)", "p": 967.0, "s": 59.0, "year": 2008, "partner": 5009}, {"g": "f", "item": "Paper+-Board Ex Newsprnt", "p": 266.0, "s": 638.0, "year": 2008, "partner": 5009}, {"g": "f", "item": "Wood Pulp", "p": 15.0, "s": 39.0, "year": 2009, "partner": 5009}, {"g": "f", "item": "Ind Rwd Wir (NC) Other", "p": 115.0, "s": 23.0, "year": 2009, "partner": 5009}, {"g": "f", "item": "Particle Board", "p": 2.0, "s": 2.0, "year": 2009, "partner": 5009}, {"g": "f", "item": "Ind Rwd Wir (C)", "p": 393.0, "s": 24.0, "year": 2009, "partner": 5009}, {"g": "f", "item": "Paper+-Board Ex Newsprnt", "p": 813.0, "s": 1172.0, "year": 2009, "partner": 5009}, {"g": "f", "item": "Plywood", "p": 44.0, "s": 47.0, "year": 2009, "partner": 5009}, {"g": "f", "item": "Veneer Sheets", "p": 420.0, "s": 453.0, "year": 2010, "partner": 5009}, {"g": "f", "item": "Newsprint", "p": 1.0, "s": 3.0, "year": 2010, "partner": 5009}, {"g": "f", "item": "Sawnwood (C)", "p": 73.0, "s": 201.0, "year": 2010, "partner": 5009}, {"g": "f", "item": "Sawnwood (NC)", "p": 2825.0, "s": 530.0, "year": 2010, "partner": 5009}, {"g": "f", "item": "Plywood", "p": 88.0, "s": 14.0, "year": 2010, "partner": 5009}, {"g": "f", "item": "Paper+-Board Ex Newsprnt", "p": 478.0, "s": 725.0, "year": 2010, "partner": 5009}, {"g": "f", "item": "Ind Rwd Wir (NC) Tropica", "p": 891.0, "s": 133.0, "year": 2011, "partner": 5009}, {"g": "f", "item": "Fibreboard", "p": 282.0, "s": 211.0, "year": 2011, "partner": 5009}, {"g": "f", "item": "Veneer Sheets", "p": 420.0, "s": 453.0, "year": 2011, "partner": 5009}, {"g": "f", "item": "Sawnwood (C)", "p": 17.0, "s": 79.0, "year": 2011, "partner": 5009}, {"g": "f", "item": "Newsprint", "p": 1.0, "s": 3.0, "year": 2011, "partner": 5009}, {"g": "f", "item": "Plywood", "p": 45.0, "s": 65.0, "year": 2011, "partner": 5009}, {"g": "f", "item": "Sawnwood (NC)", "p": 194.0, "s": 45.0, "year": 2011, "partner": 5009}, {"g": "f", "item": "Paper+-Board Ex Newsprnt", "p": 311.0, "s": 689.0, "year": 2011, "partner": 5009}, {"g": "f", "item": "Chips and Particles", "p": 2418.0, "s": 1503.0, "year": 2012, "partner": 5009}, {"g": "f", "item": "Fibreboard", "p": 19.0, "s": 16.0, "year": 2012, "partner": 5009}, {"g": "f", "item": "Veneer Sheets", "p": 1453.0, "s": 1958.0, "year": 2012, "partner": 5009}, {"g": "f", "item": "Ind Rwd Wir (NC) Other", "p": 30.0, "s": 61.0, "year": 2012, "partner": 5009}, {"g": "f", "item": "Sawnwood (NC)", "p": 5259.0, "s": 738.0, "year": 2012, "partner": 5009}, {"g": "f", "item": "Plywood", "p": 47.0, "s": 12.0, "year": 2012, "partner": 5009}, {"g": "f", "item": "Paper+-Board Ex Newsprnt", "p": 365.0, "s": 739.0, "year": 2012, "partner": 5009}, {"g": "f", "item": "Fibreboard", "p": 64.0, "s": 46.0, "year": 2013, "partner": 5009}, {"g": "f", "item": "Veneer Sheets", "p": 42.0, "s": 69.0, "year": 2013, "partner": 5009}, {"g": "f", "item": "Particle Board", "p": 4.0, "s": 13.0, "year": 2013, "partner": 5009}, {"g": "f", "item": "Sawnwood (C)", "p": 145.0, "s": 68.0, "year": 2013, "partner": 5009}, {"g": "f", "item": "Sawnwood (NC)", "p": 4.0, "s": 4.0, "year": 2013, "partner": 5009}, {"g": "f", "item": "Plywood", "p": 162.0, "s": 251.0, "year": 2013, "partner": 5009}, {"g": "f", "item": "Paper+-Board Ex Newsprnt", "p": 556.0, "s": 807.0, "year": 2013, "partner": 5009}, {"g": "f", "item": "Chips and Particles", "p": 2625.0, "s": 1071.0, "year": 2014, "partner": 5009}, {"g": "f", "item": "Fibreboard", "p": 84.0, "s": 186.0, "year": 2014, "partner": 5009}, {"g": "f", "item": "Veneer Sheets", "p": 762.0, "s": 930.0, "year": 2014, "partner": 5009}, {"g": "f", "item": "Ind Rwd Wir (NC) Other", "p": 25.0, "s": 45.0, "year": 2014, "partner": 5009}, {"g": "f", "item": "Sawnwood (C)", "p": 243.0, "s": 54.0, "year": 2014, "partner": 5009}, {"g": "f", "item": "Sawnwood (NC)", "p": 11500.0, "s": 1397.0, "year": 2014, "partner": 5009}, {"g": "f", "item": "Plywood", "p": 849.0, "s": 837.0, "year": 2014, "partner": 5009}, {"g": "f", "item": "Paper+-Board Ex Newsprnt", "p": 458.0, "s": 1768.0, "year": 2014, "partner": 5009}, {"g": "f", "item": "Paper+-Board Ex Newsprnt", "p": 252.0, "s": 352.0, "year": 1999, "partner": 195}, {"g": "f", "item": "Paper+-Board Ex Newsprnt", "p": 102.0, "s": 134.0, "year": 2001, "partner": 195}, {"g": "f", "item": "Paper+-Board Ex Newsprnt", "p": 84.0, "s": 130.0, "year": 2003, "partner": 195}, {"g": "f", "item": "Paper+-Board Ex Newsprnt", "p": 36.0, "s": 65.0, "year": 2004, "partner": 195}, {"g": "f", "item": "Paper+-Board Ex Newsprnt", "p": 15.0, "s": 27.0, "year": 2005, "partner": 195}, {"g": "f", "item": "Fibreboard", "p": 3.0, "s": 64.0, "year": 2011, "partner": 195}, {"g": "f", "item": "Paper+-Board Ex Newsprnt", "p": 36.0, "s": 29.0, "year": 1998, "partner": 21}, {"g": "f", "item": "Paper+-Board Ex Newsprnt", "p": 54.0, "s": 39.0, "year": 1999, "partner": 21}, {"g": "f", "item": "Paper+-Board Ex Newsprnt", "p": 18.0, "s": 13.0, "year": 2001, "partner": 21}, {"g": "f", "item": "Paper+-Board Ex Newsprnt", "p": 33.0, "s": 23.0, "year": 2003, "partner": 21}, {"g": "f", "item": "Paper+-Board Ex Newsprnt", "p": 14.0, "s": 13.0, "year": 2005, "partner": 21}, {"g": "f", "item": "Paper+-Board Ex Newsprnt", "p": 17.0, "s": 13.0, "year": 2006, "partner": 21}, {"g": "f", "item": "Paper+-Board Ex Newsprnt", "p": 17.0, "s": 16.0, "year": 2007, "partner": 21}, {"g": "f", "item": "Paper+-Board Ex Newsprnt", "p": 2.0, "s": 2.0, "year": 1997, "partner": 150}, {"g": "f", "item": "Paper+-Board Ex Newsprnt", "p": 1.0, "s": 1.0, "year": 2006, "partner": 150}, {"g": "f", "item": "Paper+-Board Ex Newsprnt", "p": 5.0, "s": 103.0, "year": 2007, "partner": 150}, {"g": "f", "item": "Paper+-Board Ex Newsprnt", "p": 2.0, "s": 3.0, "year": 2008, "partner": 150}, {"g": "f", "item": "Paper+-Board Ex Newsprnt", "p": 7.0, "s": 13.0, "year": 2009, "partner": 150}, {"g": "f", "item": "Paper+-Board Ex Newsprnt", "p": 6.0, "s": 2.0, "year": 2011, "partner": 150}, {"g": "f", "item": "Veneer Sheets", "p": 3.0, "s": 3.0, "year": 2014, "partner": 158}, {"g": "f", "item": "Paper+-Board Ex Newsprnt", "p": 2.0, "s": 1.0, "year": 2014, "partner": 158}, {"g": "f", "item": "Paper+-Board Ex Newsprnt", "p": 1.0, "s": 4.0, "year": 2005, "partner": 32}, {"g": "f", "item": "Sawnwood (NC)", "p": 1.0, "s": 1.0, "year": 2005, "partner": 32}, {"g": "f", "item": "Ind Rwd Wir (NC) Other", "p": 184.0, "s": 72.0, "year": 2005, "partner": 32}, {"g": "f", "item": "Plywood", "p": 466.0, "s": 142.0, "year": 2005, "partner": 32}, {"g": "f", "item": "Paper+-Board Ex Newsprnt", "p": 2.0, "s": 7.0, "year": 2006, "partner": 32}, {"g": "f", "item": "Ind Rwd Wir (NC) Other", "p": 13.0, "s": 5.0, "year": 2006, "partner": 32}, {"g": "f", "item": "Plywood", "p": 211.0, "s": 80.0, "year": 2006, "partner": 32}, {"g": "f", "item": "Paper+-Board Ex Newsprnt", "p": 10.0, "s": 64.0, "year": 2010, "partner": 32}, {"g": "f", "item": "Veneer Sheets", "p": 419.0, "s": 452.0, "year": 2010, "partner": 32}, {"g": "f", "item": "Sawnwood (NC)", "p": 2709.0, "s": 449.0, "year": 2010, "partner": 32}, {"g": "f", "item": "Plywood", "p": 88.0, "s": 14.0, "year": 2010, "partner": 32}, {"g": "f", "item": "Paper+-Board Ex Newsprnt", "p": 29.0, "s": 146.0, "year": 2011, "partner": 32}, {"g": "f", "item": "Veneer Sheets", "p": 2037.0, "s": 3685.0, "year": 2011, "partner": 32}, {"g": "f", "item": "Sawnwood (NC)", "p": 3651.0, "s": 641.0, "year": 2011, "partner": 32}, {"g": "f", "item": "Plywood", "p": 364.0, "s": 194.0, "year": 2011, "partner": 32}, {"g": "f", "item": "Chips and Particles", "p": 2418.0, "s": 1503.0, "year": 2012, "partner": 32}, {"g": "f", "item": "Veneer Sheets", "p": 1453.0, "s": 1958.0, "year": 2012, "partner": 32}, {"g": "f", "item": "Ind Rwd Wir (NC) Other", "p": 30.0, "s": 47.0, "year": 2012, "partner": 32}, {"g": "f", "item": "Sawnwood (NC)", "p": 5258.0, "s": 737.0, "year": 2012, "partner": 32}, {"g": "f", "item": "Plywood", "p": 47.0, "s": 7.0, "year": 2012, "partner": 32}, {"g": "f", "item": "Paper+-Board Ex Newsprnt", "p": 6.0, "s": 10.0, "year": 2012, "partner": 32}, {"g": "f", "item": "Chips and Particles", "p": 2625.0, "s": 1071.0, "year": 2014, "partner": 32}, {"g": "f", "item": "Veneer Sheets", "p": 759.0, "s": 928.0, "year": 2014, "partner": 32}, {"g": "f", "item": "Sawnwood (NC)", "p": 11257.0, "s": 1387.0, "year": 2014, "partner": 32}, {"g": "f", "item": "Plywood", "p": 615.0, "s": 609.0, "year": 2014, "partner": 32}, {"g": "f", "item": "Paper+-Board Ex Newsprnt", "p": 116.0, "s": 225.0, "year": 2014, "partner": 32}, {"g": "f", "item": "Paper+-Board Ex Newsprnt", "p": 36.0, "s": 13.0, "year": 2011, "partner": 33}, {"g": "f", "item": "Sawnwood (C)", "p": 100.0, "s": 42.0, "year": 2013, "partner": 33}, {"g": "f", "item": "Sawnwood (C)", "p": 22.0, "s": 10.0, "year": 2014, "partner": 33}, {"g": "f", "item": "Ind Rwd Wir (NC) Tropica", "p": 891.0, "s": 133.0, "year": 2011, "partner": 37}, {"g": "f", "item": "Sawnwood (NC)", "p": 194.0, "s": 45.0, "year": 2011, "partner": 37}, {"g": "f", "item": "Sawnwood (NC)", "p": 131.0, "s": 4.0, "year": 2014, "partner": 37}, {"g": "f", "item": "Paper+-Board Ex Newsprnt", "p": 110.0, "s": 104.0, "year": 2004, "partner": 167}, {"g": "f", "item": "Paper+-Board Ex Newsprnt", "p": 519.0, "s": 555.0, "year": 2006, "partner": 167}, {"g": "f", "item": "Plywood", "p": 18.0, "s": 18.0, "year": 2004, "partner": 173}, {"g": "f", "item": "Sawnwood (NC)", "p": 112.0, "s": 7.0, "year": 2014, "partner": 46}, {"g": "f", "item": "Paper+-Board Ex Newsprnt", "p": 45.0, "s": 990.0, "year": 2014, "partner": 54}, {"g": "f", "item": "Paper+-Board Ex Newsprnt", "p": 106.0, "s": 38.0, "year": 2001, "partner": 58}, {"g": "f", "item": "Fibreboard", "p": 7.0, "s": 6.0, "year": 2014, "partner": 223}, {"g": "f", "item": "Paper+-Board Ex Newsprnt", "p": 11.0, "s": 17.0, "year": 2001, "partner": 67}, {"g": "f", "item": "Paper+-Board Ex Newsprnt", "p": 550.0, "s": 570.0, "year": 1997, "partner": 68}, {"g": "f", "item": "Plywood", "p": 2.0, "s": 4.0, "year": 1997, "partner": 68}, {"g": "f", "item": "Fibreboard", "p": 149.0, "s": 15.0, "year": 1997, "partner": 68}, {"g": "f", "item": "Paper+-Board Ex Newsprnt", "p": 182.0, "s": 241.0, "year": 1998, "partner": 68}, {"g": "f", "item": "Fibreboard", "p": 9.0, "s": 1.0, "year": 1998, "partner": 68}, {"g": "f", "item": "Paper+-Board Ex Newsprnt", "p": 319.0, "s": 524.0, "year": 1999, "partner": 68}, {"g": "f", "item": "Paper+-Board Ex Newsprnt", "p": 465.0, "s": 647.0, "year": 2000, "partner": 68}, {"g": "f", "item": "Plywood", "p": 51.0, "s": 51.0, "year": 2000, "partner": 68}, {"g": "f", "item": "Wood Pulp", "p": 12.0, "s": 18.0, "year": 2000, "partner": 68}, {"g": "f", "item": "Paper+-Board Ex Newsprnt", "p": 398.0, "s": 746.0, "year": 2001, "partner": 68}, {"g": "f", "item": "Wood Pulp", "p": 38.0, "s": 53.0, "year": 2001, "partner": 68}, {"g": "f", "item": "Paper+-Board Ex Newsprnt", "p": 224.0, "s": 470.0, "year": 2002, "partner": 68}, {"g": "f", "item": "Paper+-Board Ex Newsprnt", "p": 333.0, "s": 799.0, "year": 2003, "partner": 68}, {"g": "f", "item": "Newsprint", "p": 19.0, "s": 22.0, "year": 2003, "partner": 68}, {"g": "f", "item": "Particle Board", "p": 9.0, "s": 29.0, "year": 2003, "partner": 68}, {"g": "f", "item": "Paper+-Board Ex Newsprnt", "p": 275.0, "s": 783.0, "year": 2004, "partner": 68}, {"g": "f", "item": "Newsprint", "p": 19.0, "s": 23.0, "year": 2004, "partner": 68}, {"g": "f", "item": "Paper+-Board Ex Newsprnt", "p": 334.0, "s": 938.0, "year": 2005, "partner": 68}, {"g": "f", "item": "Newsprint", "p": 19.0, "s": 24.0, "year": 2005, "partner": 68}, {"g": "f", "item": "Paper+-Board Ex Newsprnt", "p": 391.0, "s": 1198.0, "year": 2006, "partner": 68}, {"g": "f", "item": "Newsprint", "p": 37.0, "s": 56.0, "year": 2006, "partner": 68}, {"g": "f", "item": "Plywood", "p": 175.0, "s": 109.0, "year": 2006, "partner": 68}, {"g": "f", "item": "Paper+-Board Ex Newsprnt", "p": 224.0, "s": 543.0, "year": 2007, "partner": 68}, {"g": "f", "item": "Paper+-Board Ex Newsprnt", "p": 115.0, "s": 367.0, "year": 2008, "partner": 68}, {"g": "f", "item": "Particle Board", "p": 12.0, "s": 6.0, "year": 2008, "partner": 68}, {"g": "f", "item": "Paper+-Board Ex Newsprnt", "p": 79.0, "s": 200.0, "year": 2009, "partner": 68}, {"g": "f", "item": "Paper+-Board Ex Newsprnt", "p": 107.0, "s": 253.0, "year": 2010, "partner": 68}, {"g": "f", "item": "Paper+-Board Ex Newsprnt", "p": 144.0, "s": 378.0, "year": 2011, "partner": 68}, {"g": "f", "item": "Plywood", "p": 8.0, "s": 8.0, "year": 2011, "partner": 68}, {"g": "f", "item": "Paper+-Board Ex Newsprnt", "p": 156.0, "s": 362.0, "year": 2012, "partner": 68}, {"g": "f", "item": "Paper+-Board Ex Newsprnt", "p": 125.0, "s": 303.0, "year": 2013, "partner": 68}, {"g": "f", "item": "Plywood", "p": 13.0, "s": 43.0, "year": 2013, "partner": 68}, {"g": "f", "item": "Paper+-Board Ex Newsprnt", "p": 78.0, "s": 253.0, "year": 2014, "partner": 68}, {"g": "f", "item": "Ind Rwd Wir (NC) Other", "p": 5.0, "s": 30.0, "year": 2014, "partner": 68}, {"g": "f", "item": "Plywood", "p": 99.0, "s": 120.0, "year": 2014, "partner": 68}, {"g": "f", "item": "Paper+-Board Ex Newsprnt", "p": 59.0, "s": 46.0, "year": 2009, "partner": 202}, {"g": "f", "item": "Paper+-Board Ex Newsprnt", "p": 80.0, "s": 84.0, "year": 2010, "partner": 202}, {"g": "f", "item": "Paper+-Board Ex Newsprnt", "p": 32.0, "s": 27.0, "year": 2003, "partner": 202}, {"g": "f", "item": "Particle Board", "p": 68.0, "s": 2.0, "year": 2005, "partner": 202}, {"g": "f", "item": "Plywood", "p": 12.0, "s": 9.0, "year": 2005, "partner": 202}, {"g": "f", "item": "Paper+-Board Ex Newsprnt", "p": 18.0, "s": 15.0, "year": 1999, "partner": 203}, {"g": "f", "item": "Paper+-Board Ex Newsprnt", "p": 44.0, "s": 34.0, "year": 2000, "partner": 203}, {"g": "f", "item": "Paper+-Board Ex Newsprnt", "p": 8.0, "s": 9.0, "year": 2003, "partner": 203}, {"g": "f", "item": "Paper+-Board Ex Newsprnt", "p": 13.0, "s": 13.0, "year": 2004, "partner": 203}, {"g": "f", "item": "Paper+-Board Ex Newsprnt", "p": 1.0, "s": 4.0, "year": 2005, "partner": 203}, {"g": "f", "item": "Paper+-Board Ex Newsprnt", "p": 198.0, "s": 121.0, "year": 2009, "partner": 203}, {"g": "f", "item": "Paper+-Board Ex Newsprnt", "p": 17.0, "s": 32.0, "year": 2010, "partner": 203}, {"g": "f", "item": "Newsprint", "p": 1.0, "s": 3.0, "year": 2010, "partner": 203}, {"g": "f", "item": "Paper+-Board Ex Newsprnt", "p": 7.0, "s": 17.0, "year": 2011, "partner": 203}, {"g": "f", "item": "Newsprint", "p": 2.0, "s": 8.0, "year": 2011, "partner": 203}, {"g": "f", "item": "Paper+-Board Ex Newsprnt", "p": 14.0, "s": 24.0, "year": 2012, "partner": 203}, {"g": "f", "item": "Paper+-Board Ex Newsprnt", "p": 45.0, "s": 43.0, "year": 2013, "partner": 203}, {"g": "f", "item": "Paper+-Board Ex Newsprnt", "p": 31.0, "s": 51.0, "year": 2014, "partner": 203}, {"g": "f", "item": "Paper+-Board Ex Newsprnt", "p": 13.0, "s": 23.0, "year": 1998, "partner": 79}, {"g": "f", "item": "Paper+-Board Ex Newsprnt", "p": 10.0, "s": 47.0, "year": 2000, "partner": 79}, {"g": "f", "item": "Paper+-Board Ex Newsprnt", "p": 26.0, "s": 66.0, "year": 2003, "partner": 79}, {"g": "f", "item": "Paper+-Board Ex Newsprnt", "p": 43.0, "s": 67.0, "year": 2004, "partner": 79}, {"g": "f", "item": "Fibreboard", "p": 190.0, "s": 126.0, "year": 2004, "partner": 79}, {"g": "f", "item": "Paper+-Board Ex Newsprnt", "p": 36.0, "s": 42.0, "year": 2005, "partner": 79}, {"g": "f", "item": "Sawnwood (NC)", "p": 129.0, "s": 26.0, "year": 2005, "partner": 79}, {"g": "f", "item": "Wood Pulp", "p": 86.0, "s": 107.0, "year": 2005, "partner": 79}, {"g": "f", "item": "Ind Rwd Wir (NC) Tropica", "p": 61.0, "s": 33.0, "year": 2006, "partner": 79}, {"g": "f", "item": "Wood Pulp", "p": 41.0, "s": 56.0, "year": 2006, "partner": 79}, {"g": "f", "item": "Ind Rwd Wir (NC) Other", "p": 606.0, "s": 100.0, "year": 2006, "partner": 79}, {"g": "f", "item": "Sawnwood (NC)", "p": 457.0, "s": 100.0, "year": 2006, "partner": 79}, {"g": "f", "item": "Paper+-Board Ex Newsprnt", "p": 216.0, "s": 258.0, "year": 2006, "partner": 79}, {"g": "f", "item": "Paper+-Board Ex Newsprnt", "p": 124.0, "s": 194.0, "year": 2007, "partner": 79}, {"g": "f", "item": "Newsprint", "p": 6.0, "s": 10.0, "year": 2007, "partner": 79}, {"g": "f", "item": "Wood Pulp", "p": 10.0, "s": 14.0, "year": 2007, "partner": 79}, {"g": "f", "item": "Wood Pulp", "p": 10.0, "s": 15.0, "year": 2008, "partner": 79}, {"g": "f", "item": "Fibreboard", "p": 16.0, "s": 22.0, "year": 2008, "partner": 79}, {"g": "f", "item": "Ind Rwd Wir (NC) Other", "p": 193.0, "s": 34.0, "year": 2008, "partner": 79}, {"g": "f", "item": "Sawnwood (NC)", "p": 74.0, "s": 59.0, "year": 2008, "partner": 79}, {"g": "f", "item": "Ind Rwd Wir (C)", "p": 967.0, "s": 59.0, "year": 2008, "partner": 79}, {"g": "f", "item": "Paper+-Board Ex Newsprnt", "p": 20.0, "s": 82.0, "year": 2008, "partner": 79}, {"g": "f", "item": "Paper+-Board Ex Newsprnt", "p": 13.0, "s": 49.0, "year": 2009, "partner": 79}, {"g": "f", "item": "Ind Rwd Wir (NC) Other", "p": 115.0, "s": 23.0, "year": 2009, "partner": 79}, {"g": "f", "item": "Ind Rwd Wir (C)", "p": 393.0, "s": 24.0, "year": 2009, "partner": 79}, {"g": "f", "item": "Wood Pulp", "p": 15.0, "s": 39.0, "year": 2009, "partner": 79}, {"g": "f", "item": "Paper+-Board Ex Newsprnt", "p": 2.0, "s": 15.0, "year": 2010, "partner": 79}, {"g": "f", "item": "Paper+-Board Ex Newsprnt", "p": 2.0, "s": 14.0, "year": 2011, "partner": 79}, {"g": "f", "item": "Paper+-Board Ex Newsprnt", "p": 17.0, "s": 34.0, "year": 2013, "partner": 79}, {"g": "f", "item": "Paper+-Board Ex Newsprnt", "p": 14.0, "s": 31.0, "year": 2014, "partner": 79}, {"g": "f", "item": "Paper+-Board Ex Newsprnt", "p": 30.0, "s": 22.0, "year": 2001, "partner": 210}, {"g": "f", "item": "Paper+-Board Ex Newsprnt", "p": 56.0, "s": 46.0, "year": 2002, "partner": 210}, {"g": "f", "item": "Paper+-Board Ex Newsprnt", "p": 20.0, "s": 22.0, "year": 2004, "partner": 210}, {"g": "f", "item": "Paper+-Board Ex Newsprnt", "p": 18.0, "s": 15.0, "year": 2006, "partner": 210}, {"g": "f", "item": "Paper+-Board Ex Newsprnt", "p": 36.0, "s": 35.0, "year": 2007, "partner": 210}, {"g": "f", "item": "Paper+-Board Ex Newsprnt", "p": 25.0, "s": 22.0, "year": 2014, "partner": 210}, {"g": "f", "item": "Paper+-Board Ex Newsprnt", "p": 1.0, "s": 7.0, "year": 2004, "partner": 211}, {"g": "f", "item": "Ind Rwd Wir (NC) Other", "p": 26.0, "s": 2.0, "year": 2004, "partner": 211}, {"g": "f", "item": "Paper+-Board Ex Newsprnt", "p": 18.0, "s": 18.0, "year": 2011, "partner": 216}, {"g": "f", "item": "Paper+-Board Ex Newsprnt", "p": 57.0, "s": 54.0, "year": 2013, "partner": 216}, {"g": "f", "item": "Paper+-Board Ex Newsprnt", "p": 113.0, "s": 105.0, "year": 2014, "partner": 216}, {"g": "f", "item": "Paper+-Board Ex Newsprnt", "p": 55.0, "s": 43.0, "year": 2007, "partner": 143}, {"g": "f", "item": "Paper+-Board Ex Newsprnt", "p": 2.0, "s": 6.0, "year": 2007, "partner": 222}, {"g": "f", "item": "Paper+-Board Ex Newsprnt", "p": 1.0, "s": 1.0, "year": 2006, "partner": 351}, {"g": "f", "item": "Paper+-Board Ex Newsprnt", "p": 3.0, "s": 28.0, "year": 2009, "partner": 351}, {"g": "f", "item": "Particle Board", "p": 2.0, "s": 2.0, "year": 2009, "partner": 351}, {"g": "f", "item": "Plywood", "p": 44.0, "s": 47.0, "year": 2009, "partner": 351}, {"g": "f", "item": "Sawnwood (NC)", "p": 116.0, "s": 81.0, "year": 2010, "partner": 351}, {"g": "f", "item": "Plywood", "p": 37.0, "s": 57.0, "year": 2011, "partner": 351}, {"g": "f", "item": "Fibreboard", "p": 7.0, "s": 21.0, "year": 2011, "partner": 351}, {"g": "f", "item": "Sawnwood (NC)", "p": 1.0, "s": 1.0, "year": 2012, "partner": 351}, {"g": "f", "item": "Fibreboard", "p": 18.0, "s": 14.0, "year": 2012, "partner": 351}, {"g": "f", "item": "Fibreboard", "p": 46.0, "s": 32.0, "year": 2013, "partner": 351}, {"g": "f", "item": "Veneer Sheets", "p": 42.0, "s": 69.0, "year": 2013, "partner": 351}, {"g": "f", "item": "Sawnwood (C)", "p": 45.0, "s": 26.0, "year": 2013, "partner": 351}, {"g": "f", "item": "Sawnwood (NC)", "p": 3.0, "s": 3.0, "year": 2013, "partner": 351}, {"g": "f", "item": "Plywood", "p": 47.0, "s": 67.0, "year": 2013, "partner": 351}, {"g": "f", "item": "Paper+-Board Ex Newsprnt", "p": 3.0, "s": 18.0, "year": 2013, "partner": 351}, {"g": "f", "item": "Paper+-Board Ex Newsprnt", "p": 1.0, "s": 1.0, "year": 2014, "partner": 351}, {"g": "f", "item": "Plywood", "p": 103.0, "s": 76.0, "year": 2014, "partner": 351}, {"g": "f", "item": "Fibreboard", "p": 25.0, "s": 28.0, "year": 2014, "partner": 351}, {"g": "f", "item": "Paper+-Board Ex Newsprnt", "p": 11.0, "s": 23.0, "year": 2008, "partner": 225}, {"g": "f", "item": "Paper+-Board Ex Newsprnt", "p": 12.0, "s": 20.0, "year": 2000, "partner": 229}, {"g": "f", "item": "Paper+-Board Ex Newsprnt", "p": 1.0, "s": 3.0, "year": 2001, "partner": 229}, {"g": "f", "item": "Particle Board", "p": 3.0, "s": 2.0, "year": 1997, "partner": 229}, {"g": "f", "item": "Paper+-Board Ex Newsprnt", "p": 5.0, "s": 14.0, "year": 1998, "partner": 229}, {"g": "f", "item": "Paper+-Board Ex Newsprnt", "p": 19.0, "s": 38.0, "year": 1999, "partner": 229}, {"g": "f", "item": "Paper+-Board Ex Newsprnt", "p": 68.0, "s": 42.0, "year": 2013, "partner": 100}, {"g": "f", "item": "Plywood", "p": 75.0, "s": 115.0, "year": 2013, "partner": 100}, {"g": "f", "item": "Paper+-Board Ex Newsprnt", "p": 2.0, "s": 9.0, "year": 2007, "partner": 100}, {"g": "f", "item": "Paper+-Board Ex Newsprnt", "p": 38.0, "s": 32.0, "year": 2000, "partner": 101}, {"g": "f", "item": "Paper+-Board Ex Newsprnt", "p": 18.0, "s": 6.0, "year": 2000, "partner": 231}, {"g": "f", "item": "Paper+-Board Ex Newsprnt", "p": 2.0, "s": 9.0, "year": 2002, "partner": 231}, {"g": "f", "item": "Sawnwood (NC)", "p": 71.0, "s": 13.0, "year": 2002, "partner": 231}, {"g": "f", "item": "Plywood", "p": 265.0, "s": 93.0, "year": 2002, "partner": 231}, {"g": "f", "item": "Plywood", "p": 90.0, "s": 29.0, "year": 2006, "partner": 231}, {"g": "f", "item": "Plywood", "p": 26.0, "s": 24.0, "year": 2013, "partner": 231}, {"g": "f", "item": "Paper+-Board Ex Newsprnt", "p": 5.0, "s": 5.0, "year": 2014, "partner": 231}, {"g": "f", "item": "Plywood", "p": 31.0, "s": 32.0, "year": 2014, "partner": 231}, {"g": "f", "item": "Paper+-Board Ex Newsprnt", "p": 1.0, "s": 1.0, "year": 1997, "partner": 106}, {"g": "f", "item": "Paper+-Board Ex Newsprnt", "p": 46.0, "s": 45.0, "year": 2007, "partner": 106}, {"g": "f", "item": "Paper+-Board Ex Newsprnt", "p": 64.0, "s": 69.0, "year": 2008, "partner": 106}, {"g": "f", "item": "Paper+-Board Ex Newsprnt", "p": 14.0, "s": 14.0, "year": 2010, "partner": 106}, {"g": "f", "item": "Paper+-Board Ex Newsprnt", "p": 21.0, "s": 30.0, "year": 2012, "partner": 106}, {"g": "f", "item": "Particle Board", "p": 4.0, "s": 13.0, "year": 2013, "partner": 106}, {"g": "f", "item": "Sawnwood (C)", "p": 21.0, "s": 11.0, "year": 2014, "partner": 106}, {"g": "f", "item": "Ind Rwd Wir (NC) Other", "p": 20.0, "s": 15.0, "year": 2014, "partner": 106}, {"g": "f", "item": "Fibreboard", "p": 28.0, "s": 120.0, "year": 2014, "partner": 106}, {"g": "f", "item": "Paper+-Board Ex Newsprnt", "p": 412.0, "s": 629.0, "year": 2009, "partner": 107}, {"g": "f", "item": "Paper+-Board Ex Newsprnt", "p": 41.0, "s": 59.0, "year": 2010, "partner": 107}, {"g": "f", "item": "Paper+-Board Ex Newsprnt", "p": 42.0, "s": 24.0, "year": 2011, "partner": 107}, {"g": "f", "item": "Paper+-Board Ex Newsprnt", "p": 2.0, "s": 2.0, "year": 2006, "partner": 107}, {"g": "f", "item": "Veneer Sheets", "p": 12.0, "s": 11.0, "year": 2004, "partner": 174}, {"g": "f", "item": "Paper+-Board Ex Newsprnt", "p": 1.0, "s": 21.0, "year": 2003, "partner": 117}, {"g": "f", "item": "Paper+-Board Ex Newsprnt", "p": 2.0, "s": 2.0, "year": 2001, "partner": 121}, {"g": "f", "item": "Paper+-Board Ex Newsprnt", "p": 2.0, "s": 7.0, "year": 2012, "partner": 121}, {"g": "f", "item": "Paper+-Board Ex Newsprnt", "p": 5.0, "s": 21.0, "year": 2013, "partner": 121}, {"g": "f", "item": "Paper+-Board Ex Newsprnt", "p": 7.0, "s": 30.0, "year": 2014, "partner": 121}, {"g": "f", "item": "Paper+-Board Ex Newsprnt", "p": 24.0, "s": 21.0, "year": 2000, "partner": 252}, {"g": "f", "item": "Paper+-Board Ex Newsprnt", "p": 22.0, "s": 28.0, "year": 2001, "partner": 252}, {"g": "f", "item": "Paper+-Board Ex Newsprnt", "p": 0.0, "s": 0.0, "year": 1997, "partner": 254}, {"g": "f", "item": "Particle Board", "p": 0.0, "s": 0.0, "year": 1997, "partner": 254}, {"g": "f", "item": "Plywood", "p": 0.0, "s": 0.0, "year": 1997, "partner": 254}, {"g": "f", "item": "Fibreboard", "p": -1.0, "s": 0.0, "year": 1997, "partner": 254}, {"g": "f", "item": "Paper+-Board Ex Newsprnt", "p": 317.0, "s": 266.0, "year": 1998, "partner": 254}, {"g": "f", "item": "Fibreboard", "p": 139.0, "s": 14.0, "year": 1998, "partner": 254}, {"g": "f", "item": "Paper+-Board Ex Newsprnt", "p": -121.0, "s": -409.0, "year": 1999, "partner": 254}, {"g": "f", "item": "Paper+-Board Ex Newsprnt", "p": -58.0, "s": -235.0, "year": 2000, "partner": 254}, {"g": "f", "item": "Plywood", "p": -49.0, "s": -47.0, "year": 2000, "partner": 254}, {"g": "f", "item": "Wood Pulp", "p": 0.0, "s": 0.0, "year": 2000, "partner": 254}, {"g": "f", "item": "Paper+-Board Ex Newsprnt", "p": 210.0, "s": -177.0, "year": 2001, "partner": 254}, {"g": "f", "item": "Wood Pulp", "p": 0.0, "s": 0.0, "year": 2001, "partner": 254}, {"g": "f", "item": "Paper+-Board Ex Newsprnt", "p": 318.0, "s": 298.0, "year": 2002, "partner": 254}, {"g": "f", "item": "Sawnwood (NC)", "p": 0.0, "s": 0.0, "year": 2002, "partner": 254}, {"g": "f", "item": "Plywood", "p": 0.0, "s": 0.0, "year": 2002, "partner": 254}, {"g": "f", "item": "Paper+-Board Ex Newsprnt", "p": 200.0, "s": 115.0, "year": 2003, "partner": 254}, {"g": "f", "item": "Newsprint", "p": 0.0, "s": 0.0, "year": 2003, "partner": 254}, {"g": "f", "item": "Particle Board", "p": 0.0, "s": 0.0, "year": 2003, "partner": 254}, {"g": "f", "item": "Fibreboard", "p": 230.0, "s": 15.0, "year": 2004, "partner": 254}, {"g": "f", "item": "Veneer Sheets", "p": 2.0, "s": 0.0, "year": 2004, "partner": 254}, {"g": "f", "item": "Ind Rwd Wir (NC) Other", "p": 4.0, "s": 0.0, "year": 2004, "partner": 254}, {"g": "f", "item": "Newsprint", "p": 27.0, "s": 0.0, "year": 2004, "partner": 254}, {"g": "f", "item": "Plywood", "p": 32.0, "s": 0.0, "year": 2004, "partner": 254}, {"g": "f", "item": "Paper+-Board Ex Newsprnt", "p": 1153.0, "s": 109.0, "year": 2004, "partner": 254}, {"g": "f", "item": "Ind Rwd Wir (NC) Other", "p": -154.0, "s": -70.0, "year": 2005, "partner": 254}, {"g": "f", "item": "Particle Board", "p": -59.0, "s": 27.0, "year": 2005, "partner": 254}, {"g": "f", "item": "Newsprint", "p": 27.0, "s": -1.0, "year": 2005, "partner": 254}, {"g": "f", "item": "Plywood", "p": -428.0, "s": -133.0, "year": 2005, "partner": 254}, {"g": "f", "item": "Sawnwood (NC)", "p": -59.0, "s": -14.0, "year": 2005, "partner": 254}, {"g": "f", "item": "Paper+-Board Ex Newsprnt", "p": 1279.0, "s": 221.0, "year": 2005, "partner": 254}, {"g": "f", "item": "Ind Rwd Wir (NC) Other", "p": -589.0, "s": -103.0, "year": 2006, "partner": 254}, {"g": "f", "item": "Newsprint", "p": 9.0, "s": -33.0, "year": 2006, "partner": 254}, {"g": "f", "item": "Sawnwood (NC)", "p": -386.0, "s": -87.0, "year": 2006, "partner": 254}, {"g": "f", "item": "Plywood", "p": -426.0, "s": -200.0, "year": 2006, "partner": 254}, {"g": "f", "item": "Paper+-Board Ex Newsprnt", "p": 513.0, "s": -801.0, "year": 2006, "partner": 254}, {"g": "f", "item": "Paper+-Board Ex Newsprnt", "p": 55.0, "s": 96.0, "year": 2007, "partner": 254}, {"g": "f", "item": "Wood Pulp", "p": 0.0, "s": 0.0, "year": 2008, "partner": 254}, {"g": "f", "item": "Fibreboard", "p": 420.0, "s": 141.0, "year": 2008, "partner": 254}, {"g": "f", "item": "Ind Rwd Wir (NC) Other", "p": 0.0, "s": 0.0, "year": 2008, "partner": 254}, {"g": "f", "item": "Particle Board", "p": 0.0, "s": 0.0, "year": 2008, "partner": 254}, {"g": "f", "item": "Sawnwood (C)", "p": 0.0, "s": 0.0, "year": 2008, "partner": 254}, {"g": "f", "item": "Sawnwood (NC)", "p": 0.0, "s": 0.0, "year": 2008, "partner": 254}, {"g": "f", "item": "Ind Rwd Wir (C)", "p": 0.0, "s": 0.0, "year": 2008, "partner": 254}, {"g": "f", "item": "Paper+-Board Ex Newsprnt", "p": 54.0, "s": 94.0, "year": 2008, "partner": 254}, {"g": "f", "item": "Wood Pulp", "p": 0.0, "s": 0.0, "year": 2009, "partner": 254}, {"g": "f", "item": "Ind Rwd Wir (NC) Other", "p": 0.0, "s": 0.0, "year": 2009, "partner": 254}, {"g": "f", "item": "Particle Board", "p": 0.0, "s": 0.0, "year": 2009, "partner": 254}, {"g": "f", "item": "Ind Rwd Wir (C)", "p": 0.0, "s": 0.0, "year": 2009, "partner": 254}, {"g": "f", "item": "Paper+-Board Ex Newsprnt", "p": 43.0, "s": 86.0, "year": 2009, "partner": 254}, {"g": "f", "item": "Plywood", "p": 0.0, "s": 0.0, "year": 2009, "partner": 254}, {"g": "f", "item": "Veneer Sheets", "p": 1.0, "s": 1.0, "year": 2010, "partner": 254}, {"g": "f", "item": "Newsprint", "p": 0.0, "s": 0.0, "year": 2010, "partner": 254}, {"g": "f", "item": "Sawnwood (C)", "p": 0.0, "s": 0.0, "year": 2010, "partner": 254}, {"g": "f", "item": "Sawnwood (NC)", "p": 0.0, "s": 0.0, "year": 2010, "partner": 254}, {"g": "f", "item": "Plywood", "p": 0.0, "s": 0.0, "year": 2010, "partner": 254}, {"g": "f", "item": "Paper+-Board Ex Newsprnt", "p": 207.0, "s": 202.0, "year": 2010, "partner": 254}, {"g": "f", "item": "Ind Rwd Wir (NC) Tropica", "p": 0.0, "s": 0.0, "year": 2011, "partner": 254}, {"g": "f", "item": "Fibreboard", "p": 272.0, "s": 126.0, "year": 2011, "partner": 254}, {"g": "f", "item": "Veneer Sheets", "p": -1617.0, "s": -3232.0, "year": 2011, "partner": 254}, {"g": "f", "item": "Sawnwood (C)", "p": 0.0, "s": 0.0, "year": 2011, "partner": 254}, {"g": "f", "item": "Newsprint", "p": -1.0, "s": -5.0, "year": 2011, "partner": 254}, {"g": "f", "item": "Plywood", "p": -364.0, "s": -195.0, "year": 2011, "partner": 254}, {"g": "f", "item": "Sawnwood (NC)", "p": -3651.0, "s": -640.0, "year": 2011, "partner": 254}, {"g": "f", "item": "Paper+-Board Ex Newsprnt", "p": 25.0, "s": 54.0, "year": 2011, "partner": 254}, {"g": "f", "item": "Chips and Particles", "p": 0.0, "s": 0.0, "year": 2012, "partner": 254}, {"g": "f", "item": "Fibreboard", "p": 1.0, "s": 2.0, "year": 2012, "partner": 254}, {"g": "f", "item": "Veneer Sheets", "p": 0.0, "s": 0.0, "year": 2012, "partner": 254}, {"g": "f", "item": "Ind Rwd Wir (NC) Other", "p": 0.0, "s": 14.0, "year": 2012, "partner": 254}, {"g": "f", "item": "Sawnwood (NC)", "p": 0.0, "s": 0.0, "year": 2012, "partner": 254}, {"g": "f", "item": "Plywood", "p": 0.0, "s": 5.0, "year": 2012, "partner": 254}, {"g": "f", "item": "Paper+-Board Ex Newsprnt", "p": 33.0, "s": 182.0, "year": 2012, "partner": 254}, {"g": "f", "item": "Fibreboard", "p": 18.0, "s": 14.0, "year": 2013, "partner": 254}, {"g": "f", "item": "Veneer Sheets", "p": 0.0, "s": 0.0, "year": 2013, "partner": 254}, {"g": "f", "item": "Particle Board", "p": 0.0, "s": 0.0, "year": 2013, "partner": 254}, {"g": "f", "item": "Sawnwood (C)", "p": 0.0, "s": 0.0, "year": 2013, "partner": 254}, {"g": "f", "item": "Sawnwood (NC)", "p": 0.0, "s": 0.0, "year": 2013, "partner": 254}, {"g": "f", "item": "Plywood", "p": 1.0, "s": 2.0, "year": 2013, "partner": 254}, {"g": "f", "item": "Paper+-Board Ex Newsprnt", "p": 24.0, "s": 78.0, "year": 2013, "partner": 254}, {"g": "f", "item": "Chips and Particles", "p": 0.0, "s": 0.0, "year": 2014, "partner": 254}, {"g": "f", "item": "Fibreboard", "p": 17.0, "s": 24.0, "year": 2014, "partner": 254}, {"g": "f", "item": "Veneer Sheets", "p": 0.0, "s": 0.0, "year": 2014, "partner": 254}, {"g": "f", "item": "Ind Rwd Wir (NC) Other", "p": 0.0, "s": 0.0, "year": 2014, "partner": 254}, {"g": "f", "item": "Sawnwood (C)", "p": 0.0, "s": 0.0, "year": 2014, "partner": 254}, {"g": "f", "item": "Sawnwood (NC)", "p": 0.0, "s": 0.0, "year": 2014, "partner": 254}, {"g": "f", "item": "Plywood", "p": 0.0, "s": 0.0, "year": 2014, "partner": 254}, {"g": "f", "item": "Paper+-Board Ex Newsprnt", "p": 4.0, "s": 25.0, "year": 2014, "partner": 254}, {"g": "f", "item": "Paper+-Board Ex Newsprnt", "p": 22.0, "s": 28.0, "year": 2001, "partner": 255}, {"g": "f", "item": "Paper+-Board Ex Newsprnt", "p": 17.0, "s": 14.0, "year": 2002, "partner": 255}, {"g": "f", "item": "Paper+-Board Ex Newsprnt", "p": 17.0, "s": 43.0, "year": 2003, "partner": 255}, {"g": "f", "item": "Paper+-Board Ex Newsprnt", "p": 29.0, "s": 78.0, "year": 2004, "partner": 255}, {"g": "f", "item": "Paper+-Board Ex Newsprnt", "p": 16.0, "s": 31.0, "year": 2007, "partner": 255}, {"g": "f", "item": "Sawnwood (C)", "p": 73.0, "s": 201.0, "year": 2010, "partner": 255}, {"g": "f", "item": "Paper+-Board Ex Newsprnt", "p": 2.0, "s": 2.0, "year": 2010, "partner": 255}, {"g": "f", "item": "Sawnwood (C)", "p": 17.0, "s": 79.0, "year": 2011, "partner": 255}, {"g": "f", "item": "Paper+-Board Ex Newsprnt", "p": 2.0, "s": 23.0, "year": 2011, "partner": 255}, {"g": "f", "item": "Paper+-Board Ex Newsprnt", "p": 32.0, "s": 28.0, "year": 2013, "partner": 255}, {"g": "f", "item": "Sawnwood (NC)", "p": 1.0, "s": 1.0, "year": 2013, "partner": 255}, {"g": "f", "item": "Paper+-Board Ex Newsprnt", "p": 17.0, "s": 29.0, "year": 2014, "partner": 255}]