[{"g": "m", "item": "Sawnwood (NC)", "p": 29.0, "s": 5.0, "year": 2006, "partner": 136}, {"g": "m", "item": "Veneer Sheets", "p": 4.0, "s": 6.0, "year": 1999, "partner": 138}, {"g": "m", "item": "Sawnwood (NC)", "p": 50.0, "s": 24.0, "year": 2014, "partner": 143}, {"g": "m", "item": "Ind Rwd Wir (NC) Tropica", "p": 797.0, "s": 80.0, "year": 1997, "partner": 5009}, {"g": "m", "item": "Sawnwood (NC)", "p": 1667.0, "s": 500.0, "year": 1997, "partner": 5009}, {"g": "m", "item": "Ind Rwd Wir (NC) Tropica", "p": 7833.0, "s": 1175.0, "year": 1998, "partner": 5009}, {"g": "m", "item": "Sawnwood (NC)", "p": 523.0, "s": 163.0, "year": 1998, "partner": 5009}, {"g": "m", "item": "Ind Rwd Wir (NC) Other", "p": 3055.0, "s": 669.0, "year": 1998, "partner": 5009}, {"g": "m", "item": "Ind Rwd Wir (NC) Tropica", "p": 1356.0, "s": 240.0, "year": 1999, "partner": 5009}, {"g": "m", "item": "Veneer Sheets", "p": 4.0, "s": 6.0, "year": 1999, "partner": 5009}, {"g": "m", "item": "Sawnwood (NC)", "p": 2204.0, "s": 87.0, "year": 1999, "partner": 5009}, {"g": "m", "item": "Ind Rwd Wir (NC) Other", "p": 1035.0, "s": 196.0, "year": 1999, "partner": 5009}, {"g": "m", "item": "Sawnwood (NC)", "p": 392.0, "s": 104.0, "year": 2000, "partner": 5009}, {"g": "m", "item": "Ind Rwd Wir (NC) Other", "p": 4690.0, "s": 582.0, "year": 2000, "partner": 5009}, {"g": "m", "item": "Ind Rwd Wir (NC) Tropica", "p": 1356.0, "s": 240.0, "year": 2001, "partner": 5009}, {"g": "m", "item": "Sawnwood (NC)", "p": 392.0, "s": 104.0, "year": 2001, "partner": 5009}, {"g": "m", "item": "Ind Rwd Wir (NC) Tropica", "p": 1356.0, "s": 240.0, "year": 2002, "partner": 5009}, {"g": "m", "item": "Sawnwood (NC)", "p": 44.0, "s": 22.0, "year": 2002, "partner": 5009}, {"g": "m", "item": "Ind Rwd Wir (NC) Other", "p": 4690.0, "s": 582.0, "year": 2002, "partner": 5009}, {"g": "m", "item": "Ind Rwd Wir (NC) Tropica", "p": 19811.0, "s": 28.0, "year": 2003, "partner": 5009}, {"g": "m", "item": "Ind Rwd Wir (NC) Tropica", "p": 4206.0, "s": 614.0, "year": 2004, "partner": 5009}, {"g": "m", "item": "Sawnwood (NC)", "p": 168.0, "s": 51.0, "year": 2004, "partner": 5009}, {"g": "m", "item": "Ind Rwd Wir (NC) Other", "p": 2254.0, "s": 133.0, "year": 2004, "partner": 5009}, {"g": "m", "item": "Veneer Sheets", "p": 4.0, "s": 6.0, "year": 2005, "partner": 5009}, {"g": "m", "item": "Sawnwood (NC)", "p": 168.0, "s": 51.0, "year": 2005, "partner": 5009}, {"g": "m", "item": "Sawnwood (C)", "p": 0.0, "s": 0.0, "year": 2006, "partner": 5009}, {"g": "m", "item": "Sawnwood (NC)", "p": 168.0, "s": 51.0, "year": 2006, "partner": 5009}, {"g": "m", "item": "Sawnwood (NC)", "p": 290.0, "s": 192.0, "year": 2007, "partner": 5009}, {"g": "m", "item": "Ind Rwd Wir (NC) Tropica", "p": 559.0, "s": 282.0, "year": 2008, "partner": 5009}, {"g": "m", "item": "Sawnwood (C)", "p": 62.0, "s": 16.0, "year": 2008, "partner": 5009}, {"g": "m", "item": "Sawnwood (NC)", "p": 120.0, "s": 88.0, "year": 2008, "partner": 5009}, {"g": "m", "item": "Ind Rwd Wir (NC) Other", "p": 603.0, "s": 1469.0, "year": 2008, "partner": 5009}, {"g": "m", "item": "Ind Rwd Wir (NC) Tropica", "p": 329.0, "s": 167.0, "year": 2009, "partner": 5009}, {"g": "m", "item": "Sawnwood (C)", "p": 32.0, "s": 15.0, "year": 2009, "partner": 5009}, {"g": "m", "item": "Paper+-Board Ex Newsprnt", "p": 14.0, "s": 15.0, "year": 2009, "partner": 5009}, {"g": "m", "item": "Sawnwood (NC)", "p": 129.0, "s": 114.0, "year": 2009, "partner": 5009}, {"g": "m", "item": "Ind Rwd Wir (NC) Tropica", "p": 121.0, "s": 49.0, "year": 2010, "partner": 5009}, {"g": "m", "item": "Fibreboard", "p": 18.0, "s": 14.0, "year": 2010, "partner": 5009}, {"g": "m", "item": "Ind Rwd Wir (NC) Other", "p": 14382.0, "s": 3852.0, "year": 2010, "partner": 5009}, {"g": "m", "item": "Sawnwood (C)", "p": 248.0, "s": 104.0, "year": 2010, "partner": 5009}, {"g": "m", "item": "Newsprint", "p": 81.0, "s": 56.0, "year": 2010, "partner": 5009}, {"g": "m", "item": "Plywood", "p": 11.0, "s": 11.0, "year": 2010, "partner": 5009}, {"g": "m", "item": "Sawnwood (NC)", "p": 89.0, "s": 55.0, "year": 2010, "partner": 5009}, {"g": "m", "item": "Ind Rwd Wir (NC) Tropica", "p": 644.0, "s": 215.0, "year": 2011, "partner": 5009}, {"g": "m", "item": "Ind Rwd Wir (NC) Other", "p": 13399.0, "s": 4004.0, "year": 2011, "partner": 5009}, {"g": "m", "item": "Particle Board", "p": 14.0, "s": 24.0, "year": 2011, "partner": 5009}, {"g": "m", "item": "Sawnwood (C)", "p": 64.0, "s": 30.0, "year": 2011, "partner": 5009}, {"g": "m", "item": "Sawnwood (NC)", "p": 454.0, "s": 171.0, "year": 2011, "partner": 5009}, {"g": "m", "item": "Plywood", "p": 25.0, "s": 23.0, "year": 2011, "partner": 5009}, {"g": "m", "item": "Paper+-Board Ex Newsprnt", "p": 65.0, "s": 126.0, "year": 2011, "partner": 5009}, {"g": "m", "item": "Ind Rwd Wir (NC) Tropica", "p": 448.0, "s": 163.0, "year": 2012, "partner": 5009}, {"g": "m", "item": "Wood Pulp", "p": 193.0, "s": 133.0, "year": 2012, "partner": 5009}, {"g": "m", "item": "Fibreboard", "p": 220.0, "s": 84.0, "year": 2012, "partner": 5009}, {"g": "m", "item": "Ind Rwd Wir (NC) Other", "p": 16353.0, "s": 5948.0, "year": 2012, "partner": 5009}, {"g": "m", "item": "Sawnwood (C)", "p": 10.0, "s": 7.0, "year": 2012, "partner": 5009}, {"g": "m", "item": "Sawnwood (NC)", "p": 1916.0, "s": 570.0, "year": 2012, "partner": 5009}, {"g": "m", "item": "Paper+-Board Ex Newsprnt", "p": 86.0, "s": 147.0, "year": 2012, "partner": 5009}, {"g": "m", "item": "Ind Rwd Wir (NC) Tropica", "p": 70.0, "s": 32.0, "year": 2013, "partner": 5009}, {"g": "m", "item": "Sawnwood (C)", "p": 18.0, "s": 10.0, "year": 2013, "partner": 5009}, {"g": "m", "item": "Sawnwood (NC)", "p": 309.0, "s": 149.0, "year": 2013, "partner": 5009}, {"g": "m", "item": "Ind Rwd Wir (NC) Other", "p": 22768.0, "s": 10082.0, "year": 2013, "partner": 5009}, {"g": "m", "item": "Ind Rwd Wir (NC) Tropica", "p": 300.0, "s": 118.0, "year": 2014, "partner": 5009}, {"g": "m", "item": "Sawnwood (NC)", "p": 137.0, "s": 65.0, "year": 2014, "partner": 5009}, {"g": "m", "item": "Ind Rwd Wir (NC) Other", "p": 97615.0, "s": 49810.0, "year": 2014, "partner": 5009}, {"g": "m", "item": "Ind Rwd Wir (NC) Tropica", "p": 223.0, "s": 41.0, "year": 2001, "partner": 35}, {"g": "m", "item": "Ind Rwd Wir (NC) Tropica", "p": 436.0, "s": 178.0, "year": 2008, "partner": 35}, {"g": "m", "item": "Sawnwood (C)", "p": 62.0, "s": 16.0, "year": 2008, "partner": 35}, {"g": "m", "item": "Ind Rwd Wir (NC) Tropica", "p": 276.0, "s": 121.0, "year": 2009, "partner": 35}, {"g": "m", "item": "Sawnwood (C)", "p": 32.0, "s": 15.0, "year": 2009, "partner": 35}, {"g": "m", "item": "Ind Rwd Wir (NC) Tropica", "p": 121.0, "s": 49.0, "year": 2010, "partner": 35}, {"g": "m", "item": "Sawnwood (C)", "p": 248.0, "s": 104.0, "year": 2010, "partner": 35}, {"g": "m", "item": "Sawnwood (NC)", "p": 62.0, "s": 30.0, "year": 2010, "partner": 35}, {"g": "m", "item": "Ind Rwd Wir (NC) Tropica", "p": 153.0, "s": 71.0, "year": 2011, "partner": 35}, {"g": "m", "item": "Sawnwood (C)", "p": 64.0, "s": 30.0, "year": 2011, "partner": 35}, {"g": "m", "item": "Sawnwood (NC)", "p": 8.0, "s": 5.0, "year": 2011, "partner": 35}, {"g": "m", "item": "Ind Rwd Wir (NC) Tropica", "p": 228.0, "s": 94.0, "year": 2012, "partner": 35}, {"g": "m", "item": "Sawnwood (C)", "p": 10.0, "s": 7.0, "year": 2012, "partner": 35}, {"g": "m", "item": "Sawnwood (NC)", "p": 162.0, "s": 61.0, "year": 2012, "partner": 35}, {"g": "m", "item": "Sawnwood (C)", "p": 18.0, "s": 10.0, "year": 2013, "partner": 35}, {"g": "m", "item": "Sawnwood (NC)", "p": 80.0, "s": 21.0, "year": 2013, "partner": 35}, {"g": "m", "item": "Sawnwood (NC)", "p": 43.0, "s": 14.0, "year": 2014, "partner": 35}, {"g": "m", "item": "Sawnwood (NC)", "p": 14.0, "s": 5.0, "year": 2005, "partner": 173}, {"g": "m", "item": "Ind Rwd Wir (NC) Tropica", "p": 4699.0, "s": 968.0, "year": 1997, "partner": 174}, {"g": "m", "item": "Sawnwood (NC)", "p": 1667.0, "s": 500.0, "year": 1997, "partner": 174}, {"g": "m", "item": "Sawnwood (NC)", "p": 523.0, "s": 163.0, "year": 1998, "partner": 174}, {"g": "m", "item": "Ind Rwd Wir (NC) Other", "p": 3055.0, "s": 669.0, "year": 1998, "partner": 174}, {"g": "m", "item": "Ind Rwd Wir (NC) Other", "p": 1035.0, "s": 196.0, "year": 1999, "partner": 174}, {"g": "m", "item": "Ind Rwd Wir (NC) Tropica", "p": 1613.0, "s": 302.0, "year": 2002, "partner": 174}, {"g": "m", "item": "Sawnwood (NC)", "p": 9.0, "s": 2.0, "year": 2002, "partner": 174}, {"g": "m", "item": "Ind Rwd Wir (NC) Other", "p": 1028.0, "s": 188.0, "year": 2002, "partner": 174}, {"g": "m", "item": "Ind Rwd Wir (NC) Tropica", "p": 1052.0, "s": 364.0, "year": 2004, "partner": 174}, {"g": "m", "item": "Ind Rwd Wir (NC) Other", "p": 346.0, "s": 133.0, "year": 2004, "partner": 174}, {"g": "m", "item": "Sawnwood (C)", "p": 192.0, "s": 103.0, "year": 2006, "partner": 174}, {"g": "m", "item": "Sawnwood (NC)", "p": 738.0, "s": 322.0, "year": 2006, "partner": 174}, {"g": "m", "item": "Sawnwood (NC)", "p": 290.0, "s": 192.0, "year": 2007, "partner": 174}, {"g": "m", "item": "Sawnwood (NC)", "p": 120.0, "s": 88.0, "year": 2008, "partner": 174}, {"g": "m", "item": "Ind Rwd Wir (NC) Other", "p": 590.0, "s": 340.0, "year": 2008, "partner": 174}, {"g": "m", "item": "Sawnwood (NC)", "p": 39.0, "s": 31.0, "year": 2009, "partner": 174}, {"g": "m", "item": "Sawnwood (NC)", "p": 16.0, "s": 7.0, "year": 2010, "partner": 174}, {"g": "m", "item": "Sawnwood (NC)", "p": 79.0, "s": 43.0, "year": 2013, "partner": 174}, {"g": "m", "item": "Ind Rwd Wir (NC) Tropica", "p": 24.0, "s": 14.0, "year": 2013, "partner": 185}, {"g": "m", "item": "Sawnwood (NC)", "p": 169.0, "s": 81.0, "year": 2002, "partner": 203}, {"g": "m", "item": "Sawnwood (NC)", "p": 59.0, "s": 51.0, "year": 2004, "partner": 203}, {"g": "m", "item": "Sawnwood (NC)", "p": 23.0, "s": 13.0, "year": 2013, "partner": 203}, {"g": "m", "item": "Sawnwood (NC)", "p": 39.0, "s": 14.0, "year": 2006, "partner": 203}, {"g": "m", "item": "Sawnwood (NC)", "p": 54.0, "s": 18.0, "year": 1999, "partner": 203}, {"g": "m", "item": "Sawnwood (NC)", "p": 10.0, "s": 7.0, "year": 2011, "partner": 126}, {"g": "m", "item": "Ind Rwd Wir (NC) Other", "p": 13.0, "s": 3.0, "year": 2008, "partner": 79}, {"g": "m", "item": "Ind Rwd Wir (NC) Tropica", "p": 157.0, "s": 64.0, "year": 2004, "partner": 79}, {"g": "m", "item": "Paper+-Board Ex Newsprnt", "p": 14.0, "s": 15.0, "year": 2009, "partner": 210}, {"g": "m", "item": "Sawnwood (NC)", "p": 33.0, "s": 9.0, "year": 2001, "partner": 211}, {"g": "m", "item": "Sawnwood (NC)", "p": 5.0, "s": 10.0, "year": 2012, "partner": 211}, {"g": "m", "item": "Sawnwood (NC)", "p": 66.0, "s": 56.0, "year": 2009, "partner": 84}, {"g": "m", "item": "Sawnwood (NC)", "p": 128.0, "s": 63.0, "year": 2002, "partner": 84}, {"g": "m", "item": "Veneer Sheets", "p": 33.0, "s": 27.0, "year": 2005, "partner": 84}, {"g": "m", "item": "Sawnwood (NC)", "p": 23.0, "s": 5.0, "year": 1999, "partner": 84}, {"g": "m", "item": "Ind Rwd Wir (NC) Tropica", "p": 19811.0, "s": 28.0, "year": 2003, "partner": 216}, {"g": "m", "item": "Ind Rwd Wir (NC) Tropica", "p": 3483.0, "s": 558.0, "year": 1997, "partner": 216}, {"g": "m", "item": "Ind Rwd Wir (NC) Tropica", "p": 797.0, "s": 80.0, "year": 1997, "partner": 351}, {"g": "m", "item": "Sawnwood (NC)", "p": 226.0, "s": 63.0, "year": 1999, "partner": 351}, {"g": "m", "item": "Sawnwood (NC)", "p": 392.0, "s": 104.0, "year": 2000, "partner": 351}, {"g": "m", "item": "Sawnwood (NC)", "p": 15.0, "s": 8.0, "year": 2002, "partner": 351}, {"g": "m", "item": "Sawnwood (NC)", "p": 30.0, "s": 13.0, "year": 2005, "partner": 351}, {"g": "m", "item": "Ind Rwd Wir (NC) Tropica", "p": 123.0, "s": 103.0, "year": 2008, "partner": 351}, {"g": "m", "item": "Ind Rwd Wir (NC) Tropica", "p": 32.0, "s": 28.0, "year": 2009, "partner": 351}, {"g": "m", "item": "Sawnwood (NC)", "p": 18.0, "s": 24.0, "year": 2009, "partner": 351}, {"g": "m", "item": "Ind Rwd Wir (NC) Other", "p": 14382.0, "s": 3852.0, "year": 2010, "partner": 351}, {"g": "m", "item": "Ind Rwd Wir (NC) Tropica", "p": 374.0, "s": 63.0, "year": 2011, "partner": 351}, {"g": "m", "item": "Sawnwood (NC)", "p": 436.0, "s": 138.0, "year": 2011, "partner": 351}, {"g": "m", "item": "Ind Rwd Wir (NC) Other", "p": 13092.0, "s": 3911.0, "year": 2011, "partner": 351}, {"g": "m", "item": "Ind Rwd Wir (NC) Tropica", "p": 221.0, "s": 69.0, "year": 2012, "partner": 351}, {"g": "m", "item": "Sawnwood (NC)", "p": 1748.0, "s": 471.0, "year": 2012, "partner": 351}, {"g": "m", "item": "Ind Rwd Wir (NC) Other", "p": 16353.0, "s": 5879.0, "year": 2012, "partner": 351}, {"g": "m", "item": "Ind Rwd Wir (NC) Tropica", "p": 46.0, "s": 17.0, "year": 2013, "partner": 351}, {"g": "m", "item": "Sawnwood (NC)", "p": 127.0, "s": 72.0, "year": 2013, "partner": 351}, {"g": "m", "item": "Ind Rwd Wir (NC) Other", "p": 22768.0, "s": 10082.0, "year": 2013, "partner": 351}, {"g": "m", "item": "Ind Rwd Wir (NC) Tropica", "p": 300.0, "s": 118.0, "year": 2014, "partner": 351}, {"g": "m", "item": "Sawnwood (NC)", "p": 44.0, "s": 28.0, "year": 2014, "partner": 351}, {"g": "m", "item": "Ind Rwd Wir (NC) Other", "p": 97615.0, "s": 49810.0, "year": 2014, "partner": 351}, {"g": "m", "item": "Sawnwood (NC)", "p": 10.0, "s": 18.0, "year": 2010, "partner": 98}, {"g": "m", "item": "Ind Rwd Wir (NC) Tropica", "p": 20.0, "s": 17.0, "year": 2009, "partner": 100}, {"g": "m", "item": "Newsprint", "p": 81.0, "s": 56.0, "year": 2010, "partner": 100}, {"g": "m", "item": "Plywood", "p": 11.0, "s": 11.0, "year": 2010, "partner": 100}, {"g": "m", "item": "Fibreboard", "p": 18.0, "s": 14.0, "year": 2010, "partner": 100}, {"g": "m", "item": "Ind Rwd Wir (NC) Tropica", "p": 117.0, "s": 81.0, "year": 2011, "partner": 100}, {"g": "m", "item": "Ind Rwd Wir (NC) Other", "p": 307.0, "s": 94.0, "year": 2011, "partner": 100}, {"g": "m", "item": "Particle Board", "p": 14.0, "s": 24.0, "year": 2011, "partner": 100}, {"g": "m", "item": "Plywood", "p": 25.0, "s": 23.0, "year": 2011, "partner": 100}, {"g": "m", "item": "Paper+-Board Ex Newsprnt", "p": 51.0, "s": 111.0, "year": 2011, "partner": 100}, {"g": "m", "item": "Ind Rwd Wir (NC) Tropica", "p": 296.0, "s": 187.0, "year": 2004, "partner": 100}, {"g": "m", "item": "Paper+-Board Ex Newsprnt", "p": 21.0, "s": 21.0, "year": 2012, "partner": 100}, {"g": "m", "item": "Fibreboard", "p": 220.0, "s": 84.0, "year": 2012, "partner": 100}, {"g": "m", "item": "Wood Pulp", "p": 193.0, "s": 133.0, "year": 2012, "partner": 100}, {"g": "m", "item": "Ind Rwd Wir (NC) Tropica", "p": 7833.0, "s": 1175.0, "year": 1998, "partner": 105}, {"g": "m", "item": "Ind Rwd Wir (NC) Tropica", "p": 1356.0, "s": 240.0, "year": 1999, "partner": 105}, {"g": "m", "item": "Sawnwood (NC)", "p": 29.0, "s": 14.0, "year": 2002, "partner": 106}, {"g": "m", "item": "Ind Rwd Wir (NC) Other", "p": 4690.0, "s": 582.0, "year": 2000, "partner": 117}, {"g": "m", "item": "Sawnwood (NC)", "p": 7.0, "s": 4.0, "year": 2009, "partner": 121}, {"g": "m", "item": "Ind Rwd Wir (NC) Tropica", "p": -8182.0, "s": -1526.0, "year": 1997, "partner": 254}, {"g": "m", "item": "Sawnwood (NC)", "p": 0.0, "s": 0.0, "year": 1997, "partner": 254}, {"g": "m", "item": "Ind Rwd Wir (NC) Tropica", "p": 0.0, "s": 0.0, "year": 1998, "partner": 254}, {"g": "m", "item": "Sawnwood (NC)", "p": 0.0, "s": 0.0, "year": 1998, "partner": 254}, {"g": "m", "item": "Ind Rwd Wir (NC) Other", "p": 0.0, "s": 0.0, "year": 1998, "partner": 254}, {"g": "m", "item": "Ind Rwd Wir (NC) Tropica", "p": 0.0, "s": 0.0, "year": 1999, "partner": 254}, {"g": "m", "item": "Veneer Sheets", "p": 0.0, "s": 0.0, "year": 1999, "partner": 254}, {"g": "m", "item": "Sawnwood (NC)", "p": 1901.0, "s": 0.0, "year": 1999, "partner": 254}, {"g": "m", "item": "Ind Rwd Wir (NC) Other", "p": 0.0, "s": 0.0, "year": 1999, "partner": 254}, {"g": "m", "item": "Sawnwood (NC)", "p": 0.0, "s": 0.0, "year": 2000, "partner": 254}, {"g": "m", "item": "Ind Rwd Wir (NC) Other", "p": 0.0, "s": 0.0, "year": 2000, "partner": 254}, {"g": "m", "item": "Ind Rwd Wir (NC) Tropica", "p": 1133.0, "s": 199.0, "year": 2001, "partner": 254}, {"g": "m", "item": "Sawnwood (NC)", "p": 359.0, "s": 95.0, "year": 2001, "partner": 254}, {"g": "m", "item": "Ind Rwd Wir (NC) Tropica", "p": -257.0, "s": -62.0, "year": 2002, "partner": 254}, {"g": "m", "item": "Sawnwood (NC)", "p": -306.0, "s": -145.0, "year": 2002, "partner": 254}, {"g": "m", "item": "Ind Rwd Wir (NC) Other", "p": 3662.0, "s": 394.0, "year": 2002, "partner": 254}, {"g": "m", "item": "Ind Rwd Wir (NC) Tropica", "p": 0.0, "s": 0.0, "year": 2003, "partner": 254}, {"g": "m", "item": "Ind Rwd Wir (NC) Tropica", "p": 2701.0, "s": 0.0, "year": 2004, "partner": 254}, {"g": "m", "item": "Sawnwood (NC)", "p": 109.0, "s": 0.0, "year": 2004, "partner": 254}, {"g": "m", "item": "Ind Rwd Wir (NC) Other", "p": 1908.0, "s": 0.0, "year": 2004, "partner": 254}, {"g": "m", "item": "Veneer Sheets", "p": -29.0, "s": -21.0, "year": 2005, "partner": 254}, {"g": "m", "item": "Sawnwood (NC)", "p": 124.0, "s": 33.0, "year": 2005, "partner": 254}, {"g": "m", "item": "Sawnwood (NC)", "p": -638.0, "s": -290.0, "year": 2006, "partner": 254}, {"g": "m", "item": "Ind Rwd Wir (NC) Tropica", "p": 0.0, "s": 0.0, "year": 2008, "partner": 254}, {"g": "m", "item": "Sawnwood (C)", "p": 0.0, "s": 0.0, "year": 2008, "partner": 254}, {"g": "m", "item": "Sawnwood (NC)", "p": 0.0, "s": 0.0, "year": 2008, "partner": 254}, {"g": "m", "item": "Ind Rwd Wir (NC) Other", "p": 0.0, "s": 1126.0, "year": 2008, "partner": 254}, {"g": "m", "item": "Ind Rwd Wir (NC) Tropica", "p": 0.0, "s": 0.0, "year": 2009, "partner": 254}, {"g": "m", "item": "Sawnwood (C)", "p": 0.0, "s": 0.0, "year": 2009, "partner": 254}, {"g": "m", "item": "Paper+-Board Ex Newsprnt", "p": 0.0, "s": 0.0, "year": 2009, "partner": 254}, {"g": "m", "item": "Sawnwood (NC)", "p": 0.0, "s": 0.0, "year": 2009, "partner": 254}, {"g": "m", "item": "Ind Rwd Wir (NC) Tropica", "p": 0.0, "s": 0.0, "year": 2010, "partner": 254}, {"g": "m", "item": "Fibreboard", "p": 0.0, "s": 0.0, "year": 2010, "partner": 254}, {"g": "m", "item": "Ind Rwd Wir (NC) Other", "p": 0.0, "s": 0.0, "year": 2010, "partner": 254}, {"g": "m", "item": "Sawnwood (C)", "p": 0.0, "s": 0.0, "year": 2010, "partner": 254}, {"g": "m", "item": "Newsprint", "p": 0.0, "s": 0.0, "year": 2010, "partner": 254}, {"g": "m", "item": "Plywood", "p": 0.0, "s": 0.0, "year": 2010, "partner": 254}, {"g": "m", "item": "Sawnwood (NC)", "p": 0.0, "s": 0.0, "year": 2010, "partner": 254}, {"g": "m", "item": "Ind Rwd Wir (NC) Tropica", "p": 0.0, "s": 0.0, "year": 2011, "partner": 254}, {"g": "m", "item": "Ind Rwd Wir (NC) Other", "p": 0.0, "s": 0.0, "year": 2011, "partner": 254}, {"g": "m", "item": "Particle Board", "p": 0.0, "s": 0.0, "year": 2011, "partner": 254}, {"g": "m", "item": "Sawnwood (C)", "p": 0.0, "s": 0.0, "year": 2011, "partner": 254}, {"g": "m", "item": "Sawnwood (NC)", "p": 0.0, "s": 21.0, "year": 2011, "partner": 254}, {"g": "m", "item": "Plywood", "p": 0.0, "s": 0.0, "year": 2011, "partner": 254}, {"g": "m", "item": "Paper+-Board Ex Newsprnt", "p": 14.0, "s": 15.0, "year": 2011, "partner": 254}, {"g": "m", "item": "Ind Rwd Wir (NC) Tropica", "p": 0.0, "s": 0.0, "year": 2012, "partner": 254}, {"g": "m", "item": "Wood Pulp", "p": 0.0, "s": 0.0, "year": 2012, "partner": 254}, {"g": "m", "item": "Fibreboard", "p": 0.0, "s": 0.0, "year": 2012, "partner": 254}, {"g": "m", "item": "Ind Rwd Wir (NC) Other", "p": 0.0, "s": 69.0, "year": 2012, "partner": 254}, {"g": "m", "item": "Sawnwood (C)", "p": 0.0, "s": 0.0, "year": 2012, "partner": 254}, {"g": "m", "item": "Sawnwood (NC)", "p": 0.0, "s": 28.0, "year": 2012, "partner": 254}, {"g": "m", "item": "Paper+-Board Ex Newsprnt", "p": 65.0, "s": 126.0, "year": 2012, "partner": 254}, {"g": "m", "item": "Ind Rwd Wir (NC) Tropica", "p": 0.0, "s": 0.0, "year": 2013, "partner": 254}, {"g": "m", "item": "Sawnwood (C)", "p": 0.0, "s": 0.0, "year": 2013, "partner": 254}, {"g": "m", "item": "Sawnwood (NC)", "p": 0.0, "s": 0.0, "year": 2013, "partner": 254}, {"g": "m", "item": "Ind Rwd Wir (NC) Other", "p": 0.0, "s": 0.0, "year": 2013, "partner": 254}, {"g": "m", "item": "Ind Rwd Wir (NC) Tropica", "p": 0.0, "s": 0.0, "year": 2014, "partner": 254}, {"g": "m", "item": "Sawnwood (NC)", "p": 0.0, "s": 0.0, "year": 2014, "partner": 254}, {"g": "m", "item": "Ind Rwd Wir (NC) Other", "p": 0.0, "s": 0.0, "year": 2014, "partner": 254}, {"g": "f", "item": "Paper+-Board Ex Newsprnt", "p": 2.0, "s": 3.0, "year": 1998, "partner": 15}, {"g": "f", "item": "Paper+-Board Ex Newsprnt", "p": 1.0, "s": 8.0, "year": 1999, "partner": 15}, {"g": "f", "item": "Fibreboard", "p": 20.0, "s": 17.0, "year": 1997, "partner": 5009}, {"g": "f", "item": "Particle Board", "p": 49.0, "s": 14.0, "year": 1997, "partner": 5009}, {"g": "f", "item": "Newsprint", "p": 2.0, "s": 3.0, "year": 1997, "partner": 5009}, {"g": "f", "item": "Sawnwood (NC)", "p": 4.0, "s": 3.0, "year": 1997, "partner": 5009}, {"g": "f", "item": "Plywood", "p": 2.0, "s": 0.0, "year": 1997, "partner": 5009}, {"g": "f", "item": "Paper+-Board Ex Newsprnt", "p": 146.0, "s": 199.0, "year": 1997, "partner": 5009}, {"g": "f", "item": "Newsprint", "p": 5.0, "s": 6.0, "year": 1998, "partner": 5009}, {"g": "f", "item": "Sawnwood (C)", "p": 29.0, "s": 8.0, "year": 1998, "partner": 5009}, {"g": "f", "item": "Sawnwood (NC)", "p": 1.0, "s": 0.0, "year": 1998, "partner": 5009}, {"g": "f", "item": "Plywood", "p": 2.0, "s": 0.0, "year": 1998, "partner": 5009}, {"g": "f", "item": "Paper+-Board Ex Newsprnt", "p": 80.0, "s": 96.0, "year": 1998, "partner": 5009}, {"g": "f", "item": "Newsprint", "p": 7.0, "s": 7.0, "year": 1999, "partner": 5009}, {"g": "f", "item": "Sawnwood (C)", "p": 4.0, "s": 1.0, "year": 1999, "partner": 5009}, {"g": "f", "item": "Sawnwood (NC)", "p": 6.0, "s": 1.0, "year": 1999, "partner": 5009}, {"g": "f", "item": "Plywood", "p": 8.0, "s": 4.0, "year": 1999, "partner": 5009}, {"g": "f", "item": "Paper+-Board Ex Newsprnt", "p": 67.0, "s": 99.0, "year": 1999, "partner": 5009}, {"g": "f", "item": "Fibreboard", "p": 33.0, "s": 27.0, "year": 2000, "partner": 5009}, {"g": "f", "item": "Particle Board", "p": 2.0, "s": 1.0, "year": 2000, "partner": 5009}, {"g": "f", "item": "Sawnwood (C)", "p": 4.0, "s": 1.0, "year": 2000, "partner": 5009}, {"g": "f", "item": "Newsprint", "p": 30.0, "s": 26.0, "year": 2000, "partner": 5009}, {"g": "f", "item": "Plywood", "p": 2.0, "s": 2.0, "year": 2000, "partner": 5009}, {"g": "f", "item": "Paper+-Board Ex Newsprnt", "p": 37.0, "s": 53.0, "year": 2000, "partner": 5009}, {"g": "f", "item": "Paper+-Board Ex Newsprnt", "p": 37.0, "s": 53.0, "year": 2001, "partner": 5009}, {"g": "f", "item": "Newsprint", "p": 30.0, "s": 26.0, "year": 2001, "partner": 5009}, {"g": "f", "item": "Particle Board", "p": 2.0, "s": 1.0, "year": 2001, "partner": 5009}, {"g": "f", "item": "Fibreboard", "p": 33.0, "s": 28.0, "year": 2002, "partner": 5009}, {"g": "f", "item": "Newsprint", "p": 30.0, "s": 26.0, "year": 2002, "partner": 5009}, {"g": "f", "item": "Sawnwood (C)", "p": 4.0, "s": 1.0, "year": 2002, "partner": 5009}, {"g": "f", "item": "Sawnwood (NC)", "p": 71.0, "s": 43.0, "year": 2002, "partner": 5009}, {"g": "f", "item": "Plywood", "p": 2.0, "s": 2.0, "year": 2002, "partner": 5009}, {"g": "f", "item": "Paper+-Board Ex Newsprnt", "p": 40.0, "s": 69.0, "year": 2002, "partner": 5009}, {"g": "f", "item": "Veneer Sheets", "p": 1.0, "s": 1.0, "year": 2003, "partner": 5009}, {"g": "f", "item": "Newsprint", "p": 4.0, "s": 3.0, "year": 2003, "partner": 5009}, {"g": "f", "item": "Sawnwood (C)", "p": 45.0, "s": 16.0, "year": 2003, "partner": 5009}, {"g": "f", "item": "Sawnwood (NC)", "p": 49.0, "s": 11.0, "year": 2003, "partner": 5009}, {"g": "f", "item": "Paper+-Board Ex Newsprnt", "p": 101.0, "s": 135.0, "year": 2003, "partner": 5009}, {"g": "f", "item": "Veneer Sheets", "p": 1.0, "s": 1.0, "year": 2004, "partner": 5009}, {"g": "f", "item": "Newsprint", "p": 6.0, "s": 3.0, "year": 2004, "partner": 5009}, {"g": "f", "item": "Sawnwood (C)", "p": 217.0, "s": 38.0, "year": 2004, "partner": 5009}, {"g": "f", "item": "Sawnwood (NC)", "p": 507.0, "s": 154.0, "year": 2004, "partner": 5009}, {"g": "f", "item": "Paper+-Board Ex Newsprnt", "p": 155.0, "s": 128.0, "year": 2004, "partner": 5009}, {"g": "f", "item": "Newsprint", "p": 6.0, "s": 3.0, "year": 2005, "partner": 5009}, {"g": "f", "item": "Sawnwood (C)", "p": 217.0, "s": 38.0, "year": 2005, "partner": 5009}, {"g": "f", "item": "Sawnwood (NC)", "p": 507.0, "s": 154.0, "year": 2005, "partner": 5009}, {"g": "f", "item": "Plywood", "p": 2.0, "s": 2.0, "year": 2005, "partner": 5009}, {"g": "f", "item": "Paper+-Board Ex Newsprnt", "p": 155.0, "s": 128.0, "year": 2005, "partner": 5009}, {"g": "f", "item": "Fibreboard", "p": 91.0, "s": 27.0, "year": 2006, "partner": 5009}, {"g": "f", "item": "Particle Board", "p": 2.0, "s": 1.0, "year": 2006, "partner": 5009}, {"g": "f", "item": "Veneer Sheets", "p": 1.0, "s": 1.0, "year": 2006, "partner": 5009}, {"g": "f", "item": "Newsprint", "p": 6.0, "s": 3.0, "year": 2006, "partner": 5009}, {"g": "f", "item": "Sawnwood (C)", "p": 217.0, "s": 38.0, "year": 2006, "partner": 5009}, {"g": "f", "item": "Sawnwood (NC)", "p": 507.0, "s": 154.0, "year": 2006, "partner": 5009}, {"g": "f", "item": "Ind Rwd Wir (C)", "p": 0.0, "s": 0.0, "year": 2006, "partner": 5009}, {"g": "f", "item": "Paper+-Board Ex Newsprnt", "p": 155.0, "s": 128.0, "year": 2006, "partner": 5009}, {"g": "f", "item": "Plywood", "p": 2.0, "s": 2.0, "year": 2006, "partner": 5009}, {"g": "f", "item": "Fibreboard", "p": 39.0, "s": 37.0, "year": 2007, "partner": 5009}, {"g": "f", "item": "Particle Board", "p": 3.0, "s": 6.0, "year": 2007, "partner": 5009}, {"g": "f", "item": "Veneer Sheets", "p": 3.0, "s": 2.0, "year": 2007, "partner": 5009}, {"g": "f", "item": "Newsprint", "p": 5.0, "s": 8.0, "year": 2007, "partner": 5009}, {"g": "f", "item": "Sawnwood (C)", "p": 250.0, "s": 70.0, "year": 2007, "partner": 5009}, {"g": "f", "item": "Sawnwood (NC)", "p": 534.0, "s": 420.0, "year": 2007, "partner": 5009}, {"g": "f", "item": "Plywood", "p": 281.0, "s": 196.0, "year": 2007, "partner": 5009}, {"g": "f", "item": "Paper+-Board Ex Newsprnt", "p": 239.0, "s": 199.0, "year": 2007, "partner": 5009}, {"g": "f", "item": "Fibreboard", "p": 27.0, "s": 17.0, "year": 2008, "partner": 5009}, {"g": "f", "item": "Newsprint", "p": 13.0, "s": 12.0, "year": 2008, "partner": 5009}, {"g": "f", "item": "Sawnwood (C)", "p": 97.0, "s": 50.0, "year": 2008, "partner": 5009}, {"g": "f", "item": "Sawnwood (NC)", "p": 455.0, "s": 397.0, "year": 2008, "partner": 5009}, {"g": "f", "item": "Plywood", "p": 340.0, "s": 326.0, "year": 2008, "partner": 5009}, {"g": "f", "item": "Paper+-Board Ex Newsprnt", "p": 114.0, "s": 222.0, "year": 2008, "partner": 5009}, {"g": "f", "item": "Fibreboard", "p": 9.0, "s": 12.0, "year": 2009, "partner": 5009}, {"g": "f", "item": "Newsprint", "p": 10.0, "s": 7.0, "year": 2009, "partner": 5009}, {"g": "f", "item": "Sawnwood (C)", "p": 12.0, "s": 3.0, "year": 2009, "partner": 5009}, {"g": "f", "item": "Sawnwood (NC)", "p": 522.0, "s": 417.0, "year": 2009, "partner": 5009}, {"g": "f", "item": "Ind Rwd Wir (C)", "p": 35.0, "s": 2.0, "year": 2009, "partner": 5009}, {"g": "f", "item": "Paper+-Board Ex Newsprnt", "p": 171.0, "s": 250.0, "year": 2009, "partner": 5009}, {"g": "f", "item": "Plywood", "p": 284.0, "s": 213.0, "year": 2009, "partner": 5009}, {"g": "f", "item": "Fibreboard", "p": 10.0, "s": 9.0, "year": 2010, "partner": 5009}, {"g": "f", "item": "Particle Board", "p": 3.0, "s": 7.0, "year": 2010, "partner": 5009}, {"g": "f", "item": "Sawnwood (C)", "p": 56.0, "s": 12.0, "year": 2010, "partner": 5009}, {"g": "f", "item": "Sawnwood (NC)", "p": 501.0, "s": 311.0, "year": 2010, "partner": 5009}, {"g": "f", "item": "Plywood", "p": 390.0, "s": 337.0, "year": 2010, "partner": 5009}, {"g": "f", "item": "Paper+-Board Ex Newsprnt", "p": 80.0, "s": 143.0, "year": 2010, "partner": 5009}, {"g": "f", "item": "Fibreboard", "p": 28.0, "s": 15.0, "year": 2011, "partner": 5009}, {"g": "f", "item": "Veneer Sheets", "p": 25.0, "s": 19.0, "year": 2011, "partner": 5009}, {"g": "f", "item": "Particle Board", "p": 4.0, "s": 7.0, "year": 2011, "partner": 5009}, {"g": "f", "item": "Sawnwood (NC)", "p": 762.0, "s": 554.0, "year": 2011, "partner": 5009}, {"g": "f", "item": "Plywood", "p": 354.0, "s": 402.0, "year": 2011, "partner": 5009}, {"g": "f", "item": "Paper+-Board Ex Newsprnt", "p": 259.0, "s": 353.0, "year": 2011, "partner": 5009}, {"g": "f", "item": "Fibreboard", "p": 27.0, "s": 27.0, "year": 2012, "partner": 5009}, {"g": "f", "item": "Sawnwood (C)", "p": 136.0, "s": 43.0, "year": 2012, "partner": 5009}, {"g": "f", "item": "Sawnwood (NC)", "p": 1105.0, "s": 927.0, "year": 2012, "partner": 5009}, {"g": "f", "item": "Plywood", "p": 967.0, "s": 1047.0, "year": 2012, "partner": 5009}, {"g": "f", "item": "Paper+-Board Ex Newsprnt", "p": 381.0, "s": 692.0, "year": 2012, "partner": 5009}, {"g": "f", "item": "Fibreboard", "p": 66.0, "s": 44.0, "year": 2013, "partner": 5009}, {"g": "f", "item": "Veneer Sheets", "p": 8.0, "s": 6.0, "year": 2013, "partner": 5009}, {"g": "f", "item": "Sawnwood (C)", "p": 191.0, "s": 74.0, "year": 2013, "partner": 5009}, {"g": "f", "item": "Newsprint", "p": 4.0, "s": 4.0, "year": 2013, "partner": 5009}, {"g": "f", "item": "Plywood", "p": 25.0, "s": 23.0, "year": 2013, "partner": 5009}, {"g": "f", "item": "Paper+-Board Ex Newsprnt", "p": 342.0, "s": 643.0, "year": 2013, "partner": 5009}, {"g": "f", "item": "Fibreboard", "p": 51.0, "s": 36.0, "year": 2014, "partner": 5009}, {"g": "f", "item": "Ind Rwd Wir (NC) Other", "p": 8.0, "s": 16.0, "year": 2014, "partner": 5009}, {"g": "f", "item": "Sawnwood (C)", "p": 150.0, "s": 67.0, "year": 2014, "partner": 5009}, {"g": "f", "item": "Sawnwood (NC)", "p": 234.0, "s": 203.0, "year": 2014, "partner": 5009}, {"g": "f", "item": "Plywood", "p": 144.0, "s": 163.0, "year": 2014, "partner": 5009}, {"g": "f", "item": "Paper+-Board Ex Newsprnt", "p": 310.0, "s": 627.0, "year": 2014, "partner": 5009}, {"g": "f", "item": "Paper+-Board Ex Newsprnt", "p": 5.0, "s": 20.0, "year": 1999, "partner": 195}, {"g": "f", "item": "Plywood", "p": 2.0, "s": 1.0, "year": 1999, "partner": 195}, {"g": "f", "item": "Veneer Sheets", "p": 1.0, "s": 1.0, "year": 2004, "partner": 195}, {"g": "f", "item": "Sawnwood (NC)", "p": 241.0, "s": 154.0, "year": 2004, "partner": 195}, {"g": "f", "item": "Paper+-Board Ex Newsprnt", "p": 12.0, "s": 32.0, "year": 2004, "partner": 195}, {"g": "f", "item": "Paper+-Board Ex Newsprnt", "p": 29.0, "s": 108.0, "year": 2005, "partner": 195}, {"g": "f", "item": "Sawnwood (NC)", "p": 523.0, "s": 238.0, "year": 2005, "partner": 195}, {"g": "f", "item": "Ind Rwd Wir (NC) Other", "p": 6.0, "s": 5.0, "year": 2005, "partner": 195}, {"g": "f", "item": "Plywood", "p": 8.0, "s": 7.0, "year": 2005, "partner": 195}, {"g": "f", "item": "Paper+-Board Ex Newsprnt", "p": 40.0, "s": 86.0, "year": 2006, "partner": 195}, {"g": "f", "item": "Sawnwood (NC)", "p": 550.0, "s": 253.0, "year": 2006, "partner": 195}, {"g": "f", "item": "Plywood", "p": 16.0, "s": 12.0, "year": 2006, "partner": 195}, {"g": "f", "item": "Fibreboard", "p": 3.0, "s": 2.0, "year": 2007, "partner": 195}, {"g": "f", "item": "Particle Board", "p": 3.0, "s": 6.0, "year": 2007, "partner": 195}, {"g": "f", "item": "Sawnwood (NC)", "p": 473.0, "s": 328.0, "year": 2007, "partner": 195}, {"g": "f", "item": "Plywood", "p": 55.0, "s": 59.0, "year": 2007, "partner": 195}, {"g": "f", "item": "Paper+-Board Ex Newsprnt", "p": 56.0, "s": 84.0, "year": 2007, "partner": 195}, {"g": "f", "item": "Fibreboard", "p": 3.0, "s": 3.0, "year": 2008, "partner": 195}, {"g": "f", "item": "Sawnwood (C)", "p": 41.0, "s": 33.0, "year": 2008, "partner": 195}, {"g": "f", "item": "Sawnwood (NC)", "p": 455.0, "s": 397.0, "year": 2008, "partner": 195}, {"g": "f", "item": "Plywood", "p": 31.0, "s": 30.0, "year": 2008, "partner": 195}, {"g": "f", "item": "Paper+-Board Ex Newsprnt", "p": 34.0, "s": 72.0, "year": 2008, "partner": 195}, {"g": "f", "item": "Paper+-Board Ex Newsprnt", "p": 46.0, "s": 73.0, "year": 2009, "partner": 195}, {"g": "f", "item": "Sawnwood (NC)", "p": 485.0, "s": 405.0, "year": 2009, "partner": 195}, {"g": "f", "item": "Ind Rwd Wir (C)", "p": 35.0, "s": 2.0, "year": 2009, "partner": 195}, {"g": "f", "item": "Plywood", "p": 108.0, "s": 117.0, "year": 2009, "partner": 195}, {"g": "f", "item": "Paper+-Board Ex Newsprnt", "p": 20.0, "s": 16.0, "year": 2010, "partner": 195}, {"g": "f", "item": "Sawnwood (NC)", "p": 376.0, "s": 275.0, "year": 2010, "partner": 195}, {"g": "f", "item": "Plywood", "p": 192.0, "s": 232.0, "year": 2010, "partner": 195}, {"g": "f", "item": "Fibreboard", "p": 1.0, "s": 2.0, "year": 2010, "partner": 195}, {"g": "f", "item": "Paper+-Board Ex Newsprnt", "p": 46.0, "s": 55.0, "year": 2011, "partner": 195}, {"g": "f", "item": "Sawnwood (NC)", "p": 521.0, "s": 478.0, "year": 2011, "partner": 195}, {"g": "f", "item": "Plywood", "p": 285.0, "s": 365.0, "year": 2011, "partner": 195}, {"g": "f", "item": "Sawnwood (C)", "p": 48.0, "s": 17.0, "year": 2012, "partner": 195}, {"g": "f", "item": "Paper+-Board Ex Newsprnt", "p": 191.0, "s": 420.0, "year": 2012, "partner": 195}, {"g": "f", "item": "Sawnwood (NC)", "p": 1004.0, "s": 888.0, "year": 2012, "partner": 195}, {"g": "f", "item": "Plywood", "p": 920.0, "s": 998.0, "year": 2012, "partner": 195}, {"g": "f", "item": "Paper+-Board Ex Newsprnt", "p": 13.0, "s": 22.0, "year": 2014, "partner": 195}, {"g": "f", "item": "Sawnwood (NC)", "p": 216.0, "s": 197.0, "year": 2014, "partner": 195}, {"g": "f", "item": "Plywood", "p": 36.0, "s": 45.0, "year": 2014, "partner": 195}, {"g": "f", "item": "Fibreboard", "p": 43.0, "s": 18.0, "year": 2014, "partner": 21}, {"g": "f", "item": "Fibreboard", "p": 43.0, "s": 18.0, "year": 2013, "partner": 21}, {"g": "f", "item": "Plywood", "p": 6.0, "s": 8.0, "year": 2006, "partner": 21}, {"g": "f", "item": "Sawnwood (NC)", "p": 4.0, "s": 3.0, "year": 1997, "partner": 150}, {"g": "f", "item": "Paper+-Board Ex Newsprnt", "p": 14.0, "s": 31.0, "year": 1997, "partner": 150}, {"g": "f", "item": "Newsprint", "p": 2.0, "s": 3.0, "year": 1997, "partner": 150}, {"g": "f", "item": "Paper+-Board Ex Newsprnt", "p": 19.0, "s": 12.0, "year": 1998, "partner": 150}, {"g": "f", "item": "Newsprint", "p": 5.0, "s": 6.0, "year": 1998, "partner": 150}, {"g": "f", "item": "Paper+-Board Ex Newsprnt", "p": 4.0, "s": 3.0, "year": 1999, "partner": 150}, {"g": "f", "item": "Newsprint", "p": 7.0, "s": 7.0, "year": 1999, "partner": 150}, {"g": "f", "item": "Paper+-Board Ex Newsprnt", "p": 2.0, "s": 1.0, "year": 2000, "partner": 150}, {"g": "f", "item": "Newsprint", "p": 30.0, "s": 26.0, "year": 2000, "partner": 150}, {"g": "f", "item": "Paper+-Board Ex Newsprnt", "p": 6.0, "s": 9.0, "year": 2001, "partner": 150}, {"g": "f", "item": "Newsprint", "p": 7.0, "s": 4.0, "year": 2001, "partner": 150}, {"g": "f", "item": "Paper+-Board Ex Newsprnt", "p": 2.0, "s": 10.0, "year": 2002, "partner": 150}, {"g": "f", "item": "Newsprint", "p": 7.0, "s": 6.0, "year": 2002, "partner": 150}, {"g": "f", "item": "Paper+-Board Ex Newsprnt", "p": 7.0, "s": 11.0, "year": 2003, "partner": 150}, {"g": "f", "item": "Newsprint", "p": 4.0, "s": 3.0, "year": 2003, "partner": 150}, {"g": "f", "item": "Paper+-Board Ex Newsprnt", "p": 18.0, "s": 39.0, "year": 2004, "partner": 150}, {"g": "f", "item": "Newsprint", "p": 1.0, "s": 2.0, "year": 2004, "partner": 150}, {"g": "f", "item": "Paper+-Board Ex Newsprnt", "p": 50.0, "s": 57.0, "year": 2005, "partner": 150}, {"g": "f", "item": "Newsprint", "p": 2.0, "s": 4.0, "year": 2005, "partner": 150}, {"g": "f", "item": "Paper+-Board Ex Newsprnt", "p": 74.0, "s": 87.0, "year": 2006, "partner": 150}, {"g": "f", "item": "Newsprint", "p": 19.0, "s": 23.0, "year": 2006, "partner": 150}, {"g": "f", "item": "Newsprint", "p": 5.0, "s": 8.0, "year": 2007, "partner": 150}, {"g": "f", "item": "Newsprint", "p": 13.0, "s": 12.0, "year": 2008, "partner": 150}, {"g": "f", "item": "Paper+-Board Ex Newsprnt", "p": 11.0, "s": 14.0, "year": 2009, "partner": 150}, {"g": "f", "item": "Newsprint", "p": 10.0, "s": 7.0, "year": 2009, "partner": 150}, {"g": "f", "item": "Paper+-Board Ex Newsprnt", "p": 4.0, "s": 15.0, "year": 2010, "partner": 150}, {"g": "f", "item": "Paper+-Board Ex Newsprnt", "p": 5.0, "s": 20.0, "year": 2011, "partner": 150}, {"g": "f", "item": "Newsprint", "p": 4.0, "s": 4.0, "year": 2013, "partner": 150}, {"g": "f", "item": "Paper+-Board Ex Newsprnt", "p": 7.0, "s": 19.0, "year": 2014, "partner": 150}, {"g": "f", "item": "Paper+-Board Ex Newsprnt", "p": 3.0, "s": 3.0, "year": 2006, "partner": 33}, {"g": "f", "item": "Paper+-Board Ex Newsprnt", "p": 54.0, "s": 84.0, "year": 1997, "partner": 174}, {"g": "f", "item": "Particle Board", "p": 49.0, "s": 14.0, "year": 1997, "partner": 174}, {"g": "f", "item": "Plywood", "p": 2.0, "s": 0.0, "year": 1997, "partner": 174}, {"g": "f", "item": "Fibreboard", "p": 5.0, "s": 2.0, "year": 1997, "partner": 174}, {"g": "f", "item": "Paper+-Board Ex Newsprnt", "p": 21.0, "s": 24.0, "year": 1998, "partner": 174}, {"g": "f", "item": "Sawnwood (NC)", "p": 1.0, "s": 0.0, "year": 1998, "partner": 174}, {"g": "f", "item": "Plywood", "p": 2.0, "s": 0.0, "year": 1998, "partner": 174}, {"g": "f", "item": "Paper+-Board Ex Newsprnt", "p": 39.0, "s": 47.0, "year": 1999, "partner": 174}, {"g": "f", "item": "Sawnwood (NC)", "p": 6.0, "s": 1.0, "year": 1999, "partner": 174}, {"g": "f", "item": "Paper+-Board Ex Newsprnt", "p": 3.0, "s": 4.0, "year": 2002, "partner": 174}, {"g": "f", "item": "Sawnwood (NC)", "p": 1.0, "s": 1.0, "year": 2002, "partner": 174}, {"g": "f", "item": "Plywood", "p": 3.0, "s": 2.0, "year": 2002, "partner": 174}, {"g": "f", "item": "Sawnwood (C)", "p": 65.0, "s": 13.0, "year": 2004, "partner": 174}, {"g": "f", "item": "Paper+-Board Ex Newsprnt", "p": 11.0, "s": 15.0, "year": 2004, "partner": 174}, {"g": "f", "item": "Newsprint", "p": 1.0, "s": 1.0, "year": 2004, "partner": 174}, {"g": "f", "item": "Fibreboard", "p": 318.0, "s": 110.0, "year": 2006, "partner": 174}, {"g": "f", "item": "Particle Board", "p": 2.0, "s": 2.0, "year": 2006, "partner": 174}, {"g": "f", "item": "Sawnwood (C)", "p": 155.0, "s": 24.0, "year": 2006, "partner": 174}, {"g": "f", "item": "Sawnwood (NC)", "p": 12.0, "s": 2.0, "year": 2006, "partner": 174}, {"g": "f", "item": "Ind Rwd Wir (C)", "p": 99.0, "s": 6.0, "year": 2006, "partner": 174}, {"g": "f", "item": "Paper+-Board Ex Newsprnt", "p": 50.0, "s": 68.0, "year": 2006, "partner": 174}, {"g": "f", "item": "Plywood", "p": 9.0, "s": 17.0, "year": 2006, "partner": 174}, {"g": "f", "item": "Fibreboard", "p": 24.0, "s": 19.0, "year": 2007, "partner": 174}, {"g": "f", "item": "Veneer Sheets", "p": 3.0, "s": 2.0, "year": 2007, "partner": 174}, {"g": "f", "item": "Sawnwood (C)", "p": 250.0, "s": 70.0, "year": 2007, "partner": 174}, {"g": "f", "item": "Sawnwood (NC)", "p": 61.0, "s": 91.0, "year": 2007, "partner": 174}, {"g": "f", "item": "Plywood", "p": 27.0, "s": 19.0, "year": 2007, "partner": 174}, {"g": "f", "item": "Paper+-Board Ex Newsprnt", "p": 16.0, "s": 36.0, "year": 2007, "partner": 174}, {"g": "f", "item": "Sawnwood (C)", "p": 56.0, "s": 18.0, "year": 2008, "partner": 174}, {"g": "f", "item": "Paper+-Board Ex Newsprnt", "p": 35.0, "s": 63.0, "year": 2008, "partner": 174}, {"g": "f", "item": "Plywood", "p": 24.0, "s": 48.0, "year": 2008, "partner": 174}, {"g": "f", "item": "Fibreboard", "p": 19.0, "s": 11.0, "year": 2008, "partner": 174}, {"g": "f", "item": "Sawnwood (C)", "p": 12.0, "s": 3.0, "year": 2009, "partner": 174}, {"g": "f", "item": "Paper+-Board Ex Newsprnt", "p": 37.0, "s": 58.0, "year": 2009, "partner": 174}, {"g": "f", "item": "Sawnwood (NC)", "p": 37.0, "s": 11.0, "year": 2009, "partner": 174}, {"g": "f", "item": "Fibreboard", "p": 1.0, "s": 5.0, "year": 2009, "partner": 174}, {"g": "f", "item": "Sawnwood (C)", "p": 56.0, "s": 12.0, "year": 2010, "partner": 174}, {"g": "f", "item": "Paper+-Board Ex Newsprnt", "p": 42.0, "s": 55.0, "year": 2010, "partner": 174}, {"g": "f", "item": "Sawnwood (NC)", "p": 125.0, "s": 36.0, "year": 2010, "partner": 174}, {"g": "f", "item": "Plywood", "p": 13.0, "s": 17.0, "year": 2010, "partner": 174}, {"g": "f", "item": "Paper+-Board Ex Newsprnt", "p": 66.0, "s": 107.0, "year": 2011, "partner": 174}, {"g": "f", "item": "Sawnwood (NC)", "p": 241.0, "s": 76.0, "year": 2011, "partner": 174}, {"g": "f", "item": "Fibreboard", "p": 1.0, "s": 2.0, "year": 2011, "partner": 174}, {"g": "f", "item": "Sawnwood (C)", "p": 88.0, "s": 27.0, "year": 2012, "partner": 174}, {"g": "f", "item": "Paper+-Board Ex Newsprnt", "p": 14.0, "s": 26.0, "year": 2012, "partner": 174}, {"g": "f", "item": "Sawnwood (NC)", "p": 102.0, "s": 39.0, "year": 2012, "partner": 174}, {"g": "f", "item": "Fibreboard", "p": 19.0, "s": 20.0, "year": 2012, "partner": 174}, {"g": "f", "item": "Sawnwood (C)", "p": 161.0, "s": 56.0, "year": 2013, "partner": 174}, {"g": "f", "item": "Paper+-Board Ex Newsprnt", "p": 65.0, "s": 88.0, "year": 2013, "partner": 174}, {"g": "f", "item": "Fibreboard", "p": 5.0, "s": 14.0, "year": 2014, "partner": 174}, {"g": "f", "item": "Ind Rwd Wir (NC) Other", "p": 8.0, "s": 16.0, "year": 2014, "partner": 174}, {"g": "f", "item": "Sawnwood (C)", "p": 85.0, "s": 27.0, "year": 2014, "partner": 174}, {"g": "f", "item": "Sawnwood (NC)", "p": 19.0, "s": 6.0, "year": 2014, "partner": 174}, {"g": "f", "item": "Paper+-Board Ex Newsprnt", "p": 30.0, "s": 58.0, "year": 2014, "partner": 174}, {"g": "f", "item": "Sawnwood (C)", "p": 21.0, "s": 13.0, "year": 2013, "partner": 183}, {"g": "f", "item": "Sawnwood (C)", "p": 65.0, "s": 40.0, "year": 2014, "partner": 183}, {"g": "f", "item": "Sawnwood (C)", "p": 4.0, "s": 1.0, "year": 2000, "partner": 203}, {"g": "f", "item": "Paper+-Board Ex Newsprnt", "p": 1.0, "s": 2.0, "year": 2004, "partner": 203}, {"g": "f", "item": "Paper+-Board Ex Newsprnt", "p": 7.0, "s": 19.0, "year": 2009, "partner": 203}, {"g": "f", "item": "Paper+-Board Ex Newsprnt", "p": 5.0, "s": 9.0, "year": 2011, "partner": 203}, {"g": "f", "item": "Paper+-Board Ex Newsprnt", "p": 7.0, "s": 25.0, "year": 2012, "partner": 203}, {"g": "f", "item": "Paper+-Board Ex Newsprnt", "p": 6.0, "s": 5.0, "year": 2014, "partner": 203}, {"g": "f", "item": "Paper+-Board Ex Newsprnt", "p": 55.0, "s": 61.0, "year": 1997, "partner": 68}, {"g": "f", "item": "Paper+-Board Ex Newsprnt", "p": 24.0, "s": 30.0, "year": 1998, "partner": 68}, {"g": "f", "item": "Sawnwood (C)", "p": 4.0, "s": 1.0, "year": 1999, "partner": 68}, {"g": "f", "item": "Paper+-Board Ex Newsprnt", "p": 18.0, "s": 20.0, "year": 1999, "partner": 68}, {"g": "f", "item": "Paper+-Board Ex Newsprnt", "p": 8.0, "s": 8.0, "year": 2000, "partner": 68}, {"g": "f", "item": "Paper+-Board Ex Newsprnt", "p": 19.0, "s": 30.0, "year": 2001, "partner": 68}, {"g": "f", "item": "Paper+-Board Ex Newsprnt", "p": 14.0, "s": 23.0, "year": 2002, "partner": 68}, {"g": "f", "item": "Paper+-Board Ex Newsprnt", "p": 30.0, "s": 48.0, "year": 2003, "partner": 68}, {"g": "f", "item": "Paper+-Board Ex Newsprnt", "p": 9.0, "s": 19.0, "year": 2004, "partner": 68}, {"g": "f", "item": "Paper+-Board Ex Newsprnt", "p": 14.0, "s": 20.0, "year": 2005, "partner": 68}, {"g": "f", "item": "Paper+-Board Ex Newsprnt", "p": 16.0, "s": 13.0, "year": 2006, "partner": 68}, {"g": "f", "item": "Paper+-Board Ex Newsprnt", "p": 2.0, "s": 3.0, "year": 2007, "partner": 68}, {"g": "f", "item": "Paper+-Board Ex Newsprnt", "p": 16.0, "s": 8.0, "year": 2009, "partner": 68}, {"g": "f", "item": "Paper+-Board Ex Newsprnt", "p": 18.0, "s": 25.0, "year": 2012, "partner": 68}, {"g": "f", "item": "Paper+-Board Ex Newsprnt", "p": 36.0, "s": 36.0, "year": 2014, "partner": 68}, {"g": "f", "item": "Paper+-Board Ex Newsprnt", "p": 8.0, "s": 7.0, "year": 2008, "partner": 202}, {"g": "f", "item": "Plywood", "p": 2.0, "s": 1.0, "year": 2008, "partner": 202}, {"g": "f", "item": "Paper+-Board Ex Newsprnt", "p": 33.0, "s": 47.0, "year": 2009, "partner": 202}, {"g": "f", "item": "Paper+-Board Ex Newsprnt", "p": 22.0, "s": 29.0, "year": 2011, "partner": 202}, {"g": "f", "item": "Paper+-Board Ex Newsprnt", "p": 138.0, "s": 376.0, "year": 2014, "partner": 202}, {"g": "f", "item": "Paper+-Board Ex Newsprnt", "p": 140.0, "s": 22.0, "year": 2007, "partner": 202}, {"g": "f", "item": "Paper+-Board Ex Newsprnt", "p": 3.0, "s": 6.0, "year": 2014, "partner": 75}, {"g": "f", "item": "Plywood", "p": 5.0, "s": 2.0, "year": 2014, "partner": 75}, {"g": "f", "item": "Veneer Sheets", "p": 3.0, "s": 2.0, "year": 2011, "partner": 75}, {"g": "f", "item": "Particle Board", "p": 2.0, "s": 3.0, "year": 2011, "partner": 75}, {"g": "f", "item": "Plywood", "p": 7.0, "s": 6.0, "year": 2011, "partner": 75}, {"g": "f", "item": "Veneer Sheets", "p": 8.0, "s": 6.0, "year": 2013, "partner": 75}, {"g": "f", "item": "Plywood", "p": 5.0, "s": 3.0, "year": 2013, "partner": 75}, {"g": "f", "item": "Plywood", "p": 8.0, "s": 4.0, "year": 2006, "partner": 75}, {"g": "f", "item": "Paper+-Board Ex Newsprnt", "p": 4.0, "s": 6.0, "year": 2008, "partner": 79}, {"g": "f", "item": "Paper+-Board Ex Newsprnt", "p": 21.0, "s": 16.0, "year": 2003, "partner": 79}, {"g": "f", "item": "Sawnwood (C)", "p": 29.0, "s": 8.0, "year": 1998, "partner": 79}, {"g": "f", "item": "Plywood", "p": 43.0, "s": 50.0, "year": 2008, "partner": 81}, {"g": "f", "item": "Paper+-Board Ex Newsprnt", "p": 40.0, "s": 51.0, "year": 2012, "partner": 81}, {"g": "f", "item": "Paper+-Board Ex Newsprnt", "p": 40.0, "s": 8.0, "year": 2006, "partner": 81}, {"g": "f", "item": "Paper+-Board Ex Newsprnt", "p": 16.0, "s": 11.0, "year": 2003, "partner": 216}, {"g": "f", "item": "Paper+-Board Ex Newsprnt", "p": 38.0, "s": 39.0, "year": 2012, "partner": 216}, {"g": "f", "item": "Paper+-Board Ex Newsprnt", "p": 38.0, "s": 37.0, "year": 2014, "partner": 216}, {"g": "f", "item": "Paper+-Board Ex Newsprnt", "p": 15.0, "s": 12.0, "year": 2006, "partner": 216}, {"g": "f", "item": "Plywood", "p": 28.0, "s": 10.0, "year": 2002, "partner": 351}, {"g": "f", "item": "Veneer Sheets", "p": 1.0, "s": 1.0, "year": 2003, "partner": 351}, {"g": "f", "item": "Sawnwood (NC)", "p": 49.0, "s": 11.0, "year": 2003, "partner": 351}, {"g": "f", "item": "Plywood", "p": 8.0, "s": 3.0, "year": 2005, "partner": 351}, {"g": "f", "item": "Plywood", "p": 6.0, "s": 2.0, "year": 2006, "partner": 351}, {"g": "f", "item": "Paper+-Board Ex Newsprnt", "p": 8.0, "s": 3.0, "year": 2008, "partner": 351}, {"g": "f", "item": "Plywood", "p": 25.0, "s": 10.0, "year": 2010, "partner": 351}, {"g": "f", "item": "Plywood", "p": 40.0, "s": 20.0, "year": 2011, "partner": 351}, {"g": "f", "item": "Fibreboard", "p": 19.0, "s": 7.0, "year": 2011, "partner": 351}, {"g": "f", "item": "Paper+-Board Ex Newsprnt", "p": 1.0, "s": 4.0, "year": 2012, "partner": 351}, {"g": "f", "item": "Plywood", "p": 46.0, "s": 44.0, "year": 2012, "partner": 351}, {"g": "f", "item": "Plywood", "p": 20.0, "s": 19.0, "year": 2013, "partner": 351}, {"g": "f", "item": "Plywood", "p": 56.0, "s": 91.0, "year": 2014, "partner": 351}, {"g": "f", "item": "Paper+-Board Ex Newsprnt", "p": 20.0, "s": 23.0, "year": 1997, "partner": 229}, {"g": "f", "item": "Paper+-Board Ex Newsprnt", "p": 14.0, "s": 28.0, "year": 1998, "partner": 229}, {"g": "f", "item": "Paper+-Board Ex Newsprnt", "p": 17.0, "s": 17.0, "year": 2009, "partner": 100}, {"g": "f", "item": "Paper+-Board Ex Newsprnt", "p": 18.0, "s": 17.0, "year": 2011, "partner": 100}, {"g": "f", "item": "Paper+-Board Ex Newsprnt", "p": 20.0, "s": 19.0, "year": 2012, "partner": 100}, {"g": "f", "item": "Paper+-Board Ex Newsprnt", "p": 40.0, "s": 35.0, "year": 2013, "partner": 100}, {"g": "f", "item": "Paper+-Board Ex Newsprnt", "p": 96.0, "s": 101.0, "year": 2011, "partner": 101}, {"g": "f", "item": "Paper+-Board Ex Newsprnt", "p": 39.0, "s": 38.0, "year": 2012, "partner": 101}, {"g": "f", "item": "Paper+-Board Ex Newsprnt", "p": 20.0, "s": 19.0, "year": 2013, "partner": 101}, {"g": "f", "item": "Paper+-Board Ex Newsprnt", "p": 20.0, "s": 19.0, "year": 2014, "partner": 101}, {"g": "f", "item": "Sawnwood (NC)", "p": 71.0, "s": 43.0, "year": 2002, "partner": 231}, {"g": "f", "item": "Paper+-Board Ex Newsprnt", "p": 2.0, "s": 2.0, "year": 1997, "partner": 106}, {"g": "f", "item": "Fibreboard", "p": 8.0, "s": 1.0, "year": 1997, "partner": 106}, {"g": "f", "item": "Plywood", "p": 6.0, "s": 3.0, "year": 1999, "partner": 106}, {"g": "f", "item": "Paper+-Board Ex Newsprnt", "p": 4.0, "s": 2.0, "year": 2000, "partner": 106}, {"g": "f", "item": "Particle Board", "p": 2.0, "s": 1.0, "year": 2000, "partner": 106}, {"g": "f", "item": "Plywood", "p": 2.0, "s": 2.0, "year": 2000, "partner": 106}, {"g": "f", "item": "Fibreboard", "p": 20.0, "s": 11.0, "year": 2000, "partner": 106}, {"g": "f", "item": "Paper+-Board Ex Newsprnt", "p": 1.0, "s": 2.0, "year": 2001, "partner": 106}, {"g": "f", "item": "Particle Board", "p": 2.0, "s": 1.0, "year": 2001, "partner": 106}, {"g": "f", "item": "Fibreboard", "p": 5.0, "s": 3.0, "year": 2002, "partner": 106}, {"g": "f", "item": "Paper+-Board Ex Newsprnt", "p": 8.0, "s": 10.0, "year": 2003, "partner": 106}, {"g": "f", "item": "Paper+-Board Ex Newsprnt", "p": 4.0, "s": 4.0, "year": 2008, "partner": 106}, {"g": "f", "item": "Fibreboard", "p": 3.0, "s": 4.0, "year": 2009, "partner": 106}, {"g": "f", "item": "Particle Board", "p": 2.0, "s": 6.0, "year": 2010, "partner": 106}, {"g": "f", "item": "Particle Board", "p": 1.0, "s": 5.0, "year": 2011, "partner": 106}, {"g": "f", "item": "Veneer Sheets", "p": 53.0, "s": 19.0, "year": 2006, "partner": 107}, {"g": "f", "item": "Plywood", "p": 90.0, "s": 42.0, "year": 2006, "partner": 107}, {"g": "f", "item": "Plywood", "p": 199.0, "s": 118.0, "year": 2007, "partner": 107}, {"g": "f", "item": "Plywood", "p": 239.0, "s": 197.0, "year": 2008, "partner": 107}, {"g": "f", "item": "Plywood", "p": 176.0, "s": 95.0, "year": 2009, "partner": 107}, {"g": "f", "item": "Plywood", "p": 160.0, "s": 78.0, "year": 2010, "partner": 107}, {"g": "f", "item": "Veneer Sheets", "p": 22.0, "s": 12.0, "year": 2011, "partner": 107}, {"g": "f", "item": "Plywood", "p": 22.0, "s": 11.0, "year": 2011, "partner": 107}, {"g": "f", "item": "Plywood", "p": 65.0, "s": 31.0, "year": 2012, "partner": 107}, {"g": "f", "item": "Plywood", "p": 46.0, "s": 23.0, "year": 2014, "partner": 107}, {"g": "f", "item": "Sawnwood (C)", "p": 9.0, "s": 5.0, "year": 2013, "partner": 121}, {"g": "f", "item": "Fibreboard", "p": 7.0, "s": 14.0, "year": 1997, "partner": 254}, {"g": "f", "item": "Particle Board", "p": 0.0, "s": 1.0, "year": 1997, "partner": 254}, {"g": "f", "item": "Newsprint", "p": 0.0, "s": 0.0, "year": 1997, "partner": 254}, {"g": "f", "item": "Sawnwood (NC)", "p": 0.0, "s": 0.0, "year": 1997, "partner": 254}, {"g": "f", "item": "Plywood", "p": 0.0, "s": 0.0, "year": 1997, "partner": 254}, {"g": "f", "item": "Paper+-Board Ex Newsprnt", "p": 1.0, "s": -1.0, "year": 1997, "partner": 254}, {"g": "f", "item": "Newsprint", "p": 0.0, "s": 0.0, "year": 1998, "partner": 254}, {"g": "f", "item": "Sawnwood (C)", "p": 0.0, "s": 0.0, "year": 1998, "partner": 254}, {"g": "f", "item": "Sawnwood (NC)", "p": 0.0, "s": 0.0, "year": 1998, "partner": 254}, {"g": "f", "item": "Plywood", "p": 0.0, "s": 0.0, "year": 1998, "partner": 254}, {"g": "f", "item": "Paper+-Board Ex Newsprnt", "p": 0.0, "s": -1.0, "year": 1998, "partner": 254}, {"g": "f", "item": "Newsprint", "p": 0.0, "s": 0.0, "year": 1999, "partner": 254}, {"g": "f", "item": "Sawnwood (C)", "p": 0.0, "s": 0.0, "year": 1999, "partner": 254}, {"g": "f", "item": "Sawnwood (NC)", "p": 0.0, "s": 0.0, "year": 1999, "partner": 254}, {"g": "f", "item": "Plywood", "p": 0.0, "s": 0.0, "year": 1999, "partner": 254}, {"g": "f", "item": "Paper+-Board Ex Newsprnt", "p": 0.0, "s": 0.0, "year": 1999, "partner": 254}, {"g": "f", "item": "Fibreboard", "p": 13.0, "s": 16.0, "year": 2000, "partner": 254}, {"g": "f", "item": "Particle Board", "p": 0.0, "s": 0.0, "year": 2000, "partner": 254}, {"g": "f", "item": "Sawnwood (C)", "p": 0.0, "s": 0.0, "year": 2000, "partner": 254}, {"g": "f", "item": "Newsprint", "p": 0.0, "s": 0.0, "year": 2000, "partner": 254}, {"g": "f", "item": "Plywood", "p": 0.0, "s": 0.0, "year": 2000, "partner": 254}, {"g": "f", "item": "Paper+-Board Ex Newsprnt", "p": 23.0, "s": 42.0, "year": 2000, "partner": 254}, {"g": "f", "item": "Paper+-Board Ex Newsprnt", "p": 11.0, "s": 12.0, "year": 2001, "partner": 254}, {"g": "f", "item": "Newsprint", "p": 23.0, "s": 22.0, "year": 2001, "partner": 254}, {"g": "f", "item": "Particle Board", "p": 0.0, "s": 0.0, "year": 2001, "partner": 254}, {"g": "f", "item": "Fibreboard", "p": 28.0, "s": 25.0, "year": 2002, "partner": 254}, {"g": "f", "item": "Newsprint", "p": 23.0, "s": 20.0, "year": 2002, "partner": 254}, {"g": "f", "item": "Sawnwood (C)", "p": -45.0, "s": -6.0, "year": 2002, "partner": 254}, {"g": "f", "item": "Sawnwood (NC)", "p": -1.0, "s": -1.0, "year": 2002, "partner": 254}, {"g": "f", "item": "Plywood", "p": -29.0, "s": -10.0, "year": 2002, "partner": 254}, {"g": "f", "item": "Paper+-Board Ex Newsprnt", "p": 21.0, "s": 32.0, "year": 2002, "partner": 254}, {"g": "f", "item": "Veneer Sheets", "p": 0.0, "s": 0.0, "year": 2003, "partner": 254}, {"g": "f", "item": "Newsprint", "p": 0.0, "s": 0.0, "year": 2003, "partner": 254}, {"g": "f", "item": "Sawnwood (C)", "p": 0.0, "s": 0.0, "year": 2003, "partner": 254}, {"g": "f", "item": "Sawnwood (NC)", "p": 0.0, "s": 0.0, "year": 2003, "partner": 254}, {"g": "f", "item": "Paper+-Board Ex Newsprnt", "p": 19.0, "s": 39.0, "year": 2003, "partner": 254}, {"g": "f", "item": "Veneer Sheets", "p": 0.0, "s": 0.0, "year": 2004, "partner": 254}, {"g": "f", "item": "Newsprint", "p": 4.0, "s": 0.0, "year": 2004, "partner": 254}, {"g": "f", "item": "Sawnwood (C)", "p": 95.0, "s": 0.0, "year": 2004, "partner": 254}, {"g": "f", "item": "Sawnwood (NC)", "p": 266.0, "s": 0.0, "year": 2004, "partner": 254}, {"g": "f", "item": "Paper+-Board Ex Newsprnt", "p": 98.0, "s": 8.0, "year": 2004, "partner": 254}, {"g": "f", "item": "Newsprint", "p": 4.0, "s": -1.0, "year": 2005, "partner": 254}, {"g": "f", "item": "Sawnwood (C)", "p": 141.0, "s": 20.0, "year": 2005, "partner": 254}, {"g": "f", "item": "Sawnwood (NC)", "p": -16.0, "s": -84.0, "year": 2005, "partner": 254}, {"g": "f", "item": "Plywood", "p": -14.0, "s": -8.0, "year": 2005, "partner": 254}, {"g": "f", "item": "Paper+-Board Ex Newsprnt", "p": -31.0, "s": -89.0, "year": 2005, "partner": 254}, {"g": "f", "item": "Fibreboard", "p": -227.0, "s": -83.0, "year": 2006, "partner": 254}, {"g": "f", "item": "Particle Board", "p": 0.0, "s": -1.0, "year": 2006, "partner": 254}, {"g": "f", "item": "Veneer Sheets", "p": -52.0, "s": -18.0, "year": 2006, "partner": 254}, {"g": "f", "item": "Newsprint", "p": -13.0, "s": -20.0, "year": 2006, "partner": 254}, {"g": "f", "item": "Sawnwood (C)", "p": 62.0, "s": 14.0, "year": 2006, "partner": 254}, {"g": "f", "item": "Sawnwood (NC)", "p": -55.0, "s": -101.0, "year": 2006, "partner": 254}, {"g": "f", "item": "Plywood", "p": -133.0, "s": -82.0, "year": 2006, "partner": 254}, {"g": "f", "item": "Paper+-Board Ex Newsprnt", "p": -142.0, "s": -175.0, "year": 2006, "partner": 254}, {"g": "f", "item": "Paper+-Board Ex Newsprnt", "p": 5.0, "s": 29.0, "year": 2007, "partner": 254}, {"g": "f", "item": "Veneer Sheets", "p": 1.0, "s": 0.0, "year": 2007, "partner": 254}, {"g": "f", "item": "Fibreboard", "p": 13.0, "s": 17.0, "year": 2007, "partner": 254}, {"g": "f", "item": "Fibreboard", "p": 5.0, "s": 3.0, "year": 2008, "partner": 254}, {"g": "f", "item": "Newsprint", "p": 0.0, "s": 0.0, "year": 2008, "partner": 254}, {"g": "f", "item": "Sawnwood (C)", "p": 0.0, "s": 0.0, "year": 2008, "partner": 254}, {"g": "f", "item": "Sawnwood (NC)", "p": 0.0, "s": 0.0, "year": 2008, "partner": 254}, {"g": "f", "item": "Plywood", "p": 0.0, "s": 0.0, "year": 2008, "partner": 254}, {"g": "f", "item": "Paper+-Board Ex Newsprnt", "p": 16.0, "s": 47.0, "year": 2008, "partner": 254}, {"g": "f", "item": "Fibreboard", "p": 4.0, "s": 3.0, "year": 2009, "partner": 254}, {"g": "f", "item": "Newsprint", "p": 0.0, "s": 0.0, "year": 2009, "partner": 254}, {"g": "f", "item": "Sawnwood (C)", "p": 1.0, "s": 0.0, "year": 2009, "partner": 254}, {"g": "f", "item": "Sawnwood (NC)", "p": 0.0, "s": 0.0, "year": 2009, "partner": 254}, {"g": "f", "item": "Ind Rwd Wir (C)", "p": 0.0, "s": 0.0, "year": 2009, "partner": 254}, {"g": "f", "item": "Paper+-Board Ex Newsprnt", "p": 3.0, "s": 14.0, "year": 2009, "partner": 254}, {"g": "f", "item": "Plywood", "p": 0.0, "s": 0.0, "year": 2009, "partner": 254}, {"g": "f", "item": "Fibreboard", "p": 9.0, "s": 7.0, "year": 2010, "partner": 254}, {"g": "f", "item": "Particle Board", "p": 1.0, "s": 1.0, "year": 2010, "partner": 254}, {"g": "f", "item": "Sawnwood (C)", "p": 0.0, "s": 0.0, "year": 2010, "partner": 254}, {"g": "f", "item": "Sawnwood (NC)", "p": 0.0, "s": 0.0, "year": 2010, "partner": 254}, {"g": "f", "item": "Plywood", "p": 0.0, "s": 0.0, "year": 2010, "partner": 254}, {"g": "f", "item": "Paper+-Board Ex Newsprnt", "p": 14.0, "s": 57.0, "year": 2010, "partner": 254}, {"g": "f", "item": "Fibreboard", "p": 8.0, "s": 7.0, "year": 2011, "partner": 254}, {"g": "f", "item": "Veneer Sheets", "p": 0.0, "s": 6.0, "year": 2011, "partner": 254}, {"g": "f", "item": "Particle Board", "p": 0.0, "s": 0.0, "year": 2011, "partner": 254}, {"g": "f", "item": "Sawnwood (NC)", "p": 0.0, "s": 0.0, "year": 2011, "partner": 254}, {"g": "f", "item": "Plywood", "p": 0.0, "s": 0.0, "year": 2011, "partner": 254}, {"g": "f", "item": "Paper+-Board Ex Newsprnt", "p": 1.0, "s": 15.0, "year": 2011, "partner": 254}, {"g": "f", "item": "Fibreboard", "p": 8.0, "s": 7.0, "year": 2012, "partner": 254}, {"g": "f", "item": "Sawnwood (C)", "p": 0.0, "s": 0.0, "year": 2012, "partner": 254}, {"g": "f", "item": "Sawnwood (NC)", "p": 0.0, "s": 0.0, "year": 2012, "partner": 254}, {"g": "f", "item": "Plywood", "p": -65.0, "s": -26.0, "year": 2012, "partner": 254}, {"g": "f", "item": "Paper+-Board Ex Newsprnt", "p": 12.0, "s": 45.0, "year": 2012, "partner": 254}, {"g": "f", "item": "Fibreboard", "p": 23.0, "s": 26.0, "year": 2013, "partner": 254}, {"g": "f", "item": "Veneer Sheets", "p": 1.0, "s": 0.0, "year": 2013, "partner": 254}, {"g": "f", "item": "Sawnwood (C)", "p": 0.0, "s": 0.0, "year": 2013, "partner": 254}, {"g": "f", "item": "Newsprint", "p": 0.0, "s": 0.0, "year": 2013, "partner": 254}, {"g": "f", "item": "Plywood", "p": 0.0, "s": 1.0, "year": 2013, "partner": 254}, {"g": "f", "item": "Paper+-Board Ex Newsprnt", "p": 217.0, "s": 502.0, "year": 2013, "partner": 254}, {"g": "f", "item": "Fibreboard", "p": 3.0, "s": 5.0, "year": 2014, "partner": 254}, {"g": "f", "item": "Ind Rwd Wir (NC) Other", "p": 0.0, "s": 0.0, "year": 2014, "partner": 254}, {"g": "f", "item": "Sawnwood (C)", "p": 0.0, "s": 0.0, "year": 2014, "partner": 254}, {"g": "f", "item": "Sawnwood (NC)", "p": 0.0, "s": 0.0, "year": 2014, "partner": 254}, {"g": "f", "item": "Plywood", "p": 1.0, "s": 2.0, "year": 2014, "partner": 254}, {"g": "f", "item": "Paper+-Board Ex Newsprnt", "p": 19.0, "s": 50.0, "year": 2014, "partner": 254}, {"g": "f", "item": "Sawnwood (C)", "p": 49.0, "s": 7.0, "year": 2002, "partner": 255}, {"g": "f", "item": "Sawnwood (C)", "p": 45.0, "s": 16.0, "year": 2003, "partner": 255}, {"g": "f", "item": "Sawnwood (C)", "p": 57.0, "s": 25.0, "year": 2004, "partner": 255}, {"g": "f", "item": "Paper+-Board Ex Newsprnt", "p": 6.0, "s": 13.0, "year": 2004, "partner": 255}, {"g": "f", "item": "Sawnwood (C)", "p": 76.0, "s": 18.0, "year": 2005, "partner": 255}, {"g": "f", "item": "Paper+-Board Ex Newsprnt", "p": 93.0, "s": 32.0, "year": 2005, "partner": 255}, {"g": "f", "item": "Paper+-Board Ex Newsprnt", "p": 59.0, "s": 26.0, "year": 2006, "partner": 255}, {"g": "f", "item": "Paper+-Board Ex Newsprnt", "p": 20.0, "s": 25.0, "year": 2007, "partner": 255}, {"g": "f", "item": "Paper+-Board Ex Newsprnt", "p": 6.0, "s": 20.0, "year": 2008, "partner": 255}]