[{"g": "m", "item": "Paper+-Board Ex Newsprnt", "p": 24.0, "s": 18.0, "year": 2000, "partner": 11}, {"g": "m", "item": "Paper+-Board Ex Newsprnt", "p": 2.0, "s": 18.0, "year": 2002, "partner": 11}, {"g": "m", "item": "Paper+-Board Ex Newsprnt", "p": 1.0, "s": 6.0, "year": 2003, "partner": 11}, {"g": "m", "item": "Paper+-Board Ex Newsprnt", "p": 72.0, "s": 46.0, "year": 1998, "partner": 11}, {"g": "m", "item": "Paper+-Board Ex Newsprnt", "p": 63.0, "s": 38.0, "year": 1999, "partner": 11}, {"g": "m", "item": "Plywood", "p": 18.0, "s": 4.0, "year": 1998, "partner": 16}, {"g": "m", "item": "Paper+-Board Ex Newsprnt", "p": 82.0, "s": 67.0, "year": 1997, "partner": 5009}, {"g": "m", "item": "Wood Pulp", "p": 19.0, "s": 10.0, "year": 1997, "partner": 5009}, {"g": "m", "item": "Paper+-Board Ex Newsprnt", "p": 150.0, "s": 118.0, "year": 1998, "partner": 5009}, {"g": "m", "item": "Plywood", "p": 18.0, "s": 4.0, "year": 1998, "partner": 5009}, {"g": "m", "item": "Paper+-Board Ex Newsprnt", "p": 150.0, "s": 118.0, "year": 1999, "partner": 5009}, {"g": "m", "item": "Ind Rwd Wir (C)", "p": 0.0, "s": 0.0, "year": 1999, "partner": 5009}, {"g": "m", "item": "Paper+-Board Ex Newsprnt", "p": 144.0, "s": 70.0, "year": 2000, "partner": 5009}, {"g": "m", "item": "Fibreboard", "p": 24.0, "s": 1.0, "year": 2000, "partner": 5009}, {"g": "m", "item": "Paper+-Board Ex Newsprnt", "p": 151.0, "s": 135.0, "year": 2001, "partner": 5009}, {"g": "m", "item": "Sawnwood (C)", "p": 0.0, "s": 0.0, "year": 2002, "partner": 5009}, {"g": "m", "item": "Paper+-Board Ex Newsprnt", "p": 110.0, "s": 66.0, "year": 2002, "partner": 5009}, {"g": "m", "item": "Ind Rwd Wir (NC) Tropica", "p": 275.0, "s": 48.0, "year": 2003, "partner": 5009}, {"g": "m", "item": "Fibreboard", "p": 5.0, "s": 5.0, "year": 2003, "partner": 5009}, {"g": "m", "item": "Ind Rwd Wir (NC) Other", "p": 16888.0, "s": 609.0, "year": 2003, "partner": 5009}, {"g": "m", "item": "Veneer Sheets", "p": 398.0, "s": 459.0, "year": 2003, "partner": 5009}, {"g": "m", "item": "Particle Board", "p": 6030.0, "s": 4321.0, "year": 2003, "partner": 5009}, {"g": "m", "item": "Sawnwood (C)", "p": 21.0, "s": 4.0, "year": 2003, "partner": 5009}, {"g": "m", "item": "Paper+-Board Ex Newsprnt", "p": 94.0, "s": 108.0, "year": 2003, "partner": 5009}, {"g": "m", "item": "Fibreboard", "p": 84.0, "s": 13.0, "year": 2004, "partner": 5009}, {"g": "m", "item": "Ind Rwd Wir (NC) Other", "p": 2528.0, "s": 149.0, "year": 2004, "partner": 5009}, {"g": "m", "item": "Veneer Sheets", "p": 358.0, "s": 282.0, "year": 2004, "partner": 5009}, {"g": "m", "item": "Particle Board", "p": 22239.0, "s": 3758.0, "year": 2004, "partner": 5009}, {"g": "m", "item": "Paper+-Board Ex Newsprnt", "p": 524.0, "s": 558.0, "year": 2004, "partner": 5009}, {"g": "m", "item": "Paper+-Board Ex Newsprnt", "p": 524.0, "s": 558.0, "year": 2005, "partner": 5009}, {"g": "m", "item": "Paper+-Board Ex Newsprnt", "p": 524.0, "s": 558.0, "year": 2006, "partner": 5009}, {"g": "m", "item": "Fibreboard", "p": 18.0, "s": 14.0, "year": 2007, "partner": 5009}, {"g": "m", "item": "Veneer Sheets", "p": 53.0, "s": 46.0, "year": 2007, "partner": 5009}, {"g": "m", "item": "Particle Board", "p": 14421.0, "s": 5998.0, "year": 2007, "partner": 5009}, {"g": "m", "item": "Sawnwood (C)", "p": 11.0, "s": 5.0, "year": 2007, "partner": 5009}, {"g": "m", "item": "Paper+-Board Ex Newsprnt", "p": 853.0, "s": 864.0, "year": 2007, "partner": 5009}, {"g": "m", "item": "Ind Rwd Wir (NC) Tropica", "p": 239.0, "s": 35.0, "year": 2008, "partner": 5009}, {"g": "m", "item": "Fibreboard", "p": 18.0, "s": 14.0, "year": 2008, "partner": 5009}, {"g": "m", "item": "Veneer Sheets", "p": 53.0, "s": 46.0, "year": 2008, "partner": 5009}, {"g": "m", "item": "Particle Board", "p": 14421.0, "s": 5998.0, "year": 2008, "partner": 5009}, {"g": "m", "item": "Sawnwood (C)", "p": 11.0, "s": 5.0, "year": 2008, "partner": 5009}, {"g": "m", "item": "Plywood", "p": 323.0, "s": 106.0, "year": 2008, "partner": 5009}, {"g": "m", "item": "Paper+-Board Ex Newsprnt", "p": 853.0, "s": 864.0, "year": 2008, "partner": 5009}, {"g": "m", "item": "Fibreboard", "p": 18.0, "s": 14.0, "year": 2009, "partner": 5009}, {"g": "m", "item": "Veneer Sheets", "p": 53.0, "s": 46.0, "year": 2009, "partner": 5009}, {"g": "m", "item": "Particle Board", "p": 14421.0, "s": 5998.0, "year": 2009, "partner": 5009}, {"g": "m", "item": "Sawnwood (NC)", "p": 13.0, "s": 4.0, "year": 2009, "partner": 5009}, {"g": "m", "item": "Plywood", "p": 323.0, "s": 106.0, "year": 2009, "partner": 5009}, {"g": "m", "item": "Paper+-Board Ex Newsprnt", "p": 853.0, "s": 864.0, "year": 2009, "partner": 5009}, {"g": "m", "item": "Veneer Sheets", "p": 5.0, "s": 10.0, "year": 2010, "partner": 5009}, {"g": "m", "item": "Particle Board", "p": 13211.0, "s": 5732.0, "year": 2010, "partner": 5009}, {"g": "m", "item": "Sawnwood (NC)", "p": 45.0, "s": 40.0, "year": 2010, "partner": 5009}, {"g": "m", "item": "Ind Rwd Wir (C)", "p": 45.0, "s": 2.0, "year": 2010, "partner": 5009}, {"g": "m", "item": "Paper+-Board Ex Newsprnt", "p": 1391.0, "s": 1480.0, "year": 2010, "partner": 5009}, {"g": "m", "item": "Plywood", "p": 390.0, "s": 589.0, "year": 2010, "partner": 5009}, {"g": "m", "item": "Ind Rwd Wir (NC) Tropica", "p": 239.0, "s": 35.0, "year": 2011, "partner": 5009}, {"g": "m", "item": "Fibreboard", "p": 848.0, "s": 389.0, "year": 2011, "partner": 5009}, {"g": "m", "item": "Veneer Sheets", "p": 23.0, "s": 20.0, "year": 2011, "partner": 5009}, {"g": "m", "item": "Particle Board", "p": 5211.0, "s": 3796.0, "year": 2011, "partner": 5009}, {"g": "m", "item": "Sawnwood (NC)", "p": 45.0, "s": 40.0, "year": 2011, "partner": 5009}, {"g": "m", "item": "Ind Rwd Wir (C)", "p": 45.0, "s": 2.0, "year": 2011, "partner": 5009}, {"g": "m", "item": "Paper+-Board Ex Newsprnt", "p": 1391.0, "s": 1480.0, "year": 2011, "partner": 5009}, {"g": "m", "item": "Plywood", "p": 24.0, "s": 26.0, "year": 2011, "partner": 5009}, {"g": "m", "item": "Veneer Sheets", "p": 3.0, "s": 28.0, "year": 2012, "partner": 5009}, {"g": "m", "item": "Particle Board", "p": 5024.0, "s": 4629.0, "year": 2012, "partner": 5009}, {"g": "m", "item": "Plywood", "p": 187.0, "s": 138.0, "year": 2012, "partner": 5009}, {"g": "m", "item": "Plywood", "p": 191.0, "s": 344.0, "year": 2013, "partner": 5009}, {"g": "m", "item": "Veneer Sheets", "p": 22.0, "s": 9.0, "year": 2014, "partner": 5009}, {"g": "m", "item": "Sawnwood (NC)", "p": 22.0, "s": 32.0, "year": 2014, "partner": 5009}, {"g": "m", "item": "Plywood", "p": 377.0, "s": 510.0, "year": 2014, "partner": 5009}, {"g": "m", "item": "Paper+-Board Ex Newsprnt", "p": 6.0, "s": 7.0, "year": 2008, "partner": 149}, {"g": "m", "item": "Sawnwood (C)", "p": 5.0, "s": 3.0, "year": 2008, "partner": 150}, {"g": "m", "item": "Sawnwood (C)", "p": 11.0, "s": 5.0, "year": 2007, "partner": 150}, {"g": "m", "item": "Fibreboard", "p": 18.0, "s": 14.0, "year": 2007, "partner": 150}, {"g": "m", "item": "Sawnwood (NC)", "p": 27.0, "s": 26.0, "year": 2010, "partner": 159}, {"g": "m", "item": "Plywood", "p": 184.0, "s": 134.0, "year": 2012, "partner": 159}, {"g": "m", "item": "Wood Pulp", "p": 19.0, "s": 10.0, "year": 1997, "partner": 33}, {"g": "m", "item": "Paper+-Board Ex Newsprnt", "p": 15.0, "s": 7.0, "year": 2005, "partner": 165}, {"g": "m", "item": "Paper+-Board Ex Newsprnt", "p": 76.0, "s": 65.0, "year": 2001, "partner": 170}, {"g": "m", "item": "Paper+-Board Ex Newsprnt", "p": 91.0, "s": 12.0, "year": 2000, "partner": 171}, {"g": "m", "item": "Paper+-Board Ex Newsprnt", "p": 113.0, "s": 83.0, "year": 2001, "partner": 171}, {"g": "m", "item": "Paper+-Board Ex Newsprnt", "p": 89.0, "s": 70.0, "year": 2003, "partner": 171}, {"g": "m", "item": "Paper+-Board Ex Newsprnt", "p": 65.0, "s": 59.0, "year": 1998, "partner": 171}, {"g": "m", "item": "Sawnwood (C)", "p": 21.0, "s": 4.0, "year": 2003, "partner": 54}, {"g": "m", "item": "Paper+-Board Ex Newsprnt", "p": 4.0, "s": 4.0, "year": 2001, "partner": 58}, {"g": "m", "item": "Paper+-Board Ex Newsprnt", "p": 14.0, "s": 15.0, "year": 2001, "partner": 68}, {"g": "m", "item": "Paper+-Board Ex Newsprnt", "p": 4.0, "s": 3.0, "year": 2003, "partner": 68}, {"g": "m", "item": "Paper+-Board Ex Newsprnt", "p": 227.0, "s": 228.0, "year": 2004, "partner": 68}, {"g": "m", "item": "Paper+-Board Ex Newsprnt", "p": 512.0, "s": 518.0, "year": 2005, "partner": 68}, {"g": "m", "item": "Fibreboard", "p": 5.0, "s": 3.0, "year": 2008, "partner": 68}, {"g": "m", "item": "Plywood", "p": 22.0, "s": 24.0, "year": 2011, "partner": 68}, {"g": "m", "item": "Veneer Sheets", "p": 1.0, "s": 54.0, "year": 2008, "partner": 199}, {"g": "m", "item": "Paper+-Board Ex Newsprnt", "p": 5.0, "s": 4.0, "year": 2000, "partner": 79}, {"g": "m", "item": "Sawnwood (C)", "p": 255.0, "s": 17.0, "year": 2002, "partner": 79}, {"g": "m", "item": "Paper+-Board Ex Newsprnt", "p": 80.0, "s": 67.0, "year": 1997, "partner": 79}, {"g": "m", "item": "Paper+-Board Ex Newsprnt", "p": 2.0, "s": 6.0, "year": 1998, "partner": 79}, {"g": "m", "item": "Paper+-Board Ex Newsprnt", "p": 16.0, "s": 10.0, "year": 1999, "partner": 79}, {"g": "m", "item": "Paper+-Board Ex Newsprnt", "p": 9.0, "s": 21.0, "year": 2000, "partner": 211}, {"g": "m", "item": "Ind Rwd Wir (NC) Tropica", "p": 275.0, "s": 13.0, "year": 2003, "partner": 100}, {"g": "m", "item": "Fibreboard", "p": 5.0, "s": 5.0, "year": 2003, "partner": 100}, {"g": "m", "item": "Ind Rwd Wir (NC) Other", "p": 16888.0, "s": 609.0, "year": 2003, "partner": 100}, {"g": "m", "item": "Veneer Sheets", "p": 398.0, "s": 459.0, "year": 2003, "partner": 100}, {"g": "m", "item": "Particle Board", "p": 6030.0, "s": 4321.0, "year": 2003, "partner": 100}, {"g": "m", "item": "Fibreboard", "p": 136.0, "s": 13.0, "year": 2004, "partner": 100}, {"g": "m", "item": "Ind Rwd Wir (NC) Other", "p": 850.0, "s": 149.0, "year": 2004, "partner": 100}, {"g": "m", "item": "Veneer Sheets", "p": 440.0, "s": 282.0, "year": 2004, "partner": 100}, {"g": "m", "item": "Particle Board", "p": 5820.0, "s": 3758.0, "year": 2004, "partner": 100}, {"g": "m", "item": "Paper+-Board Ex Newsprnt", "p": 44.0, "s": 259.0, "year": 2004, "partner": 100}, {"g": "m", "item": "Paper+-Board Ex Newsprnt", "p": 28.0, "s": 23.0, "year": 2006, "partner": 100}, {"g": "m", "item": "Veneer Sheets", "p": 53.0, "s": 46.0, "year": 2007, "partner": 100}, {"g": "m", "item": "Particle Board", "p": 14421.0, "s": 5998.0, "year": 2007, "partner": 100}, {"g": "m", "item": "Ind Rwd Wir (NC) Tropica", "p": 373.0, "s": 313.0, "year": 2008, "partner": 100}, {"g": "m", "item": "Veneer Sheets", "p": 178.0, "s": 130.0, "year": 2008, "partner": 100}, {"g": "m", "item": "Particle Board", "p": 3804.0, "s": 1574.0, "year": 2008, "partner": 100}, {"g": "m", "item": "Plywood", "p": 24.0, "s": 31.0, "year": 2008, "partner": 100}, {"g": "m", "item": "Fibreboard", "p": 2000.0, "s": 536.0, "year": 2009, "partner": 100}, {"g": "m", "item": "Veneer Sheets", "p": 135.0, "s": 136.0, "year": 2009, "partner": 100}, {"g": "m", "item": "Particle Board", "p": 11458.0, "s": 5631.0, "year": 2009, "partner": 100}, {"g": "m", "item": "Sawnwood (NC)", "p": 21.0, "s": 16.0, "year": 2009, "partner": 100}, {"g": "m", "item": "Ind Rwd Wir (C)", "p": 120.0, "s": 6.0, "year": 2009, "partner": 100}, {"g": "m", "item": "Paper+-Board Ex Newsprnt", "p": 4.0, "s": 1.0, "year": 2009, "partner": 100}, {"g": "m", "item": "Plywood", "p": 338.0, "s": 542.0, "year": 2009, "partner": 100}, {"g": "m", "item": "Veneer Sheets", "p": 5.0, "s": 10.0, "year": 2010, "partner": 100}, {"g": "m", "item": "Particle Board", "p": 13211.0, "s": 5732.0, "year": 2010, "partner": 100}, {"g": "m", "item": "Sawnwood (NC)", "p": 18.0, "s": 14.0, "year": 2010, "partner": 100}, {"g": "m", "item": "Ind Rwd Wir (C)", "p": 45.0, "s": 2.0, "year": 2010, "partner": 100}, {"g": "m", "item": "Paper+-Board Ex Newsprnt", "p": 538.0, "s": 616.0, "year": 2010, "partner": 100}, {"g": "m", "item": "Plywood", "p": 390.0, "s": 586.0, "year": 2010, "partner": 100}, {"g": "m", "item": "Ind Rwd Wir (NC) Tropica", "p": 2.0, "s": 1.0, "year": 2011, "partner": 100}, {"g": "m", "item": "Fibreboard", "p": 848.0, "s": 389.0, "year": 2011, "partner": 100}, {"g": "m", "item": "Veneer Sheets", "p": 20.0, "s": 2.0, "year": 2011, "partner": 100}, {"g": "m", "item": "Particle Board", "p": 12981.0, "s": 5496.0, "year": 2011, "partner": 100}, {"g": "m", "item": "Sawnwood (NC)", "p": 39.0, "s": 27.0, "year": 2011, "partner": 100}, {"g": "m", "item": "Ind Rwd Wir (C)", "p": 29.0, "s": 2.0, "year": 2011, "partner": 100}, {"g": "m", "item": "Paper+-Board Ex Newsprnt", "p": 4.0, "s": 2.0, "year": 2011, "partner": 100}, {"g": "m", "item": "Plywood", "p": 254.0, "s": 361.0, "year": 2011, "partner": 100}, {"g": "m", "item": "Veneer Sheets", "p": 3.0, "s": 28.0, "year": 2012, "partner": 100}, {"g": "m", "item": "Particle Board", "p": 5024.0, "s": 4629.0, "year": 2012, "partner": 100}, {"g": "m", "item": "Plywood", "p": 3.0, "s": 4.0, "year": 2012, "partner": 100}, {"g": "m", "item": "Plywood", "p": 47.0, "s": 64.0, "year": 2013, "partner": 100}, {"g": "m", "item": "Veneer Sheets", "p": 22.0, "s": 9.0, "year": 2014, "partner": 100}, {"g": "m", "item": "Plywood", "p": 377.0, "s": 510.0, "year": 2014, "partner": 100}, {"g": "m", "item": "Paper+-Board Ex Newsprnt", "p": 6.0, "s": 4.0, "year": 2000, "partner": 229}, {"g": "m", "item": "Paper+-Board Ex Newsprnt", "p": 10.0, "s": 6.0, "year": 2001, "partner": 229}, {"g": "m", "item": "Paper+-Board Ex Newsprnt", "p": 7.0, "s": 4.0, "year": 1998, "partner": 229}, {"g": "m", "item": "Sawnwood (NC)", "p": 22.0, "s": 32.0, "year": 2014, "partner": 106}, {"g": "m", "item": "Fibreboard", "p": 24.0, "s": 1.0, "year": 2000, "partner": 108}, {"g": "m", "item": "Paper+-Board Ex Newsprnt", "p": 7.0, "s": 5.0, "year": 2000, "partner": 110}, {"g": "m", "item": "Paper+-Board Ex Newsprnt", "p": 3.0, "s": 2.0, "year": 2001, "partner": 110}, {"g": "m", "item": "Paper+-Board Ex Newsprnt", "p": 4.0, "s": 3.0, "year": 1998, "partner": 110}, {"g": "m", "item": "Paper+-Board Ex Newsprnt", "p": 17.0, "s": 10.0, "year": 1999, "partner": 110}, {"g": "m", "item": "Ind Rwd Wir (C)", "p": 21.0, "s": 15.0, "year": 1999, "partner": 110}, {"g": "m", "item": "Paper+-Board Ex Newsprnt", "p": 23.0, "s": 16.0, "year": 2007, "partner": 117}, {"g": "m", "item": "Paper+-Board Ex Newsprnt", "p": 2.0, "s": 0.0, "year": 1997, "partner": 254}, {"g": "m", "item": "Wood Pulp", "p": 0.0, "s": 0.0, "year": 1997, "partner": 254}, {"g": "m", "item": "Paper+-Board Ex Newsprnt", "p": 0.0, "s": -1.0, "year": 1998, "partner": 254}, {"g": "m", "item": "Plywood", "p": 0.0, "s": 0.0, "year": 1998, "partner": 254}, {"g": "m", "item": "Paper+-Board Ex Newsprnt", "p": 54.0, "s": 60.0, "year": 1999, "partner": 254}, {"g": "m", "item": "Ind Rwd Wir (C)", "p": 0.0, "s": 0.0, "year": 1999, "partner": 254}, {"g": "m", "item": "Paper+-Board Ex Newsprnt", "p": 2.0, "s": 5.0, "year": 2000, "partner": 254}, {"g": "m", "item": "Fibreboard", "p": 0.0, "s": 0.0, "year": 2000, "partner": 254}, {"g": "m", "item": "Paper+-Board Ex Newsprnt", "p": -69.0, "s": -41.0, "year": 2001, "partner": 254}, {"g": "m", "item": "Sawnwood (C)", "p": 0.0, "s": 0.0, "year": 2002, "partner": 254}, {"g": "m", "item": "Paper+-Board Ex Newsprnt", "p": 108.0, "s": 48.0, "year": 2002, "partner": 254}, {"g": "m", "item": "Ind Rwd Wir (NC) Tropica", "p": 0.0, "s": 35.0, "year": 2003, "partner": 254}, {"g": "m", "item": "Fibreboard", "p": 0.0, "s": 0.0, "year": 2003, "partner": 254}, {"g": "m", "item": "Ind Rwd Wir (NC) Other", "p": 0.0, "s": 0.0, "year": 2003, "partner": 254}, {"g": "m", "item": "Veneer Sheets", "p": 0.0, "s": 0.0, "year": 2003, "partner": 254}, {"g": "m", "item": "Particle Board", "p": 0.0, "s": 0.0, "year": 2003, "partner": 254}, {"g": "m", "item": "Sawnwood (C)", "p": 0.0, "s": 0.0, "year": 2003, "partner": 254}, {"g": "m", "item": "Paper+-Board Ex Newsprnt", "p": 0.0, "s": 29.0, "year": 2003, "partner": 254}, {"g": "m", "item": "Fibreboard", "p": -52.0, "s": 0.0, "year": 2004, "partner": 254}, {"g": "m", "item": "Ind Rwd Wir (NC) Other", "p": 1678.0, "s": 0.0, "year": 2004, "partner": 254}, {"g": "m", "item": "Veneer Sheets", "p": -82.0, "s": 0.0, "year": 2004, "partner": 254}, {"g": "m", "item": "Particle Board", "p": 16419.0, "s": 0.0, "year": 2004, "partner": 254}, {"g": "m", "item": "Paper+-Board Ex Newsprnt", "p": 253.0, "s": 71.0, "year": 2004, "partner": 254}, {"g": "m", "item": "Paper+-Board Ex Newsprnt", "p": -3.0, "s": 33.0, "year": 2005, "partner": 254}, {"g": "m", "item": "Paper+-Board Ex Newsprnt", "p": 496.0, "s": 535.0, "year": 2006, "partner": 254}, {"g": "m", "item": "Paper+-Board Ex Newsprnt", "p": 830.0, "s": 848.0, "year": 2007, "partner": 254}, {"g": "m", "item": "Ind Rwd Wir (NC) Tropica", "p": -134.0, "s": -278.0, "year": 2008, "partner": 254}, {"g": "m", "item": "Fibreboard", "p": 13.0, "s": 11.0, "year": 2008, "partner": 254}, {"g": "m", "item": "Veneer Sheets", "p": -126.0, "s": -138.0, "year": 2008, "partner": 254}, {"g": "m", "item": "Particle Board", "p": 10617.0, "s": 4424.0, "year": 2008, "partner": 254}, {"g": "m", "item": "Sawnwood (C)", "p": 6.0, "s": 2.0, "year": 2008, "partner": 254}, {"g": "m", "item": "Plywood", "p": 299.0, "s": 75.0, "year": 2008, "partner": 254}, {"g": "m", "item": "Paper+-Board Ex Newsprnt", "p": 847.0, "s": 857.0, "year": 2008, "partner": 254}, {"g": "m", "item": "Fibreboard", "p": -1982.0, "s": -522.0, "year": 2009, "partner": 254}, {"g": "m", "item": "Veneer Sheets", "p": -82.0, "s": -90.0, "year": 2009, "partner": 254}, {"g": "m", "item": "Particle Board", "p": 2963.0, "s": 367.0, "year": 2009, "partner": 254}, {"g": "m", "item": "Sawnwood (NC)", "p": -8.0, "s": -12.0, "year": 2009, "partner": 254}, {"g": "m", "item": "Plywood", "p": -15.0, "s": -436.0, "year": 2009, "partner": 254}, {"g": "m", "item": "Paper+-Board Ex Newsprnt", "p": 849.0, "s": 863.0, "year": 2009, "partner": 254}, {"g": "m", "item": "Veneer Sheets", "p": 0.0, "s": 0.0, "year": 2010, "partner": 254}, {"g": "m", "item": "Particle Board", "p": 0.0, "s": 0.0, "year": 2010, "partner": 254}, {"g": "m", "item": "Sawnwood (NC)", "p": 0.0, "s": 0.0, "year": 2010, "partner": 254}, {"g": "m", "item": "Ind Rwd Wir (C)", "p": 0.0, "s": 0.0, "year": 2010, "partner": 254}, {"g": "m", "item": "Paper+-Board Ex Newsprnt", "p": 853.0, "s": 864.0, "year": 2010, "partner": 254}, {"g": "m", "item": "Plywood", "p": 0.0, "s": 3.0, "year": 2010, "partner": 254}, {"g": "m", "item": "Ind Rwd Wir (NC) Tropica", "p": 237.0, "s": 34.0, "year": 2011, "partner": 254}, {"g": "m", "item": "Fibreboard", "p": 0.0, "s": 0.0, "year": 2011, "partner": 254}, {"g": "m", "item": "Veneer Sheets", "p": 3.0, "s": 18.0, "year": 2011, "partner": 254}, {"g": "m", "item": "Particle Board", "p": -7770.0, "s": -1700.0, "year": 2011, "partner": 254}, {"g": "m", "item": "Sawnwood (NC)", "p": 6.0, "s": 13.0, "year": 2011, "partner": 254}, {"g": "m", "item": "Ind Rwd Wir (C)", "p": 16.0, "s": 0.0, "year": 2011, "partner": 254}, {"g": "m", "item": "Paper+-Board Ex Newsprnt", "p": 1387.0, "s": 1478.0, "year": 2011, "partner": 254}, {"g": "m", "item": "Plywood", "p": -252.0, "s": -359.0, "year": 2011, "partner": 254}, {"g": "m", "item": "Veneer Sheets", "p": 0.0, "s": 0.0, "year": 2012, "partner": 254}, {"g": "m", "item": "Particle Board", "p": 0.0, "s": 0.0, "year": 2012, "partner": 254}, {"g": "m", "item": "Plywood", "p": 0.0, "s": 0.0, "year": 2012, "partner": 254}, {"g": "m", "item": "Plywood", "p": 144.0, "s": 280.0, "year": 2013, "partner": 254}, {"g": "m", "item": "Veneer Sheets", "p": 0.0, "s": 0.0, "year": 2014, "partner": 254}, {"g": "m", "item": "Sawnwood (NC)", "p": 0.0, "s": 0.0, "year": 2014, "partner": 254}, {"g": "m", "item": "Plywood", "p": 0.0, "s": 0.0, "year": 2014, "partner": 254}, {"g": "f", "item": "Paper+-Board Ex Newsprnt", "p": 7.0, "s": 16.0, "year": 2001, "partner": 256}, {"g": "f", "item": "Veneer Sheets", "p": 59.0, "s": 45.0, "year": 2008, "partner": 131}, {"g": "f", "item": "Paper+-Board Ex Newsprnt", "p": 5.0, "s": 1.0, "year": 2008, "partner": 131}, {"g": "f", "item": "Veneer Sheets", "p": 17.0, "s": 10.0, "year": 2009, "partner": 131}, {"g": "f", "item": "Ind Rwd Wir (NC) Tropica", "p": 17.0, "s": 12.0, "year": 2011, "partner": 131}, {"g": "f", "item": "Paper+-Board Ex Newsprnt", "p": 2.0, "s": 0.0, "year": 2008, "partner": 11}, {"g": "f", "item": "Ind Rwd Wir (C)", "p": 29.0, "s": 2.0, "year": 2011, "partner": 11}, {"g": "f", "item": "Paper+-Board Ex Newsprnt", "p": 10.0, "s": 45.0, "year": 2000, "partner": 15}, {"g": "f", "item": "Paper+-Board Ex Newsprnt", "p": 9.0, "s": 15.0, "year": 2008, "partner": 16}, {"g": "f", "item": "Paper+-Board Ex Newsprnt", "p": 5.0, "s": 10.0, "year": 2009, "partner": 16}, {"g": "f", "item": "Paper+-Board Ex Newsprnt", "p": 16.0, "s": 26.0, "year": 2010, "partner": 16}, {"g": "f", "item": "Paper+-Board Ex Newsprnt", "p": 180.0, "s": 545.0, "year": 1997, "partner": 5009}, {"g": "f", "item": "Wood Pulp", "p": 506.0, "s": 196.0, "year": 1997, "partner": 5009}, {"g": "f", "item": "Paper+-Board Ex Newsprnt", "p": 127.0, "s": 502.0, "year": 1998, "partner": 5009}, {"g": "f", "item": "Paper+-Board Ex Newsprnt", "p": 127.0, "s": 502.0, "year": 1999, "partner": 5009}, {"g": "f", "item": "Paper+-Board Ex Newsprnt", "p": 165.0, "s": 429.0, "year": 2000, "partner": 5009}, {"g": "f", "item": "Paper+-Board Ex Newsprnt", "p": 141.0, "s": 195.0, "year": 2001, "partner": 5009}, {"g": "f", "item": "Paper+-Board Ex Newsprnt", "p": 144.0, "s": 199.0, "year": 2002, "partner": 5009}, {"g": "f", "item": "Plywood", "p": 6.0, "s": 3.0, "year": 2002, "partner": 5009}, {"g": "f", "item": "Veneer Sheets", "p": 7.0, "s": 5.0, "year": 2003, "partner": 5009}, {"g": "f", "item": "Newsprint", "p": 10.0, "s": 6.0, "year": 2003, "partner": 5009}, {"g": "f", "item": "Particle Board", "p": 21.0, "s": 18.0, "year": 2003, "partner": 5009}, {"g": "f", "item": "Paper+-Board Ex Newsprnt", "p": 864.0, "s": 880.0, "year": 2003, "partner": 5009}, {"g": "f", "item": "Veneer Sheets", "p": 24.0, "s": 19.0, "year": 2004, "partner": 5009}, {"g": "f", "item": "Paper+-Board Ex Newsprnt", "p": 732.0, "s": 567.0, "year": 2004, "partner": 5009}, {"g": "f", "item": "Paper+-Board Ex Newsprnt", "p": 732.0, "s": 567.0, "year": 2005, "partner": 5009}, {"g": "f", "item": "Plywood", "p": 35.0, "s": 12.0, "year": 2005, "partner": 5009}, {"g": "f", "item": "Wood Pulp", "p": 506.0, "s": 196.0, "year": 2005, "partner": 5009}, {"g": "f", "item": "Paper+-Board Ex Newsprnt", "p": 732.0, "s": 567.0, "year": 2006, "partner": 5009}, {"g": "f", "item": "Veneer Sheets", "p": 2.0, "s": 6.0, "year": 2007, "partner": 5009}, {"g": "f", "item": "Particle Board", "p": 11.0, "s": 28.0, "year": 2007, "partner": 5009}, {"g": "f", "item": "Paper+-Board Ex Newsprnt", "p": 682.0, "s": 1265.0, "year": 2007, "partner": 5009}, {"g": "f", "item": "Particle Board", "p": 11.0, "s": 28.0, "year": 2008, "partner": 5009}, {"g": "f", "item": "Veneer Sheets", "p": 2.0, "s": 6.0, "year": 2008, "partner": 5009}, {"g": "f", "item": "Newsprint", "p": 10.0, "s": 6.0, "year": 2008, "partner": 5009}, {"g": "f", "item": "Sawnwood (NC)", "p": 23000.0, "s": 81.0, "year": 2008, "partner": 5009}, {"g": "f", "item": "Plywood", "p": 82.0, "s": 33.0, "year": 2008, "partner": 5009}, {"g": "f", "item": "Paper+-Board Ex Newsprnt", "p": 682.0, "s": 1265.0, "year": 2008, "partner": 5009}, {"g": "f", "item": "Particle Board", "p": 11.0, "s": 28.0, "year": 2009, "partner": 5009}, {"g": "f", "item": "Veneer Sheets", "p": 2.0, "s": 6.0, "year": 2009, "partner": 5009}, {"g": "f", "item": "Newsprint", "p": 10.0, "s": 6.0, "year": 2009, "partner": 5009}, {"g": "f", "item": "Sawnwood (NC)", "p": 23000.0, "s": 81.0, "year": 2009, "partner": 5009}, {"g": "f", "item": "Plywood", "p": 82.0, "s": 33.0, "year": 2009, "partner": 5009}, {"g": "f", "item": "Paper+-Board Ex Newsprnt", "p": 682.0, "s": 1265.0, "year": 2009, "partner": 5009}, {"g": "f", "item": "Chips and Particles", "p": 257.0, "s": 16.0, "year": 2010, "partner": 5009}, {"g": "f", "item": "Ind Rwd Wir (NC) Tropica", "p": 147.0, "s": 108.0, "year": 2010, "partner": 5009}, {"g": "f", "item": "Fibreboard", "p": 7.0, "s": 6.0, "year": 2010, "partner": 5009}, {"g": "f", "item": "Veneer Sheets", "p": 295.0, "s": 84.0, "year": 2010, "partner": 5009}, {"g": "f", "item": "Particle Board", "p": 509.0, "s": 331.0, "year": 2010, "partner": 5009}, {"g": "f", "item": "Sawnwood (C)", "p": 34.0, "s": 14.0, "year": 2010, "partner": 5009}, {"g": "f", "item": "Newsprint", "p": 30.0, "s": 27.0, "year": 2010, "partner": 5009}, {"g": "f", "item": "Ind Rwd Wir (C)", "p": 2011.0, "s": 123.0, "year": 2010, "partner": 5009}, {"g": "f", "item": "Sawnwood (NC)", "p": 126.0, "s": 157.0, "year": 2010, "partner": 5009}, {"g": "f", "item": "Paper+-Board Ex Newsprnt", "p": 2911.0, "s": 3145.0, "year": 2010, "partner": 5009}, {"g": "f", "item": "Plywood", "p": 1622.0, "s": 1578.0, "year": 2010, "partner": 5009}, {"g": "f", "item": "Chips and Particles", "p": 257.0, "s": 16.0, "year": 2011, "partner": 5009}, {"g": "f", "item": "Ind Rwd Wir (NC) Tropica", "p": 147.0, "s": 108.0, "year": 2011, "partner": 5009}, {"g": "f", "item": "Fibreboard", "p": 96.0, "s": 151.0, "year": 2011, "partner": 5009}, {"g": "f", "item": "Veneer Sheets", "p": 65.0, "s": 46.0, "year": 2011, "partner": 5009}, {"g": "f", "item": "Particle Board", "p": 15.0, "s": 3.0, "year": 2011, "partner": 5009}, {"g": "f", "item": "Sawnwood (C)", "p": 31.0, "s": 12.0, "year": 2011, "partner": 5009}, {"g": "f", "item": "Newsprint", "p": 30.0, "s": 27.0, "year": 2011, "partner": 5009}, {"g": "f", "item": "Ind Rwd Wir (C)", "p": 2011.0, "s": 123.0, "year": 2011, "partner": 5009}, {"g": "f", "item": "Paper+-Board Ex Newsprnt", "p": 1229.0, "s": 1208.0, "year": 2011, "partner": 5009}, {"g": "f", "item": "Plywood", "p": 107.0, "s": 151.0, "year": 2011, "partner": 5009}, {"g": "f", "item": "Fibreboard", "p": 222.0, "s": 236.0, "year": 2012, "partner": 5009}, {"g": "f", "item": "Veneer Sheets", "p": 54.0, "s": 45.0, "year": 2012, "partner": 5009}, {"g": "f", "item": "Particle Board", "p": 3.0, "s": 17.0, "year": 2012, "partner": 5009}, {"g": "f", "item": "Plywood", "p": 34.0, "s": 59.0, "year": 2012, "partner": 5009}, {"g": "f", "item": "Paper+-Board Ex Newsprnt", "p": 1320.0, "s": 1047.0, "year": 2012, "partner": 5009}, {"g": "f", "item": "Fibreboard", "p": 222.0, "s": 236.0, "year": 2013, "partner": 5009}, {"g": "f", "item": "Veneer Sheets", "p": 207.0, "s": 112.0, "year": 2013, "partner": 5009}, {"g": "f", "item": "Sawnwood (C)", "p": 31.0, "s": 12.0, "year": 2013, "partner": 5009}, {"g": "f", "item": "Newsprint", "p": 30.0, "s": 27.0, "year": 2013, "partner": 5009}, {"g": "f", "item": "Plywood", "p": 1830.0, "s": 1831.0, "year": 2013, "partner": 5009}, {"g": "f", "item": "Paper+-Board Ex Newsprnt", "p": 1320.0, "s": 1047.0, "year": 2013, "partner": 5009}, {"g": "f", "item": "Fibreboard", "p": 133.0, "s": 202.0, "year": 2014, "partner": 5009}, {"g": "f", "item": "Veneer Sheets", "p": 22.0, "s": 21.0, "year": 2014, "partner": 5009}, {"g": "f", "item": "Particle Board", "p": 17.0, "s": 37.0, "year": 2014, "partner": 5009}, {"g": "f", "item": "Newsprint", "p": 2.0, "s": 5.0, "year": 2014, "partner": 5009}, {"g": "f", "item": "Paper+-Board Ex Newsprnt", "p": 1355.0, "s": 1425.0, "year": 2014, "partner": 5009}, {"g": "f", "item": "Paper+-Board Ex Newsprnt", "p": 22.0, "s": 10.0, "year": 2011, "partner": 149}, {"g": "f", "item": "Paper+-Board Ex Newsprnt", "p": 2.0, "s": 6.0, "year": 2009, "partner": 150}, {"g": "f", "item": "Paper+-Board Ex Newsprnt", "p": 20.0, "s": 11.0, "year": 2006, "partner": 150}, {"g": "f", "item": "Plywood", "p": 26.0, "s": 24.0, "year": 2011, "partner": 26}, {"g": "f", "item": "Sawnwood (C)", "p": 23.0, "s": 10.0, "year": 2010, "partner": 33}, {"g": "f", "item": "Wood Pulp", "p": 506.0, "s": 196.0, "year": 1997, "partner": 40}, {"g": "f", "item": "Paper+-Board Ex Newsprnt", "p": 25.0, "s": 12.0, "year": 2014, "partner": 173}, {"g": "f", "item": "Paper+-Board Ex Newsprnt", "p": 16.0, "s": 52.0, "year": 2009, "partner": 54}, {"g": "f", "item": "Paper+-Board Ex Newsprnt", "p": 11.0, "s": 1.0, "year": 2010, "partner": 54}, {"g": "f", "item": "Paper+-Board Ex Newsprnt", "p": 52.0, "s": 161.0, "year": 1997, "partner": 68}, {"g": "f", "item": "Paper+-Board Ex Newsprnt", "p": 27.0, "s": 41.0, "year": 2008, "partner": 200}, {"g": "f", "item": "Particle Board", "p": 7.0, "s": 4.0, "year": 2008, "partner": 200}, {"g": "f", "item": "Paper+-Board Ex Newsprnt", "p": 14.0, "s": 14.0, "year": 2009, "partner": 200}, {"g": "f", "item": "Paper+-Board Ex Newsprnt", "p": 13.0, "s": 14.0, "year": 2010, "partner": 200}, {"g": "f", "item": "Paper+-Board Ex Newsprnt", "p": 15.0, "s": 11.0, "year": 2011, "partner": 200}, {"g": "f", "item": "Paper+-Board Ex Newsprnt", "p": 51.0, "s": 39.0, "year": 2008, "partner": 202}, {"g": "f", "item": "Paper+-Board Ex Newsprnt", "p": 14.0, "s": 19.0, "year": 2010, "partner": 203}, {"g": "f", "item": "Paper+-Board Ex Newsprnt", "p": 89.0, "s": 360.0, "year": 1997, "partner": 79}, {"g": "f", "item": "Paper+-Board Ex Newsprnt", "p": 124.0, "s": 500.0, "year": 1998, "partner": 79}, {"g": "f", "item": "Paper+-Board Ex Newsprnt", "p": 359.0, "s": 161.0, "year": 1999, "partner": 79}, {"g": "f", "item": "Paper+-Board Ex Newsprnt", "p": 155.0, "s": 385.0, "year": 2000, "partner": 79}, {"g": "f", "item": "Paper+-Board Ex Newsprnt", "p": 13.0, "s": 25.0, "year": 2002, "partner": 79}, {"g": "f", "item": "Paper+-Board Ex Newsprnt", "p": 125.0, "s": 347.0, "year": 2003, "partner": 79}, {"g": "f", "item": "Paper+-Board Ex Newsprnt", "p": 97.0, "s": 394.0, "year": 2004, "partner": 79}, {"g": "f", "item": "Paper+-Board Ex Newsprnt", "p": 125.0, "s": 543.0, "year": 2005, "partner": 79}, {"g": "f", "item": "Wood Pulp", "p": 1.0, "s": 2.0, "year": 2005, "partner": 79}, {"g": "f", "item": "Paper+-Board Ex Newsprnt", "p": 136.0, "s": 611.0, "year": 2006, "partner": 79}, {"g": "f", "item": "Paper+-Board Ex Newsprnt", "p": 127.0, "s": 690.0, "year": 2007, "partner": 79}, {"g": "f", "item": "Paper+-Board Ex Newsprnt", "p": 79.0, "s": 327.0, "year": 2008, "partner": 79}, {"g": "f", "item": "Paper+-Board Ex Newsprnt", "p": 200.0, "s": 941.0, "year": 2009, "partner": 79}, {"g": "f", "item": "Paper+-Board Ex Newsprnt", "p": 5.0, "s": 38.0, "year": 2010, "partner": 79}, {"g": "f", "item": "Paper+-Board Ex Newsprnt", "p": 100.0, "s": 33.0, "year": 2001, "partner": 210}, {"g": "f", "item": "Paper+-Board Ex Newsprnt", "p": 11.0, "s": 31.0, "year": 2010, "partner": 211}, {"g": "f", "item": "Plywood", "p": 18.0, "s": 17.0, "year": 2011, "partner": 211}, {"g": "f", "item": "Paper+-Board Ex Newsprnt", "p": 3.0, "s": 4.0, "year": 2007, "partner": 211}, {"g": "f", "item": "Paper+-Board Ex Newsprnt", "p": 20.0, "s": 26.0, "year": 2008, "partner": 216}, {"g": "f", "item": "Plywood", "p": 2.0, "s": 3.0, "year": 2008, "partner": 216}, {"g": "f", "item": "Paper+-Board Ex Newsprnt", "p": 3.0, "s": 7.0, "year": 2009, "partner": 216}, {"g": "f", "item": "Paper+-Board Ex Newsprnt", "p": 2.0, "s": 12.0, "year": 2010, "partner": 216}, {"g": "f", "item": "Particle Board", "p": 27.0, "s": 13.0, "year": 2010, "partner": 216}, {"g": "f", "item": "Paper+-Board Ex Newsprnt", "p": 10.0, "s": 20.0, "year": 2011, "partner": 216}, {"g": "f", "item": "Paper+-Board Ex Newsprnt", "p": 18.0, "s": 7.0, "year": 2013, "partner": 216}, {"g": "f", "item": "Paper+-Board Ex Newsprnt", "p": 21.0, "s": 22.0, "year": 2014, "partner": 216}, {"g": "f", "item": "Paper+-Board Ex Newsprnt", "p": 1.0, "s": 2.0, "year": 2003, "partner": 351}, {"g": "f", "item": "Paper+-Board Ex Newsprnt", "p": 7.0, "s": 8.0, "year": 2008, "partner": 351}, {"g": "f", "item": "Plywood", "p": 2.0, "s": 3.0, "year": 2008, "partner": 351}, {"g": "f", "item": "Paper+-Board Ex Newsprnt", "p": 1.0, "s": 1.0, "year": 2009, "partner": 351}, {"g": "f", "item": "Paper+-Board Ex Newsprnt", "p": 101.0, "s": 306.0, "year": 2010, "partner": 351}, {"g": "f", "item": "Plywood", "p": 29.0, "s": 24.0, "year": 2010, "partner": 351}, {"g": "f", "item": "Paper+-Board Ex Newsprnt", "p": 93.0, "s": 295.0, "year": 2011, "partner": 351}, {"g": "f", "item": "Particle Board", "p": 1.0, "s": 1.0, "year": 2011, "partner": 351}, {"g": "f", "item": "Plywood", "p": 9.0, "s": 10.0, "year": 2011, "partner": 351}, {"g": "f", "item": "Fibreboard", "p": 126.0, "s": 85.0, "year": 2012, "partner": 351}, {"g": "f", "item": "Paper+-Board Ex Newsprnt", "p": 31.0, "s": 121.0, "year": 2013, "partner": 351}, {"g": "f", "item": "Newsprint", "p": 7.0, "s": 41.0, "year": 2013, "partner": 351}, {"g": "f", "item": "Fibreboard", "p": 22.0, "s": 14.0, "year": 2013, "partner": 351}, {"g": "f", "item": "Paper+-Board Ex Newsprnt", "p": 41.0, "s": 162.0, "year": 2014, "partner": 351}, {"g": "f", "item": "Fibreboard", "p": 21.0, "s": 15.0, "year": 2014, "partner": 351}, {"g": "f", "item": "Veneer Sheets", "p": 7.0, "s": 5.0, "year": 2003, "partner": 100}, {"g": "f", "item": "Newsprint", "p": 10.0, "s": 6.0, "year": 2003, "partner": 100}, {"g": "f", "item": "Particle Board", "p": 21.0, "s": 18.0, "year": 2003, "partner": 100}, {"g": "f", "item": "Paper+-Board Ex Newsprnt", "p": 738.0, "s": 530.0, "year": 2003, "partner": 100}, {"g": "f", "item": "Veneer Sheets", "p": 107.0, "s": 19.0, "year": 2004, "partner": 100}, {"g": "f", "item": "Paper+-Board Ex Newsprnt", "p": 366.0, "s": 159.0, "year": 2004, "partner": 100}, {"g": "f", "item": "Paper+-Board Ex Newsprnt", "p": 415.0, "s": 187.0, "year": 2006, "partner": 100}, {"g": "f", "item": "Veneer Sheets", "p": 2.0, "s": 6.0, "year": 2007, "partner": 100}, {"g": "f", "item": "Particle Board", "p": 11.0, "s": 28.0, "year": 2007, "partner": 100}, {"g": "f", "item": "Paper+-Board Ex Newsprnt", "p": 540.0, "s": 544.0, "year": 2007, "partner": 100}, {"g": "f", "item": "Ind Rwd Wir (NC) Tropica", "p": 106.0, "s": 89.0, "year": 2008, "partner": 100}, {"g": "f", "item": "Fibreboard", "p": 15.0, "s": 9.0, "year": 2008, "partner": 100}, {"g": "f", "item": "Ind Rwd Wir (NC) Other", "p": 134.0, "s": 11.0, "year": 2008, "partner": 100}, {"g": "f", "item": "Veneer Sheets", "p": 141.0, "s": 59.0, "year": 2008, "partner": 100}, {"g": "f", "item": "Particle Board", "p": 686.0, "s": 408.0, "year": 2008, "partner": 100}, {"g": "f", "item": "Newsprint", "p": 11.0, "s": 11.0, "year": 2008, "partner": 100}, {"g": "f", "item": "Ind Rwd Wir (C)", "p": 32.0, "s": 2.0, "year": 2008, "partner": 100}, {"g": "f", "item": "Sawnwood (NC)", "p": 62.0, "s": 78.0, "year": 2008, "partner": 100}, {"g": "f", "item": "Paper+-Board Ex Newsprnt", "p": 2959.0, "s": 2578.0, "year": 2008, "partner": 100}, {"g": "f", "item": "Plywood", "p": 490.0, "s": 621.0, "year": 2008, "partner": 100}, {"g": "f", "item": "Chips and Particles", "p": 417.0, "s": 19.0, "year": 2009, "partner": 100}, {"g": "f", "item": "Ind Rwd Wir (NC) Tropica", "p": 139.0, "s": 121.0, "year": 2009, "partner": 100}, {"g": "f", "item": "Fibreboard", "p": 33.0, "s": 19.0, "year": 2009, "partner": 100}, {"g": "f", "item": "Veneer Sheets", "p": 218.0, "s": 127.0, "year": 2009, "partner": 100}, {"g": "f", "item": "Particle Board", "p": 464.0, "s": 350.0, "year": 2009, "partner": 100}, {"g": "f", "item": "Newsprint", "p": 10.0, "s": 6.0, "year": 2009, "partner": 100}, {"g": "f", "item": "Ind Rwd Wir (C)", "p": 935.0, "s": 57.0, "year": 2009, "partner": 100}, {"g": "f", "item": "Sawnwood (NC)", "p": 58.0, "s": 83.0, "year": 2009, "partner": 100}, {"g": "f", "item": "Paper+-Board Ex Newsprnt", "p": 2772.0, "s": 2424.0, "year": 2009, "partner": 100}, {"g": "f", "item": "Plywood", "p": 694.0, "s": 956.0, "year": 2009, "partner": 100}, {"g": "f", "item": "Chips and Particles", "p": 257.0, "s": 16.0, "year": 2010, "partner": 100}, {"g": "f", "item": "Ind Rwd Wir (NC) Tropica", "p": 147.0, "s": 108.0, "year": 2010, "partner": 100}, {"g": "f", "item": "Fibreboard", "p": 7.0, "s": 6.0, "year": 2010, "partner": 100}, {"g": "f", "item": "Particle Board", "p": 482.0, "s": 317.0, "year": 2010, "partner": 100}, {"g": "f", "item": "Veneer Sheets", "p": 295.0, "s": 84.0, "year": 2010, "partner": 100}, {"g": "f", "item": "Ind Rwd Wir (NC) Other", "p": 3.0, "s": 2.0, "year": 2010, "partner": 100}, {"g": "f", "item": "Newsprint", "p": 30.0, "s": 27.0, "year": 2010, "partner": 100}, {"g": "f", "item": "Ind Rwd Wir (C)", "p": 2011.0, "s": 123.0, "year": 2010, "partner": 100}, {"g": "f", "item": "Sawnwood (NC)", "p": 123.0, "s": 153.0, "year": 2010, "partner": 100}, {"g": "f", "item": "Paper+-Board Ex Newsprnt", "p": 2717.0, "s": 2626.0, "year": 2010, "partner": 100}, {"g": "f", "item": "Plywood", "p": 1582.0, "s": 1541.0, "year": 2010, "partner": 100}, {"g": "f", "item": "Chips and Particles", "p": 253.0, "s": 14.0, "year": 2011, "partner": 100}, {"g": "f", "item": "Ind Rwd Wir (NC) Tropica", "p": 194.0, "s": 134.0, "year": 2011, "partner": 100}, {"g": "f", "item": "Fibreboard", "p": 9.0, "s": 6.0, "year": 2011, "partner": 100}, {"g": "f", "item": "Veneer Sheets", "p": 184.0, "s": 95.0, "year": 2011, "partner": 100}, {"g": "f", "item": "Particle Board", "p": 1109.0, "s": 707.0, "year": 2011, "partner": 100}, {"g": "f", "item": "Newsprint", "p": 10.0, "s": 7.0, "year": 2011, "partner": 100}, {"g": "f", "item": "Ind Rwd Wir (C)", "p": 1645.0, "s": 100.0, "year": 2011, "partner": 100}, {"g": "f", "item": "Paper+-Board Ex Newsprnt", "p": 3252.0, "s": 3105.0, "year": 2011, "partner": 100}, {"g": "f", "item": "Plywood", "p": 2110.0, "s": 2220.0, "year": 2011, "partner": 100}, {"g": "f", "item": "Paper+-Board Ex Newsprnt", "p": 627.0, "s": 290.0, "year": 2012, "partner": 100}, {"g": "f", "item": "Veneer Sheets", "p": 54.0, "s": 45.0, "year": 2012, "partner": 100}, {"g": "f", "item": "Particle Board", "p": 3.0, "s": 17.0, "year": 2012, "partner": 100}, {"g": "f", "item": "Plywood", "p": 34.0, "s": 50.0, "year": 2012, "partner": 100}, {"g": "f", "item": "Paper+-Board Ex Newsprnt", "p": 1472.0, "s": 476.0, "year": 2013, "partner": 100}, {"g": "f", "item": "Veneer Sheets", "p": 28.0, "s": 30.0, "year": 2013, "partner": 100}, {"g": "f", "item": "Plywood", "p": 16.0, "s": 24.0, "year": 2013, "partner": 100}, {"g": "f", "item": "Fibreboard", "p": 48.0, "s": 101.0, "year": 2013, "partner": 100}, {"g": "f", "item": "Fibreboard", "p": 16.0, "s": 36.0, "year": 2014, "partner": 100}, {"g": "f", "item": "Veneer Sheets", "p": 22.0, "s": 21.0, "year": 2014, "partner": 100}, {"g": "f", "item": "Particle Board", "p": 17.0, "s": 37.0, "year": 2014, "partner": 100}, {"g": "f", "item": "Newsprint", "p": 2.0, "s": 5.0, "year": 2014, "partner": 100}, {"g": "f", "item": "Paper+-Board Ex Newsprnt", "p": 1163.0, "s": 1044.0, "year": 2014, "partner": 100}, {"g": "f", "item": "Paper+-Board Ex Newsprnt", "p": 11.0, "s": 13.0, "year": 2001, "partner": 229}, {"g": "f", "item": "Paper+-Board Ex Newsprnt", "p": 3.0, "s": 4.0, "year": 2002, "partner": 229}, {"g": "f", "item": "Paper+-Board Ex Newsprnt", "p": 35.0, "s": 22.0, "year": 1997, "partner": 229}, {"g": "f", "item": "Paper+-Board Ex Newsprnt", "p": 22.0, "s": 103.0, "year": 1999, "partner": 229}, {"g": "f", "item": "Paper+-Board Ex Newsprnt", "p": 3.0, "s": 2.0, "year": 1997, "partner": 110}, {"g": "f", "item": "Plywood", "p": 10.0, "s": 4.0, "year": 2002, "partner": 110}, {"g": "f", "item": "Plywood", "p": 21.0, "s": 12.0, "year": 2005, "partner": 110}, {"g": "f", "item": "Sawnwood (C)", "p": 11.0, "s": 4.0, "year": 2010, "partner": 110}, {"g": "f", "item": "Sawnwood (NC)", "p": 2.0, "s": 4.0, "year": 2010, "partner": 110}, {"g": "f", "item": "Plywood", "p": 11.0, "s": 12.0, "year": 2010, "partner": 110}, {"g": "f", "item": "Sawnwood (C)", "p": 25.0, "s": 11.0, "year": 2011, "partner": 110}, {"g": "f", "item": "Plywood", "p": 32.0, "s": 37.0, "year": 2011, "partner": 110}, {"g": "f", "item": "Plywood", "p": 30.0, "s": 35.0, "year": 2013, "partner": 110}, {"g": "f", "item": "Plywood", "p": 31.0, "s": 37.0, "year": 2009, "partner": 251}, {"g": "f", "item": "Sawnwood (C)", "p": 6.0, "s": 1.0, "year": 2011, "partner": 251}, {"g": "f", "item": "Sawnwood (C)", "p": 5.0, "s": 7.0, "year": 2005, "partner": 251}, {"g": "f", "item": "Plywood", "p": 61.0, "s": 20.0, "year": 2005, "partner": 251}, {"g": "f", "item": "Sawnwood (C)", "p": 54.0, "s": 11.0, "year": 2013, "partner": 251}, {"g": "f", "item": "Paper+-Board Ex Newsprnt", "p": 10.0, "s": 45.0, "year": 2000, "partner": 252}, {"g": "f", "item": "Paper+-Board Ex Newsprnt", "p": 1.0, "s": 0.0, "year": 1997, "partner": 254}, {"g": "f", "item": "Wood Pulp", "p": 0.0, "s": 0.0, "year": 1997, "partner": 254}, {"g": "f", "item": "Paper+-Board Ex Newsprnt", "p": 3.0, "s": 2.0, "year": 1998, "partner": 254}, {"g": "f", "item": "Paper+-Board Ex Newsprnt", "p": -254.0, "s": 238.0, "year": 1999, "partner": 254}, {"g": "f", "item": "Paper+-Board Ex Newsprnt", "p": 0.0, "s": -1.0, "year": 2000, "partner": 254}, {"g": "f", "item": "Paper+-Board Ex Newsprnt", "p": 23.0, "s": 133.0, "year": 2001, "partner": 254}, {"g": "f", "item": "Paper+-Board Ex Newsprnt", "p": 128.0, "s": 170.0, "year": 2002, "partner": 254}, {"g": "f", "item": "Plywood", "p": -4.0, "s": -1.0, "year": 2002, "partner": 254}, {"g": "f", "item": "Veneer Sheets", "p": 0.0, "s": 0.0, "year": 2003, "partner": 254}, {"g": "f", "item": "Newsprint", "p": 0.0, "s": 0.0, "year": 2003, "partner": 254}, {"g": "f", "item": "Particle Board", "p": 0.0, "s": 0.0, "year": 2003, "partner": 254}, {"g": "f", "item": "Paper+-Board Ex Newsprnt", "p": 0.0, "s": 1.0, "year": 2003, "partner": 254}, {"g": "f", "item": "Veneer Sheets", "p": -83.0, "s": 0.0, "year": 2004, "partner": 254}, {"g": "f", "item": "Paper+-Board Ex Newsprnt", "p": 269.0, "s": 14.0, "year": 2004, "partner": 254}, {"g": "f", "item": "Paper+-Board Ex Newsprnt", "p": 601.0, "s": -4.0, "year": 2005, "partner": 254}, {"g": "f", "item": "Plywood", "p": -47.0, "s": -21.0, "year": 2005, "partner": 254}, {"g": "f", "item": "Wood Pulp", "p": 505.0, "s": 194.0, "year": 2005, "partner": 254}, {"g": "f", "item": "Paper+-Board Ex Newsprnt", "p": 155.0, "s": -275.0, "year": 2006, "partner": 254}, {"g": "f", "item": "Paper+-Board Ex Newsprnt", "p": 11.0, "s": 27.0, "year": 2007, "partner": 254}, {"g": "f", "item": "Particle Board", "p": -682.0, "s": -384.0, "year": 2008, "partner": 254}, {"g": "f", "item": "Veneer Sheets", "p": -199.0, "s": -98.0, "year": 2008, "partner": 254}, {"g": "f", "item": "Newsprint", "p": -1.0, "s": -5.0, "year": 2008, "partner": 254}, {"g": "f", "item": "Sawnwood (NC)", "p": 22938.0, "s": 3.0, "year": 2008, "partner": 254}, {"g": "f", "item": "Plywood", "p": -413.0, "s": -594.0, "year": 2008, "partner": 254}, {"g": "f", "item": "Paper+-Board Ex Newsprnt", "p": -2476.0, "s": -1769.0, "year": 2008, "partner": 254}, {"g": "f", "item": "Particle Board", "p": -453.0, "s": -322.0, "year": 2009, "partner": 254}, {"g": "f", "item": "Veneer Sheets", "p": -233.0, "s": -131.0, "year": 2009, "partner": 254}, {"g": "f", "item": "Newsprint", "p": 0.0, "s": 0.0, "year": 2009, "partner": 254}, {"g": "f", "item": "Sawnwood (NC)", "p": 22942.0, "s": -2.0, "year": 2009, "partner": 254}, {"g": "f", "item": "Plywood", "p": -643.0, "s": -960.0, "year": 2009, "partner": 254}, {"g": "f", "item": "Paper+-Board Ex Newsprnt", "p": -2330.0, "s": -2190.0, "year": 2009, "partner": 254}, {"g": "f", "item": "Chips and Particles", "p": 0.0, "s": 0.0, "year": 2010, "partner": 254}, {"g": "f", "item": "Ind Rwd Wir (NC) Tropica", "p": 0.0, "s": 0.0, "year": 2010, "partner": 254}, {"g": "f", "item": "Fibreboard", "p": 0.0, "s": 0.0, "year": 2010, "partner": 254}, {"g": "f", "item": "Veneer Sheets", "p": 0.0, "s": 0.0, "year": 2010, "partner": 254}, {"g": "f", "item": "Particle Board", "p": 1.0, "s": 0.0, "year": 2010, "partner": 254}, {"g": "f", "item": "Sawnwood (C)", "p": 0.0, "s": 0.0, "year": 2010, "partner": 254}, {"g": "f", "item": "Newsprint", "p": 0.0, "s": 0.0, "year": 2010, "partner": 254}, {"g": "f", "item": "Ind Rwd Wir (C)", "p": 0.0, "s": 0.0, "year": 2010, "partner": 254}, {"g": "f", "item": "Sawnwood (NC)", "p": 0.0, "s": 0.0, "year": 2010, "partner": 254}, {"g": "f", "item": "Paper+-Board Ex Newsprnt", "p": 23.0, "s": 72.0, "year": 2010, "partner": 254}, {"g": "f", "item": "Plywood", "p": 0.0, "s": 0.0, "year": 2010, "partner": 254}, {"g": "f", "item": "Chips and Particles", "p": 4.0, "s": 2.0, "year": 2011, "partner": 254}, {"g": "f", "item": "Ind Rwd Wir (NC) Tropica", "p": -64.0, "s": -38.0, "year": 2011, "partner": 254}, {"g": "f", "item": "Fibreboard", "p": 87.0, "s": 145.0, "year": 2011, "partner": 254}, {"g": "f", "item": "Veneer Sheets", "p": -119.0, "s": -49.0, "year": 2011, "partner": 254}, {"g": "f", "item": "Particle Board", "p": -1095.0, "s": -704.0, "year": 2011, "partner": 254}, {"g": "f", "item": "Sawnwood (C)", "p": 0.0, "s": 0.0, "year": 2011, "partner": 254}, {"g": "f", "item": "Newsprint", "p": 20.0, "s": 20.0, "year": 2011, "partner": 254}, {"g": "f", "item": "Ind Rwd Wir (C)", "p": 337.0, "s": 21.0, "year": 2011, "partner": 254}, {"g": "f", "item": "Paper+-Board Ex Newsprnt", "p": -2163.0, "s": -2232.0, "year": 2011, "partner": 254}, {"g": "f", "item": "Plywood", "p": -2088.0, "s": -2156.0, "year": 2011, "partner": 254}, {"g": "f", "item": "Fibreboard", "p": 96.0, "s": 151.0, "year": 2012, "partner": 254}, {"g": "f", "item": "Veneer Sheets", "p": 0.0, "s": 0.0, "year": 2012, "partner": 254}, {"g": "f", "item": "Particle Board", "p": 1.0, "s": 0.0, "year": 2012, "partner": 254}, {"g": "f", "item": "Plywood", "p": 0.0, "s": 9.0, "year": 2012, "partner": 254}, {"g": "f", "item": "Paper+-Board Ex Newsprnt", "p": 693.0, "s": 757.0, "year": 2012, "partner": 254}, {"g": "f", "item": "Fibreboard", "p": 153.0, "s": 121.0, "year": 2013, "partner": 254}, {"g": "f", "item": "Veneer Sheets", "p": 179.0, "s": 82.0, "year": 2013, "partner": 254}, {"g": "f", "item": "Sawnwood (C)", "p": -23.0, "s": 1.0, "year": 2013, "partner": 254}, {"g": "f", "item": "Newsprint", "p": 23.0, "s": -14.0, "year": 2013, "partner": 254}, {"g": "f", "item": "Plywood", "p": 1784.0, "s": 1772.0, "year": 2013, "partner": 254}, {"g": "f", "item": "Paper+-Board Ex Newsprnt", "p": -200.0, "s": 443.0, "year": 2013, "partner": 254}, {"g": "f", "item": "Fibreboard", "p": 96.0, "s": 151.0, "year": 2014, "partner": 254}, {"g": "f", "item": "Veneer Sheets", "p": 0.0, "s": 0.0, "year": 2014, "partner": 254}, {"g": "f", "item": "Particle Board", "p": 0.0, "s": 0.0, "year": 2014, "partner": 254}, {"g": "f", "item": "Newsprint", "p": 0.0, "s": 0.0, "year": 2014, "partner": 254}, {"g": "f", "item": "Paper+-Board Ex Newsprnt", "p": 105.0, "s": 185.0, "year": 2014, "partner": 254}, {"g": "f", "item": "Paper+-Board Ex Newsprnt", "p": 6.0, "s": 28.0, "year": 2005, "partner": 255}, {"g": "f", "item": "Paper+-Board Ex Newsprnt", "p": 6.0, "s": 33.0, "year": 2006, "partner": 255}]