[{"g": "m", "item": "Ind Rwd Wir (NC) Other", "p": 4028.0, "s": 238.0, "year": 2012, "partner": 66}, {"g": "m", "item": "Paper+-Board Ex Newsprnt", "p": 13.0, "s": 175.0, "year": 2011, "partner": 131}, {"g": "m", "item": "Paper+-Board Ex Newsprnt", "p": 1.0, "s": 2.0, "year": 2005, "partner": 68}, {"g": "m", "item": "Sawnwood (NC)", "p": 29.0, "s": 9.0, "year": 2003, "partner": 70}, {"g": "m", "item": "Sawnwood (NC)", "p": 38.0, "s": 11.0, "year": 2005, "partner": 70}, {"g": "m", "item": "Sawnwood (NC)", "p": 34.0, "s": 12.0, "year": 2001, "partner": 231}, {"g": "m", "item": "Sawnwood (NC)", "p": 10.0, "s": 8.0, "year": 1997, "partner": 231}, {"g": "m", "item": "Paper+-Board Ex Newsprnt", "p": 5.0, "s": 24.0, "year": 2014, "partner": 231}, {"g": "m", "item": "Ind Rwd Wir (C)", "p": 14.0, "s": 10.0, "year": 1999, "partner": 231}, {"g": "m", "item": "Ind Rwd Wir (NC) Other", "p": 1654.0, "s": 98.0, "year": 2003, "partner": 252}, {"g": "m", "item": "Sawnwood (NC)", "p": 16.0, "s": 12.0, "year": 2004, "partner": 252}, {"g": "m", "item": "Ind Rwd Wir (NC) Other", "p": 214.0, "s": 383.0, "year": 2004, "partner": 252}, {"g": "m", "item": "Ind Rwd Wir (NC) Other", "p": 1930.0, "s": 114.0, "year": 2005, "partner": 252}, {"g": "m", "item": "Ind Rwd Wir (NC) Other", "p": 704.0, "s": 42.0, "year": 2006, "partner": 252}, {"g": "m", "item": "Ind Rwd Wir (NC) Other", "p": 3818.0, "s": 225.0, "year": 2007, "partner": 252}, {"g": "m", "item": "Ind Rwd Wir (NC) Other", "p": 804.0, "s": 47.0, "year": 2008, "partner": 252}, {"g": "m", "item": "Ind Rwd Wir (NC) Other", "p": 145.0, "s": 9.0, "year": 2009, "partner": 252}, {"g": "m", "item": "Ind Rwd Wir (NC) Other", "p": 326.0, "s": 19.0, "year": 2010, "partner": 252}, {"g": "m", "item": "Paper+-Board Ex Newsprnt", "p": 2.0, "s": 3.0, "year": 2011, "partner": 252}, {"g": "m", "item": "Sawnwood (NC)", "p": 154.0, "s": 47.0, "year": 2011, "partner": 252}, {"g": "m", "item": "Ind Rwd Wir (NC) Other", "p": 1800.0, "s": 106.0, "year": 2011, "partner": 252}, {"g": "m", "item": "Ind Rwd Wir (NC) Other", "p": 730.0, "s": 43.0, "year": 2014, "partner": 252}, {"g": "m", "item": "Sawnwood (NC)", "p": 1.0, "s": 0.0, "year": 1999, "partner": 10}, {"g": "m", "item": "Sawnwood (NC)", "p": 10.0, "s": 3.0, "year": 2011, "partner": 237}, {"g": "m", "item": "Ind Rwd Wir (NC) Other", "p": 116.0, "s": 12.0, "year": 1998, "partner": 110}, {"g": "m", "item": "Sawnwood (NC)", "p": 10.0, "s": 8.0, "year": 1997, "partner": 5009}, {"g": "m", "item": "Ind Rwd Wir (NC) Other", "p": 116.0, "s": 12.0, "year": 1998, "partner": 5009}, {"g": "m", "item": "Sawnwood (NC)", "p": 0.0, "s": 0.0, "year": 1999, "partner": 5009}, {"g": "m", "item": "Ind Rwd Wir (C)", "p": 0.0, "s": 0.0, "year": 1999, "partner": 5009}, {"g": "m", "item": "Sawnwood (C)", "p": 6.0, "s": 1.0, "year": 2000, "partner": 5009}, {"g": "m", "item": "Sawnwood (C)", "p": 6.0, "s": 1.0, "year": 2001, "partner": 5009}, {"g": "m", "item": "Sawnwood (NC)", "p": 0.0, "s": 0.0, "year": 2001, "partner": 5009}, {"g": "m", "item": "Sawnwood (NC)", "p": 171.0, "s": 52.0, "year": 2003, "partner": 5009}, {"g": "m", "item": "Ind Rwd Wir (NC) Other", "p": 1654.0, "s": 98.0, "year": 2003, "partner": 5009}, {"g": "m", "item": "Ind Rwd Wir (C)", "p": 131.0, "s": 7.0, "year": 2003, "partner": 5009}, {"g": "m", "item": "Sawnwood (NC)", "p": 39.0, "s": 12.0, "year": 2004, "partner": 5009}, {"g": "m", "item": "Ind Rwd Wir (NC) Other", "p": 6495.0, "s": 383.0, "year": 2004, "partner": 5009}, {"g": "m", "item": "Paper+-Board Ex Newsprnt", "p": 0.0, "s": 0.0, "year": 2005, "partner": 5009}, {"g": "m", "item": "Sawnwood (NC)", "p": 39.0, "s": 12.0, "year": 2005, "partner": 5009}, {"g": "m", "item": "Ind Rwd Wir (NC) Other", "p": 6495.0, "s": 383.0, "year": 2005, "partner": 5009}, {"g": "m", "item": "Ind Rwd Wir (NC) Other", "p": 6495.0, "s": 383.0, "year": 2006, "partner": 5009}, {"g": "m", "item": "Ind Rwd Wir (NC) Other", "p": 3836.0, "s": 226.0, "year": 2007, "partner": 5009}, {"g": "m", "item": "Ind Rwd Wir (NC) Other", "p": 1054.0, "s": 62.0, "year": 2008, "partner": 5009}, {"g": "m", "item": "Sawnwood (NC)", "p": 13.0, "s": 4.0, "year": 2009, "partner": 5009}, {"g": "m", "item": "Ind Rwd Wir (NC) Other", "p": 145.0, "s": 9.0, "year": 2009, "partner": 5009}, {"g": "m", "item": "Sawnwood (C)", "p": 4.0, "s": 1.0, "year": 2010, "partner": 5009}, {"g": "m", "item": "Sawnwood (NC)", "p": 48.0, "s": 15.0, "year": 2010, "partner": 5009}, {"g": "m", "item": "Ind Rwd Wir (NC) Other", "p": 326.0, "s": 19.0, "year": 2010, "partner": 5009}, {"g": "m", "item": "Paper+-Board Ex Newsprnt", "p": 28.0, "s": 183.0, "year": 2011, "partner": 5009}, {"g": "m", "item": "Sawnwood (NC)", "p": 154.0, "s": 47.0, "year": 2011, "partner": 5009}, {"g": "m", "item": "Ind Rwd Wir (NC) Other", "p": 1800.0, "s": 106.0, "year": 2011, "partner": 5009}, {"g": "m", "item": "Sawnwood (C)", "p": 11.0, "s": 2.0, "year": 2012, "partner": 5009}, {"g": "m", "item": "Sawnwood (NC)", "p": 9.0, "s": 3.0, "year": 2012, "partner": 5009}, {"g": "m", "item": "Ind Rwd Wir (NC) Other", "p": 4056.0, "s": 239.0, "year": 2012, "partner": 5009}, {"g": "m", "item": "Ind Rwd Wir (C)", "p": 75.0, "s": 4.0, "year": 2012, "partner": 5009}, {"g": "m", "item": "Paper+-Board Ex Newsprnt", "p": 40.0, "s": 231.0, "year": 2014, "partner": 5009}, {"g": "m", "item": "Ind Rwd Wir (NC) Other", "p": 1101.0, "s": 65.0, "year": 2014, "partner": 5009}, {"g": "m", "item": "Ind Rwd Wir (C)", "p": 57.0, "s": 3.0, "year": 2014, "partner": 5009}, {"g": "m", "item": "Paper+-Board Ex Newsprnt", "p": 8.0, "s": 26.0, "year": 2014, "partner": 202}, {"g": "m", "item": "Sawnwood (C)", "p": 4.0, "s": 1.0, "year": 2010, "partner": 153}, {"g": "m", "item": "Sawnwood (NC)", "p": 48.0, "s": 15.0, "year": 2010, "partner": 153}, {"g": "m", "item": "Sawnwood (C)", "p": 6.0, "s": 1.0, "year": 2000, "partner": 156}, {"g": "m", "item": "Sawnwood (C)", "p": 17.0, "s": 3.0, "year": 2001, "partner": 156}, {"g": "m", "item": "Ind Rwd Wir (C)", "p": 131.0, "s": 7.0, "year": 2003, "partner": 156}, {"g": "m", "item": "Sawnwood (NC)", "p": 13.0, "s": 4.0, "year": 2009, "partner": 156}, {"g": "m", "item": "Veneer Sheets", "p": 4.0, "s": 14.0, "year": 2011, "partner": 156}, {"g": "m", "item": "Paper+-Board Ex Newsprnt", "p": 12.0, "s": 3.0, "year": 2011, "partner": 156}, {"g": "m", "item": "Sawnwood (C)", "p": 11.0, "s": 2.0, "year": 2012, "partner": 156}, {"g": "m", "item": "Sawnwood (NC)", "p": 9.0, "s": 3.0, "year": 2012, "partner": 156}, {"g": "m", "item": "Ind Rwd Wir (NC) Other", "p": 28.0, "s": 2.0, "year": 2012, "partner": 156}, {"g": "m", "item": "Ind Rwd Wir (C)", "p": 75.0, "s": 4.0, "year": 2012, "partner": 156}, {"g": "m", "item": "Ind Rwd Wir (C)", "p": 57.0, "s": 3.0, "year": 2014, "partner": 156}, {"g": "m", "item": "Sawnwood (NC)", "p": 142.0, "s": 43.0, "year": 2003, "partner": 106}, {"g": "m", "item": "Sawnwood (NC)", "p": 0.0, "s": 0.0, "year": 1997, "partner": 254}, {"g": "m", "item": "Ind Rwd Wir (NC) Other", "p": 0.0, "s": 0.0, "year": 1998, "partner": 254}, {"g": "m", "item": "Sawnwood (NC)", "p": 0.0, "s": 0.0, "year": 1999, "partner": 254}, {"g": "m", "item": "Ind Rwd Wir (C)", "p": 0.0, "s": 0.0, "year": 1999, "partner": 254}, {"g": "m", "item": "Sawnwood (C)", "p": 0.0, "s": 0.0, "year": 2000, "partner": 254}, {"g": "m", "item": "Sawnwood (C)", "p": -11.0, "s": -2.0, "year": 2001, "partner": 254}, {"g": "m", "item": "Sawnwood (NC)", "p": 0.0, "s": 0.0, "year": 2001, "partner": 254}, {"g": "m", "item": "Sawnwood (NC)", "p": 0.0, "s": 0.0, "year": 2003, "partner": 254}, {"g": "m", "item": "Ind Rwd Wir (NC) Other", "p": 0.0, "s": 0.0, "year": 2003, "partner": 254}, {"g": "m", "item": "Ind Rwd Wir (C)", "p": 0.0, "s": 0.0, "year": 2003, "partner": 254}, {"g": "m", "item": "Sawnwood (NC)", "p": 23.0, "s": 0.0, "year": 2004, "partner": 254}, {"g": "m", "item": "Ind Rwd Wir (NC) Other", "p": 6281.0, "s": 0.0, "year": 2004, "partner": 254}, {"g": "m", "item": "Sawnwood (NC)", "p": 1.0, "s": 1.0, "year": 2005, "partner": 254}, {"g": "m", "item": "Ind Rwd Wir (NC) Other", "p": 4565.0, "s": 269.0, "year": 2005, "partner": 254}, {"g": "m", "item": "Ind Rwd Wir (NC) Other", "p": 5791.0, "s": 341.0, "year": 2006, "partner": 254}, {"g": "m", "item": "Ind Rwd Wir (NC) Other", "p": 0.0, "s": 0.0, "year": 2008, "partner": 254}, {"g": "m", "item": "Sawnwood (NC)", "p": 0.0, "s": 0.0, "year": 2009, "partner": 254}, {"g": "m", "item": "Ind Rwd Wir (NC) Other", "p": 0.0, "s": 0.0, "year": 2009, "partner": 254}, {"g": "m", "item": "Sawnwood (C)", "p": 0.0, "s": 0.0, "year": 2010, "partner": 254}, {"g": "m", "item": "Sawnwood (NC)", "p": 0.0, "s": 0.0, "year": 2010, "partner": 254}, {"g": "m", "item": "Ind Rwd Wir (NC) Other", "p": 0.0, "s": 0.0, "year": 2010, "partner": 254}, {"g": "m", "item": "Paper+-Board Ex Newsprnt", "p": 1.0, "s": 1.0, "year": 2011, "partner": 254}, {"g": "m", "item": "Sawnwood (NC)", "p": -10.0, "s": -3.0, "year": 2011, "partner": 254}, {"g": "m", "item": "Ind Rwd Wir (NC) Other", "p": 0.0, "s": 0.0, "year": 2011, "partner": 254}, {"g": "m", "item": "Sawnwood (C)", "p": 0.0, "s": 0.0, "year": 2012, "partner": 254}, {"g": "m", "item": "Sawnwood (NC)", "p": 0.0, "s": 0.0, "year": 2012, "partner": 254}, {"g": "m", "item": "Ind Rwd Wir (NC) Other", "p": 0.0, "s": 0.0, "year": 2012, "partner": 254}, {"g": "m", "item": "Ind Rwd Wir (C)", "p": 0.0, "s": 0.0, "year": 2012, "partner": 254}, {"g": "m", "item": "Paper+-Board Ex Newsprnt", "p": 28.0, "s": 181.0, "year": 2014, "partner": 254}, {"g": "m", "item": "Ind Rwd Wir (NC) Other", "p": 0.0, "s": 0.0, "year": 2014, "partner": 254}, {"g": "m", "item": "Ind Rwd Wir (C)", "p": 0.0, "s": 0.0, "year": 2014, "partner": 254}, {"g": "m", "item": "Ind Rwd Wir (NC) Other", "p": 250.0, "s": 15.0, "year": 2008, "partner": 351}, {"g": "m", "item": "Ind Rwd Wir (NC) Other", "p": 371.0, "s": 22.0, "year": 2014, "partner": 351}, {"g": "m", "item": "Ind Rwd Wir (NC) Other", "p": 18.0, "s": 1.0, "year": 2007, "partner": 351}, {"g": "f", "item": "Plywood", "p": 241.0, "s": 90.0, "year": 1998, "partner": 131}, {"g": "f", "item": "Plywood", "p": 288.0, "s": 147.0, "year": 1999, "partner": 131}, {"g": "f", "item": "Sawnwood (NC)", "p": 6.0, "s": 3.0, "year": 2001, "partner": 131}, {"g": "f", "item": "Plywood", "p": 115.0, "s": 42.0, "year": 2001, "partner": 131}, {"g": "f", "item": "Plywood", "p": 81.0, "s": 29.0, "year": 2002, "partner": 131}, {"g": "f", "item": "Sawnwood (NC)", "p": 5.0, "s": 2.0, "year": 2003, "partner": 131}, {"g": "f", "item": "Plywood", "p": 7.0, "s": 8.0, "year": 2010, "partner": 131}, {"g": "f", "item": "Plywood", "p": 12.0, "s": 16.0, "year": 2014, "partner": 131}, {"g": "f", "item": "Fibreboard", "p": 69.0, "s": 55.0, "year": 2014, "partner": 131}, {"g": "f", "item": "Paper+-Board Ex Newsprnt", "p": 11.0, "s": 20.0, "year": 1997, "partner": 10}, {"g": "f", "item": "Sawnwood (NC)", "p": 6.0, "s": 2.0, "year": 1997, "partner": 10}, {"g": "f", "item": "Fibreboard", "p": 16.0, "s": 1.0, "year": 1997, "partner": 10}, {"g": "f", "item": "Paper+-Board Ex Newsprnt", "p": 19.0, "s": 24.0, "year": 1998, "partner": 10}, {"g": "f", "item": "Sawnwood (NC)", "p": 7.0, "s": 5.0, "year": 1998, "partner": 10}, {"g": "f", "item": "Particle Board", "p": 1.0, "s": 0.0, "year": 1998, "partner": 10}, {"g": "f", "item": "Plywood", "p": 6.0, "s": 1.0, "year": 1998, "partner": 10}, {"g": "f", "item": "Paper+-Board Ex Newsprnt", "p": 10.0, "s": 8.0, "year": 1999, "partner": 10}, {"g": "f", "item": "Sawnwood (NC)", "p": 4.0, "s": 4.0, "year": 1999, "partner": 10}, {"g": "f", "item": "Particle Board", "p": 23.0, "s": 6.0, "year": 2000, "partner": 10}, {"g": "f", "item": "Sawnwood (C)", "p": 2.0, "s": 1.0, "year": 2000, "partner": 10}, {"g": "f", "item": "Sawnwood (NC)", "p": 1.0, "s": 1.0, "year": 2000, "partner": 10}, {"g": "f", "item": "Plywood", "p": 9.0, "s": 4.0, "year": 2000, "partner": 10}, {"g": "f", "item": "Paper+-Board Ex Newsprnt", "p": 97.0, "s": 83.0, "year": 2000, "partner": 10}, {"g": "f", "item": "Paper+-Board Ex Newsprnt", "p": 3.0, "s": 66.0, "year": 2001, "partner": 10}, {"g": "f", "item": "Sawnwood (NC)", "p": 6.0, "s": 5.0, "year": 2001, "partner": 10}, {"g": "f", "item": "Particle Board", "p": 0.0, "s": 2.0, "year": 2001, "partner": 10}, {"g": "f", "item": "Sawnwood (C)", "p": 11.0, "s": 1.0, "year": 2002, "partner": 10}, {"g": "f", "item": "Paper+-Board Ex Newsprnt", "p": 8.0, "s": 76.0, "year": 2002, "partner": 10}, {"g": "f", "item": "Sawnwood (NC)", "p": 1.0, "s": 1.0, "year": 2002, "partner": 10}, {"g": "f", "item": "Paper+-Board Ex Newsprnt", "p": 28.0, "s": 83.0, "year": 2003, "partner": 10}, {"g": "f", "item": "Paper+-Board Ex Newsprnt", "p": 14.0, "s": 19.0, "year": 2004, "partner": 10}, {"g": "f", "item": "Particle Board", "p": 7.0, "s": 2.0, "year": 2005, "partner": 10}, {"g": "f", "item": "Paper+-Board Ex Newsprnt", "p": 30.0, "s": 54.0, "year": 2005, "partner": 10}, {"g": "f", "item": "Ind Rwd Wir (NC) Other", "p": 14.0, "s": 1.0, "year": 2005, "partner": 10}, {"g": "f", "item": "Paper+-Board Ex Newsprnt", "p": 68.0, "s": 61.0, "year": 2006, "partner": 10}, {"g": "f", "item": "Paper+-Board Ex Newsprnt", "p": 44.0, "s": 78.0, "year": 2007, "partner": 10}, {"g": "f", "item": "Chips and Particles", "p": 21.0, "s": 16.0, "year": 2008, "partner": 10}, {"g": "f", "item": "Paper+-Board Ex Newsprnt", "p": 70.0, "s": 67.0, "year": 2008, "partner": 10}, {"g": "f", "item": "Particle Board", "p": 5.0, "s": 2.0, "year": 2008, "partner": 10}, {"g": "f", "item": "Paper+-Board Ex Newsprnt", "p": 74.0, "s": 111.0, "year": 2009, "partner": 10}, {"g": "f", "item": "Fibreboard", "p": 25.0, "s": 14.0, "year": 2010, "partner": 10}, {"g": "f", "item": "Veneer Sheets", "p": 7.0, "s": 23.0, "year": 2010, "partner": 10}, {"g": "f", "item": "Ind Rwd Wir (NC) Other", "p": 78.0, "s": 5.0, "year": 2010, "partner": 10}, {"g": "f", "item": "Sawnwood (NC)", "p": 1.0, "s": 0.0, "year": 2010, "partner": 10}, {"g": "f", "item": "Ind Rwd Wir (C)", "p": 545.0, "s": 33.0, "year": 2010, "partner": 10}, {"g": "f", "item": "Paper+-Board Ex Newsprnt", "p": 88.0, "s": 119.0, "year": 2010, "partner": 10}, {"g": "f", "item": "Plywood", "p": 8.0, "s": 7.0, "year": 2010, "partner": 10}, {"g": "f", "item": "Newsprint", "p": 13.0, "s": 8.0, "year": 2011, "partner": 10}, {"g": "f", "item": "Ind Rwd Wir (NC) Other", "p": 9.0, "s": 1.0, "year": 2011, "partner": 10}, {"g": "f", "item": "Particle Board", "p": 8.0, "s": 5.0, "year": 2011, "partner": 10}, {"g": "f", "item": "Sawnwood (NC)", "p": 1.0, "s": 0.0, "year": 2011, "partner": 10}, {"g": "f", "item": "Ind Rwd Wir (C)", "p": 529.0, "s": 32.0, "year": 2011, "partner": 10}, {"g": "f", "item": "Paper+-Board Ex Newsprnt", "p": 26.0, "s": 51.0, "year": 2011, "partner": 10}, {"g": "f", "item": "Plywood", "p": 6.0, "s": 6.0, "year": 2011, "partner": 10}, {"g": "f", "item": "Ind Rwd Wir (NC) Other", "p": 47.0, "s": 3.0, "year": 2012, "partner": 10}, {"g": "f", "item": "Sawnwood (NC)", "p": 16.0, "s": 5.0, "year": 2012, "partner": 10}, {"g": "f", "item": "Ind Rwd Wir (C)", "p": 1020.0, "s": 62.0, "year": 2012, "partner": 10}, {"g": "f", "item": "Paper+-Board Ex Newsprnt", "p": 7.0, "s": 49.0, "year": 2012, "partner": 10}, {"g": "f", "item": "Plywood", "p": 4.0, "s": 4.0, "year": 2012, "partner": 10}, {"g": "f", "item": "Sawnwood (C)", "p": 20.0, "s": 4.0, "year": 2013, "partner": 10}, {"g": "f", "item": "Paper+-Board Ex Newsprnt", "p": 41.0, "s": 48.0, "year": 2013, "partner": 10}, {"g": "f", "item": "Ind Rwd Wir (NC) Tropica", "p": 1.0, "s": 1.0, "year": 2014, "partner": 10}, {"g": "f", "item": "Particle Board", "p": 1.0, "s": 1.0, "year": 2014, "partner": 10}, {"g": "f", "item": "Sawnwood (NC)", "p": 192.0, "s": 59.0, "year": 2014, "partner": 10}, {"g": "f", "item": "Ind Rwd Wir (C)", "p": 196.0, "s": 12.0, "year": 2014, "partner": 10}, {"g": "f", "item": "Paper+-Board Ex Newsprnt", "p": 50.0, "s": 106.0, "year": 2014, "partner": 10}, {"g": "f", "item": "Plywood", "p": 19.0, "s": 22.0, "year": 2014, "partner": 10}, {"g": "f", "item": "Paper+-Board Ex Newsprnt", "p": 7.0, "s": 10.0, "year": 2000, "partner": 11}, {"g": "f", "item": "Fibreboard", "p": 65.0, "s": 32.0, "year": 1997, "partner": 5009}, {"g": "f", "item": "Veneer Sheets", "p": 26.0, "s": 33.0, "year": 1997, "partner": 5009}, {"g": "f", "item": "Sawnwood (C)", "p": 2275.0, "s": 385.0, "year": 1997, "partner": 5009}, {"g": "f", "item": "Sawnwood (NC)", "p": 62.0, "s": 20.0, "year": 1997, "partner": 5009}, {"g": "f", "item": "Ind Rwd Wir (C)", "p": 34.0, "s": 4.0, "year": 1997, "partner": 5009}, {"g": "f", "item": "Paper+-Board Ex Newsprnt", "p": 41.0, "s": 39.0, "year": 1997, "partner": 5009}, {"g": "f", "item": "Plywood", "p": 213.0, "s": 78.0, "year": 1997, "partner": 5009}, {"g": "f", "item": "Fibreboard", "p": 264.0, "s": 106.0, "year": 1998, "partner": 5009}, {"g": "f", "item": "Ind Rwd Wir (NC) Other", "p": 24.0, "s": 3.0, "year": 1998, "partner": 5009}, {"g": "f", "item": "Veneer Sheets", "p": 36.0, "s": 18.0, "year": 1998, "partner": 5009}, {"g": "f", "item": "Particle Board", "p": 4.0, "s": 1.0, "year": 1998, "partner": 5009}, {"g": "f", "item": "Sawnwood (C)", "p": 4561.0, "s": 864.0, "year": 1998, "partner": 5009}, {"g": "f", "item": "Newsprint", "p": 4.0, "s": 3.0, "year": 1998, "partner": 5009}, {"g": "f", "item": "Ind Rwd Wir (C)", "p": 12.0, "s": 1.0, "year": 1998, "partner": 5009}, {"g": "f", "item": "Sawnwood (NC)", "p": 25.0, "s": 10.0, "year": 1998, "partner": 5009}, {"g": "f", "item": "Paper+-Board Ex Newsprnt", "p": 63.0, "s": 93.0, "year": 1998, "partner": 5009}, {"g": "f", "item": "Plywood", "p": 639.0, "s": 282.0, "year": 1998, "partner": 5009}, {"g": "f", "item": "Fibreboard", "p": 446.0, "s": 138.0, "year": 1999, "partner": 5009}, {"g": "f", "item": "Veneer Sheets", "p": 0.0, "s": 0.0, "year": 1999, "partner": 5009}, {"g": "f", "item": "Newsprint", "p": 0.0, "s": 0.0, "year": 1999, "partner": 5009}, {"g": "f", "item": "Sawnwood (C)", "p": 5700.0, "s": 1012.0, "year": 1999, "partner": 5009}, {"g": "f", "item": "Sawnwood (NC)", "p": 0.0, "s": 0.0, "year": 1999, "partner": 5009}, {"g": "f", "item": "Ind Rwd Wir (C)", "p": 160.0, "s": 10.0, "year": 1999, "partner": 5009}, {"g": "f", "item": "Paper+-Board Ex Newsprnt", "p": 260.0, "s": 355.0, "year": 1999, "partner": 5009}, {"g": "f", "item": "Plywood", "p": 1000.0, "s": 405.0, "year": 1999, "partner": 5009}, {"g": "f", "item": "Fibreboard", "p": 287.0, "s": 105.0, "year": 2000, "partner": 5009}, {"g": "f", "item": "Particle Board", "p": 44.0, "s": 8.0, "year": 2000, "partner": 5009}, {"g": "f", "item": "Veneer Sheets", "p": 7.0, "s": 3.0, "year": 2000, "partner": 5009}, {"g": "f", "item": "Newsprint", "p": 44.0, "s": 23.0, "year": 2000, "partner": 5009}, {"g": "f", "item": "Sawnwood (C)", "p": 7068.0, "s": 997.0, "year": 2000, "partner": 5009}, {"g": "f", "item": "Sawnwood (NC)", "p": 1.0, "s": 1.0, "year": 2000, "partner": 5009}, {"g": "f", "item": "Ind Rwd Wir (C)", "p": 246.0, "s": 42.0, "year": 2000, "partner": 5009}, {"g": "f", "item": "Paper+-Board Ex Newsprnt", "p": 197.0, "s": 186.0, "year": 2000, "partner": 5009}, {"g": "f", "item": "Plywood", "p": 862.0, "s": 236.0, "year": 2000, "partner": 5009}, {"g": "f", "item": "Fibreboard", "p": 287.0, "s": 105.0, "year": 2001, "partner": 5009}, {"g": "f", "item": "Particle Board", "p": 44.0, "s": 8.0, "year": 2001, "partner": 5009}, {"g": "f", "item": "Newsprint", "p": 44.0, "s": 23.0, "year": 2001, "partner": 5009}, {"g": "f", "item": "Sawnwood (C)", "p": 7068.0, "s": 997.0, "year": 2001, "partner": 5009}, {"g": "f", "item": "Sawnwood (NC)", "p": 1.0, "s": 1.0, "year": 2001, "partner": 5009}, {"g": "f", "item": "Plywood", "p": 862.0, "s": 236.0, "year": 2001, "partner": 5009}, {"g": "f", "item": "Paper+-Board Ex Newsprnt", "p": 197.0, "s": 186.0, "year": 2001, "partner": 5009}, {"g": "f", "item": "Fibreboard", "p": 60.0, "s": 35.0, "year": 2002, "partner": 5009}, {"g": "f", "item": "Ind Rwd Wir (NC) Other", "p": 8.0, "s": 4.0, "year": 2002, "partner": 5009}, {"g": "f", "item": "Veneer Sheets", "p": 7.0, "s": 3.0, "year": 2002, "partner": 5009}, {"g": "f", "item": "Particle Board", "p": 44.0, "s": 8.0, "year": 2002, "partner": 5009}, {"g": "f", "item": "Sawnwood (C)", "p": 29.0, "s": 19.0, "year": 2002, "partner": 5009}, {"g": "f", "item": "Newsprint", "p": 44.0, "s": 23.0, "year": 2002, "partner": 5009}, {"g": "f", "item": "Ind Rwd Wir (C)", "p": 246.0, "s": 42.0, "year": 2002, "partner": 5009}, {"g": "f", "item": "Sawnwood (NC)", "p": 16.0, "s": 5.0, "year": 2002, "partner": 5009}, {"g": "f", "item": "Paper+-Board Ex Newsprnt", "p": 467.0, "s": 396.0, "year": 2002, "partner": 5009}, {"g": "f", "item": "Plywood", "p": 134.0, "s": 106.0, "year": 2002, "partner": 5009}, {"g": "f", "item": "Chips and Particles", "p": 46.0, "s": 8.0, "year": 2003, "partner": 5009}, {"g": "f", "item": "Ind Rwd Wir (NC) Tropica", "p": 0.0, "s": 0.0, "year": 2003, "partner": 5009}, {"g": "f", "item": "Fibreboard", "p": 178.0, "s": 119.0, "year": 2003, "partner": 5009}, {"g": "f", "item": "Ind Rwd Wir (NC) Other", "p": 22.0, "s": 1.0, "year": 2003, "partner": 5009}, {"g": "f", "item": "Sawnwood (C)", "p": 8407.0, "s": 1463.0, "year": 2003, "partner": 5009}, {"g": "f", "item": "Newsprint", "p": 2.0, "s": 3.0, "year": 2003, "partner": 5009}, {"g": "f", "item": "Ind Rwd Wir (C)", "p": 22.0, "s": 1.0, "year": 2003, "partner": 5009}, {"g": "f", "item": "Sawnwood (NC)", "p": 29.0, "s": 9.0, "year": 2003, "partner": 5009}, {"g": "f", "item": "Paper+-Board Ex Newsprnt", "p": 3814.0, "s": 626.0, "year": 2003, "partner": 5009}, {"g": "f", "item": "Plywood", "p": 37.0, "s": 305.0, "year": 2003, "partner": 5009}, {"g": "f", "item": "Fibreboard", "p": 432.0, "s": 140.0, "year": 2004, "partner": 5009}, {"g": "f", "item": "Ind Rwd Wir (NC) Other", "p": 11.0, "s": 1.0, "year": 2004, "partner": 5009}, {"g": "f", "item": "Veneer Sheets", "p": 37.0, "s": 30.0, "year": 2004, "partner": 5009}, {"g": "f", "item": "Newsprint", "p": 42.0, "s": 22.0, "year": 2004, "partner": 5009}, {"g": "f", "item": "Sawnwood (C)", "p": 13010.0, "s": 2264.0, "year": 2004, "partner": 5009}, {"g": "f", "item": "Sawnwood (NC)", "p": 163.0, "s": 50.0, "year": 2004, "partner": 5009}, {"g": "f", "item": "Plywood", "p": 740.0, "s": 263.0, "year": 2004, "partner": 5009}, {"g": "f", "item": "Paper+-Board Ex Newsprnt", "p": 681.0, "s": 590.0, "year": 2004, "partner": 5009}, {"g": "f", "item": "Fibreboard", "p": 432.0, "s": 140.0, "year": 2005, "partner": 5009}, {"g": "f", "item": "Ind Rwd Wir (NC) Other", "p": 11.0, "s": 1.0, "year": 2005, "partner": 5009}, {"g": "f", "item": "Veneer Sheets", "p": 37.0, "s": 30.0, "year": 2005, "partner": 5009}, {"g": "f", "item": "Particle Board", "p": 20.0, "s": 3.0, "year": 2005, "partner": 5009}, {"g": "f", "item": "Sawnwood (C)", "p": 13010.0, "s": 2264.0, "year": 2005, "partner": 5009}, {"g": "f", "item": "Newsprint", "p": 42.0, "s": 22.0, "year": 2005, "partner": 5009}, {"g": "f", "item": "Ind Rwd Wir (C)", "p": 567.0, "s": 35.0, "year": 2005, "partner": 5009}, {"g": "f", "item": "Sawnwood (NC)", "p": 163.0, "s": 50.0, "year": 2005, "partner": 5009}, {"g": "f", "item": "Paper+-Board Ex Newsprnt", "p": 681.0, "s": 590.0, "year": 2005, "partner": 5009}, {"g": "f", "item": "Plywood", "p": 740.0, "s": 263.0, "year": 2005, "partner": 5009}, {"g": "f", "item": "Fibreboard", "p": 386.0, "s": 111.0, "year": 2006, "partner": 5009}, {"g": "f", "item": "Particle Board", "p": 20.0, "s": 3.0, "year": 2006, "partner": 5009}, {"g": "f", "item": "Veneer Sheets", "p": 37.0, "s": 30.0, "year": 2006, "partner": 5009}, {"g": "f", "item": "Newsprint", "p": 42.0, "s": 22.0, "year": 2006, "partner": 5009}, {"g": "f", "item": "Sawnwood (C)", "p": 13010.0, "s": 2264.0, "year": 2006, "partner": 5009}, {"g": "f", "item": "Sawnwood (NC)", "p": 163.0, "s": 50.0, "year": 2006, "partner": 5009}, {"g": "f", "item": "Ind Rwd Wir (C)", "p": 567.0, "s": 35.0, "year": 2006, "partner": 5009}, {"g": "f", "item": "Paper+-Board Ex Newsprnt", "p": 681.0, "s": 590.0, "year": 2006, "partner": 5009}, {"g": "f", "item": "Plywood", "p": 740.0, "s": 263.0, "year": 2006, "partner": 5009}, {"g": "f", "item": "Wood Pulp", "p": 7.0, "s": 1.0, "year": 2007, "partner": 5009}, {"g": "f", "item": "Fibreboard", "p": 133.0, "s": 96.0, "year": 2007, "partner": 5009}, {"g": "f", "item": "Ind Rwd Wir (NC) Other", "p": 10.0, "s": 1.0, "year": 2007, "partner": 5009}, {"g": "f", "item": "Veneer Sheets", "p": 57.0, "s": 44.0, "year": 2007, "partner": 5009}, {"g": "f", "item": "Particle Board", "p": 36.0, "s": 30.0, "year": 2007, "partner": 5009}, {"g": "f", "item": "Sawnwood (C)", "p": 11683.0, "s": 2033.0, "year": 2007, "partner": 5009}, {"g": "f", "item": "Newsprint", "p": 10.0, "s": 6.0, "year": 2007, "partner": 5009}, {"g": "f", "item": "Plywood", "p": 141.0, "s": 256.0, "year": 2007, "partner": 5009}, {"g": "f", "item": "Sawnwood (NC)", "p": 38.0, "s": 11.0, "year": 2007, "partner": 5009}, {"g": "f", "item": "Paper+-Board Ex Newsprnt", "p": 354.0, "s": 365.0, "year": 2007, "partner": 5009}, {"g": "f", "item": "Chips and Particles", "p": 21.0, "s": 16.0, "year": 2008, "partner": 5009}, {"g": "f", "item": "Fibreboard", "p": 148.0, "s": 65.0, "year": 2008, "partner": 5009}, {"g": "f", "item": "Veneer Sheets", "p": 51.0, "s": 19.0, "year": 2008, "partner": 5009}, {"g": "f", "item": "Particle Board", "p": 9.0, "s": 8.0, "year": 2008, "partner": 5009}, {"g": "f", "item": "Sawnwood (C)", "p": 10883.0, "s": 1894.0, "year": 2008, "partner": 5009}, {"g": "f", "item": "Sawnwood (NC)", "p": 4.0, "s": 1.0, "year": 2008, "partner": 5009}, {"g": "f", "item": "Plywood", "p": 470.0, "s": 400.0, "year": 2008, "partner": 5009}, {"g": "f", "item": "Paper+-Board Ex Newsprnt", "p": 238.0, "s": 352.0, "year": 2008, "partner": 5009}, {"g": "f", "item": "Wood Pulp", "p": 9.0, "s": 5.0, "year": 2009, "partner": 5009}, {"g": "f", "item": "Fibreboard", "p": 84.0, "s": 39.0, "year": 2009, "partner": 5009}, {"g": "f", "item": "Ind Rwd Wir (NC) Other", "p": 1876.0, "s": 124.0, "year": 2009, "partner": 5009}, {"g": "f", "item": "Veneer Sheets", "p": 27.0, "s": 13.0, "year": 2009, "partner": 5009}, {"g": "f", "item": "Particle Board", "p": 53.0, "s": 40.0, "year": 2009, "partner": 5009}, {"g": "f", "item": "Sawnwood (C)", "p": 7464.0, "s": 1299.0, "year": 2009, "partner": 5009}, {"g": "f", "item": "Sawnwood (NC)", "p": 64.0, "s": 20.0, "year": 2009, "partner": 5009}, {"g": "f", "item": "Ind Rwd Wir (C)", "p": 1126.0, "s": 69.0, "year": 2009, "partner": 5009}, {"g": "f", "item": "Paper+-Board Ex Newsprnt", "p": 182.0, "s": 275.0, "year": 2009, "partner": 5009}, {"g": "f", "item": "Plywood", "p": 381.0, "s": 409.0, "year": 2009, "partner": 5009}, {"g": "f", "item": "Chips and Particles", "p": 136.0, "s": 1.0, "year": 2010, "partner": 5009}, {"g": "f", "item": "Ind Rwd Wir (NC) Tropica", "p": 6.0, "s": 8.0, "year": 2010, "partner": 5009}, {"g": "f", "item": "Fibreboard", "p": 158.0, "s": 74.0, "year": 2010, "partner": 5009}, {"g": "f", "item": "Particle Board", "p": 322.0, "s": 192.0, "year": 2010, "partner": 5009}, {"g": "f", "item": "Veneer Sheets", "p": 42.0, "s": 113.0, "year": 2010, "partner": 5009}, {"g": "f", "item": "Ind Rwd Wir (NC) Other", "p": 3563.0, "s": 235.0, "year": 2010, "partner": 5009}, {"g": "f", "item": "Sawnwood (C)", "p": 6376.0, "s": 1924.0, "year": 2010, "partner": 5009}, {"g": "f", "item": "Newsprint", "p": 68.0, "s": 96.0, "year": 2010, "partner": 5009}, {"g": "f", "item": "Ind Rwd Wir (C)", "p": 12252.0, "s": 747.0, "year": 2010, "partner": 5009}, {"g": "f", "item": "Sawnwood (NC)", "p": 5001.0, "s": 1525.0, "year": 2010, "partner": 5009}, {"g": "f", "item": "Paper+-Board Ex Newsprnt", "p": 575.0, "s": 655.0, "year": 2010, "partner": 5009}, {"g": "f", "item": "Plywood", "p": 687.0, "s": 617.0, "year": 2010, "partner": 5009}, {"g": "f", "item": "Chips and Particles", "p": 4.0, "s": 0.0, "year": 2011, "partner": 5009}, {"g": "f", "item": "Ind Rwd Wir (NC) Tropica", "p": 6.0, "s": 8.0, "year": 2011, "partner": 5009}, {"g": "f", "item": "Fibreboard", "p": 120.0, "s": 58.0, "year": 2011, "partner": 5009}, {"g": "f", "item": "Particle Board", "p": 322.0, "s": 192.0, "year": 2011, "partner": 5009}, {"g": "f", "item": "Veneer Sheets", "p": 3.0, "s": 10.0, "year": 2011, "partner": 5009}, {"g": "f", "item": "Ind Rwd Wir (NC) Other", "p": 2637.0, "s": 174.0, "year": 2011, "partner": 5009}, {"g": "f", "item": "Sawnwood (C)", "p": 9569.0, "s": 1665.0, "year": 2011, "partner": 5009}, {"g": "f", "item": "Newsprint", "p": 16.0, "s": 11.0, "year": 2011, "partner": 5009}, {"g": "f", "item": "Ind Rwd Wir (C)", "p": 1126.0, "s": 69.0, "year": 2011, "partner": 5009}, {"g": "f", "item": "Sawnwood (NC)", "p": 132.0, "s": 40.0, "year": 2011, "partner": 5009}, {"g": "f", "item": "Paper+-Board Ex Newsprnt", "p": 423.0, "s": 830.0, "year": 2011, "partner": 5009}, {"g": "f", "item": "Plywood", "p": 770.0, "s": 637.0, "year": 2011, "partner": 5009}, {"g": "f", "item": "Ind Rwd Wir (NC) Tropica", "p": 23.0, "s": 18.0, "year": 2012, "partner": 5009}, {"g": "f", "item": "Fibreboard", "p": 144.0, "s": 78.0, "year": 2012, "partner": 5009}, {"g": "f", "item": "Particle Board", "p": 212.0, "s": 128.0, "year": 2012, "partner": 5009}, {"g": "f", "item": "Veneer Sheets", "p": 127.0, "s": 310.0, "year": 2012, "partner": 5009}, {"g": "f", "item": "Ind Rwd Wir (NC) Other", "p": 2637.0, "s": 174.0, "year": 2012, "partner": 5009}, {"g": "f", "item": "Sawnwood (C)", "p": 340.0, "s": 59.0, "year": 2012, "partner": 5009}, {"g": "f", "item": "Newsprint", "p": 26.0, "s": 51.0, "year": 2012, "partner": 5009}, {"g": "f", "item": "Ind Rwd Wir (C)", "p": 12089.0, "s": 909.0, "year": 2012, "partner": 5009}, {"g": "f", "item": "Sawnwood (NC)", "p": 3791.0, "s": 1157.0, "year": 2012, "partner": 5009}, {"g": "f", "item": "Paper+-Board Ex Newsprnt", "p": 362.0, "s": 426.0, "year": 2012, "partner": 5009}, {"g": "f", "item": "Plywood", "p": 599.0, "s": 693.0, "year": 2012, "partner": 5009}, {"g": "f", "item": "Fibreboard", "p": 159.0, "s": 81.0, "year": 2013, "partner": 5009}, {"g": "f", "item": "Veneer Sheets", "p": 42.0, "s": 86.0, "year": 2013, "partner": 5009}, {"g": "f", "item": "Ind Rwd Wir (NC) Other", "p": 413.0, "s": 27.0, "year": 2013, "partner": 5009}, {"g": "f", "item": "Sawnwood (C)", "p": 9399.0, "s": 1635.0, "year": 2013, "partner": 5009}, {"g": "f", "item": "Sawnwood (NC)", "p": 7394.0, "s": 2255.0, "year": 2013, "partner": 5009}, {"g": "f", "item": "Ind Rwd Wir (C)", "p": 151.0, "s": 9.0, "year": 2013, "partner": 5009}, {"g": "f", "item": "Paper+-Board Ex Newsprnt", "p": 128.0, "s": 192.0, "year": 2013, "partner": 5009}, {"g": "f", "item": "Plywood", "p": 424.0, "s": 413.0, "year": 2013, "partner": 5009}, {"g": "f", "item": "Ind Rwd Wir (NC) Tropica", "p": 18.0, "s": 12.0, "year": 2014, "partner": 5009}, {"g": "f", "item": "Fibreboard", "p": 498.0, "s": 327.0, "year": 2014, "partner": 5009}, {"g": "f", "item": "Ind Rwd Wir (NC) Other", "p": 467.0, "s": 31.0, "year": 2014, "partner": 5009}, {"g": "f", "item": "Veneer Sheets", "p": 18.0, "s": 47.0, "year": 2014, "partner": 5009}, {"g": "f", "item": "Particle Board", "p": 79.0, "s": 56.0, "year": 2014, "partner": 5009}, {"g": "f", "item": "Sawnwood (C)", "p": 793.0, "s": 138.0, "year": 2014, "partner": 5009}, {"g": "f", "item": "Newsprint", "p": 28.0, "s": 78.0, "year": 2014, "partner": 5009}, {"g": "f", "item": "Ind Rwd Wir (C)", "p": 10638.0, "s": 760.0, "year": 2014, "partner": 5009}, {"g": "f", "item": "Sawnwood (NC)", "p": 8145.0, "s": 2484.0, "year": 2014, "partner": 5009}, {"g": "f", "item": "Paper+-Board Ex Newsprnt", "p": 1028.0, "s": 723.0, "year": 2014, "partner": 5009}, {"g": "f", "item": "Plywood", "p": 1302.0, "s": 1443.0, "year": 2014, "partner": 5009}, {"g": "f", "item": "Ind Rwd Wir (C)", "p": 142.0, "s": 9.0, "year": 2014, "partner": 25}, {"g": "f", "item": "Fibreboard", "p": 218.0, "s": 77.0, "year": 1998, "partner": 156}, {"g": "f", "item": "Ind Rwd Wir (NC) Other", "p": 24.0, "s": 3.0, "year": 1998, "partner": 156}, {"g": "f", "item": "Veneer Sheets", "p": 32.0, "s": 16.0, "year": 1998, "partner": 156}, {"g": "f", "item": "Particle Board", "p": 3.0, "s": 1.0, "year": 1998, "partner": 156}, {"g": "f", "item": "Sawnwood (C)", "p": 3760.0, "s": 636.0, "year": 1998, "partner": 156}, {"g": "f", "item": "Newsprint", "p": 4.0, "s": 3.0, "year": 1998, "partner": 156}, {"g": "f", "item": "Ind Rwd Wir (C)", "p": 12.0, "s": 1.0, "year": 1998, "partner": 156}, {"g": "f", "item": "Sawnwood (NC)", "p": 18.0, "s": 5.0, "year": 1998, "partner": 156}, {"g": "f", "item": "Paper+-Board Ex Newsprnt", "p": 30.0, "s": 53.0, "year": 1998, "partner": 156}, {"g": "f", "item": "Plywood", "p": 322.0, "s": 147.0, "year": 1998, "partner": 156}, {"g": "f", "item": "Fibreboard", "p": 396.0, "s": 90.0, "year": 1999, "partner": 156}, {"g": "f", "item": "Veneer Sheets", "p": 5.0, "s": 4.0, "year": 1999, "partner": 156}, {"g": "f", "item": "Newsprint", "p": 11.0, "s": 13.0, "year": 1999, "partner": 156}, {"g": "f", "item": "Sawnwood (C)", "p": 3154.0, "s": 566.0, "year": 1999, "partner": 156}, {"g": "f", "item": "Sawnwood (NC)", "p": 16.0, "s": 5.0, "year": 1999, "partner": 156}, {"g": "f", "item": "Ind Rwd Wir (C)", "p": 43.0, "s": 16.0, "year": 1999, "partner": 156}, {"g": "f", "item": "Paper+-Board Ex Newsprnt", "p": 59.0, "s": 73.0, "year": 1999, "partner": 156}, {"g": "f", "item": "Plywood", "p": 593.0, "s": 213.0, "year": 1999, "partner": 156}, {"g": "f", "item": "Fibreboard", "p": 201.0, "s": 58.0, "year": 2000, "partner": 156}, {"g": "f", "item": "Veneer Sheets", "p": 7.0, "s": 3.0, "year": 2000, "partner": 156}, {"g": "f", "item": "Particle Board", "p": 21.0, "s": 3.0, "year": 2000, "partner": 156}, {"g": "f", "item": "Sawnwood (C)", "p": 7066.0, "s": 996.0, "year": 2000, "partner": 156}, {"g": "f", "item": "Newsprint", "p": 44.0, "s": 23.0, "year": 2000, "partner": 156}, {"g": "f", "item": "Plywood", "p": 702.0, "s": 182.0, "year": 2000, "partner": 156}, {"g": "f", "item": "Paper+-Board Ex Newsprnt", "p": 33.0, "s": 48.0, "year": 2000, "partner": 156}, {"g": "f", "item": "Fibreboard", "p": 73.0, "s": 38.0, "year": 2001, "partner": 156}, {"g": "f", "item": "Sawnwood (C)", "p": 3638.0, "s": 1533.0, "year": 2001, "partner": 156}, {"g": "f", "item": "Newsprint", "p": 9.0, "s": 20.0, "year": 2001, "partner": 156}, {"g": "f", "item": "Plywood", "p": 288.0, "s": 214.0, "year": 2001, "partner": 156}, {"g": "f", "item": "Paper+-Board Ex Newsprnt", "p": 52.0, "s": 240.0, "year": 2001, "partner": 156}, {"g": "f", "item": "Veneer Sheets", "p": 5.0, "s": 4.0, "year": 2002, "partner": 156}, {"g": "f", "item": "Sawnwood (C)", "p": 9060.0, "s": 1762.0, "year": 2002, "partner": 156}, {"g": "f", "item": "Newsprint", "p": 8.0, "s": 12.0, "year": 2002, "partner": 156}, {"g": "f", "item": "Plywood", "p": 1406.0, "s": 492.0, "year": 2002, "partner": 156}, {"g": "f", "item": "Paper+-Board Ex Newsprnt", "p": 43.0, "s": 63.0, "year": 2002, "partner": 156}, {"g": "f", "item": "Ind Rwd Wir (NC) Tropica", "p": 2128.0, "s": 3.0, "year": 2003, "partner": 156}, {"g": "f", "item": "Ind Rwd Wir (NC) Other", "p": 22.0, "s": 1.0, "year": 2003, "partner": 156}, {"g": "f", "item": "Sawnwood (C)", "p": 8253.0, "s": 1436.0, "year": 2003, "partner": 156}, {"g": "f", "item": "Newsprint", "p": 2.0, "s": 3.0, "year": 2003, "partner": 156}, {"g": "f", "item": "Ind Rwd Wir (C)", "p": 22.0, "s": 1.0, "year": 2003, "partner": 156}, {"g": "f", "item": "Sawnwood (NC)", "p": 24.0, "s": 7.0, "year": 2003, "partner": 156}, {"g": "f", "item": "Paper+-Board Ex Newsprnt", "p": 3163.0, "s": 374.0, "year": 2003, "partner": 156}, {"g": "f", "item": "Sawnwood (C)", "p": 8936.0, "s": 2234.0, "year": 2004, "partner": 156}, {"g": "f", "item": "Sawnwood (NC)", "p": 42717.0, "s": 49.0, "year": 2004, "partner": 156}, {"g": "f", "item": "Paper+-Board Ex Newsprnt", "p": 112.0, "s": 389.0, "year": 2004, "partner": 156}, {"g": "f", "item": "Newsprint", "p": 13.0, "s": 22.0, "year": 2004, "partner": 156}, {"g": "f", "item": "Fibreboard", "p": 144.0, "s": 37.0, "year": 2005, "partner": 156}, {"g": "f", "item": "Particle Board", "p": 4.0, "s": 2.0, "year": 2005, "partner": 156}, {"g": "f", "item": "Veneer Sheets", "p": 76.0, "s": 60.0, "year": 2005, "partner": 156}, {"g": "f", "item": "Newsprint", "p": 46.0, "s": 22.0, "year": 2005, "partner": 156}, {"g": "f", "item": "Sawnwood (C)", "p": 14579.0, "s": 2435.0, "year": 2005, "partner": 156}, {"g": "f", "item": "Sawnwood (NC)", "p": 324.0, "s": 99.0, "year": 2005, "partner": 156}, {"g": "f", "item": "Ind Rwd Wir (C)", "p": 1147.0, "s": 61.0, "year": 2005, "partner": 156}, {"g": "f", "item": "Paper+-Board Ex Newsprnt", "p": 96.0, "s": 283.0, "year": 2005, "partner": 156}, {"g": "f", "item": "Plywood", "p": 1409.0, "s": 626.0, "year": 2005, "partner": 156}, {"g": "f", "item": "Fibreboard", "p": 70.0, "s": 30.0, "year": 2006, "partner": 156}, {"g": "f", "item": "Particle Board", "p": 95.0, "s": 30.0, "year": 2006, "partner": 156}, {"g": "f", "item": "Veneer Sheets", "p": 132.0, "s": 104.0, "year": 2006, "partner": 156}, {"g": "f", "item": "Newsprint", "p": 5.0, "s": 15.0, "year": 2006, "partner": 156}, {"g": "f", "item": "Sawnwood (C)", "p": 12196.0, "s": 2037.0, "year": 2006, "partner": 156}, {"g": "f", "item": "Sawnwood (NC)", "p": 123.0, "s": 37.0, "year": 2006, "partner": 156}, {"g": "f", "item": "Ind Rwd Wir (C)", "p": 118.0, "s": 6.0, "year": 2006, "partner": 156}, {"g": "f", "item": "Paper+-Board Ex Newsprnt", "p": 50.0, "s": 181.0, "year": 2006, "partner": 156}, {"g": "f", "item": "Plywood", "p": 827.0, "s": 271.0, "year": 2006, "partner": 156}, {"g": "f", "item": "Wood Pulp", "p": 7.0, "s": 1.0, "year": 2007, "partner": 156}, {"g": "f", "item": "Fibreboard", "p": 113.0, "s": 77.0, "year": 2007, "partner": 156}, {"g": "f", "item": "Particle Board", "p": 20.0, "s": 13.0, "year": 2007, "partner": 156}, {"g": "f", "item": "Veneer Sheets", "p": 30.0, "s": 24.0, "year": 2007, "partner": 156}, {"g": "f", "item": "Newsprint", "p": 10.0, "s": 6.0, "year": 2007, "partner": 156}, {"g": "f", "item": "Sawnwood (C)", "p": 11541.0, "s": 2008.0, "year": 2007, "partner": 156}, {"g": "f", "item": "Sawnwood (NC)", "p": 11.0, "s": 3.0, "year": 2007, "partner": 156}, {"g": "f", "item": "Plywood", "p": 106.0, "s": 143.0, "year": 2007, "partner": 156}, {"g": "f", "item": "Paper+-Board Ex Newsprnt", "p": 16.0, "s": 105.0, "year": 2007, "partner": 156}, {"g": "f", "item": "Fibreboard", "p": 10.0, "s": 11.0, "year": 2008, "partner": 156}, {"g": "f", "item": "Veneer Sheets", "p": 51.0, "s": 19.0, "year": 2008, "partner": 156}, {"g": "f", "item": "Particle Board", "p": 4.0, "s": 5.0, "year": 2008, "partner": 156}, {"g": "f", "item": "Sawnwood (C)", "p": 10626.0, "s": 1849.0, "year": 2008, "partner": 156}, {"g": "f", "item": "Plywood", "p": 295.0, "s": 253.0, "year": 2008, "partner": 156}, {"g": "f", "item": "Paper+-Board Ex Newsprnt", "p": 32.0, "s": 141.0, "year": 2008, "partner": 156}, {"g": "f", "item": "Wood Pulp", "p": 2.0, "s": 4.0, "year": 2009, "partner": 156}, {"g": "f", "item": "Fibreboard", "p": 11.0, "s": 12.0, "year": 2009, "partner": 156}, {"g": "f", "item": "Ind Rwd Wir (NC) Other", "p": 1876.0, "s": 124.0, "year": 2009, "partner": 156}, {"g": "f", "item": "Veneer Sheets", "p": 27.0, "s": 13.0, "year": 2009, "partner": 156}, {"g": "f", "item": "Particle Board", "p": 53.0, "s": 39.0, "year": 2009, "partner": 156}, {"g": "f", "item": "Sawnwood (C)", "p": 7305.0, "s": 1271.0, "year": 2009, "partner": 156}, {"g": "f", "item": "Sawnwood (NC)", "p": 14.0, "s": 4.0, "year": 2009, "partner": 156}, {"g": "f", "item": "Ind Rwd Wir (C)", "p": 1059.0, "s": 65.0, "year": 2009, "partner": 156}, {"g": "f", "item": "Paper+-Board Ex Newsprnt", "p": 11.0, "s": 44.0, "year": 2009, "partner": 156}, {"g": "f", "item": "Plywood", "p": 113.0, "s": 140.0, "year": 2009, "partner": 156}, {"g": "f", "item": "Chips and Particles", "p": 130.0, "s": 0.0, "year": 2010, "partner": 156}, {"g": "f", "item": "Ind Rwd Wir (NC) Tropica", "p": 5.0, "s": 7.0, "year": 2010, "partner": 156}, {"g": "f", "item": "Fibreboard", "p": 19.0, "s": 12.0, "year": 2010, "partner": 156}, {"g": "f", "item": "Particle Board", "p": 199.0, "s": 113.0, "year": 2010, "partner": 156}, {"g": "f", "item": "Veneer Sheets", "p": 30.0, "s": 79.0, "year": 2010, "partner": 156}, {"g": "f", "item": "Ind Rwd Wir (NC) Other", "p": 3043.0, "s": 201.0, "year": 2010, "partner": 156}, {"g": "f", "item": "Sawnwood (C)", "p": 250.0, "s": 44.0, "year": 2010, "partner": 156}, {"g": "f", "item": "Newsprint", "p": 31.0, "s": 50.0, "year": 2010, "partner": 156}, {"g": "f", "item": "Ind Rwd Wir (C)", "p": 9052.0, "s": 552.0, "year": 2010, "partner": 156}, {"g": "f", "item": "Sawnwood (NC)", "p": 3518.0, "s": 1073.0, "year": 2010, "partner": 156}, {"g": "f", "item": "Paper+-Board Ex Newsprnt", "p": 63.0, "s": 165.0, "year": 2010, "partner": 156}, {"g": "f", "item": "Plywood", "p": 408.0, "s": 369.0, "year": 2010, "partner": 156}, {"g": "f", "item": "Chips and Particles", "p": 13.0, "s": 0.0, "year": 2011, "partner": 156}, {"g": "f", "item": "Ind Rwd Wir (NC) Tropica", "p": 4.0, "s": 3.0, "year": 2011, "partner": 156}, {"g": "f", "item": "Fibreboard", "p": 21.0, "s": 15.0, "year": 2011, "partner": 156}, {"g": "f", "item": "Particle Board", "p": 164.0, "s": 90.0, "year": 2011, "partner": 156}, {"g": "f", "item": "Veneer Sheets", "p": 38.0, "s": 115.0, "year": 2011, "partner": 156}, {"g": "f", "item": "Ind Rwd Wir (NC) Other", "p": 12994.0, "s": 858.0, "year": 2011, "partner": 156}, {"g": "f", "item": "Sawnwood (C)", "p": 169.0, "s": 29.0, "year": 2011, "partner": 156}, {"g": "f", "item": "Newsprint", "p": 13.0, "s": 38.0, "year": 2011, "partner": 156}, {"g": "f", "item": "Ind Rwd Wir (C)", "p": 7320.0, "s": 447.0, "year": 2011, "partner": 156}, {"g": "f", "item": "Sawnwood (NC)", "p": 2974.0, "s": 907.0, "year": 2011, "partner": 156}, {"g": "f", "item": "Paper+-Board Ex Newsprnt", "p": 166.0, "s": 155.0, "year": 2011, "partner": 156}, {"g": "f", "item": "Plywood", "p": 205.0, "s": 209.0, "year": 2011, "partner": 156}, {"g": "f", "item": "Chips and Particles", "p": 1.0, "s": 0.0, "year": 2012, "partner": 156}, {"g": "f", "item": "Ind Rwd Wir (NC) Tropica", "p": 20.0, "s": 16.0, "year": 2012, "partner": 156}, {"g": "f", "item": "Fibreboard", "p": 9.0, "s": 5.0, "year": 2012, "partner": 156}, {"g": "f", "item": "Particle Board", "p": 119.0, "s": 70.0, "year": 2012, "partner": 156}, {"g": "f", "item": "Veneer Sheets", "p": 90.0, "s": 212.0, "year": 2012, "partner": 156}, {"g": "f", "item": "Ind Rwd Wir (NC) Other", "p": 9703.0, "s": 640.0, "year": 2012, "partner": 156}, {"g": "f", "item": "Sawnwood (C)", "p": 216.0, "s": 38.0, "year": 2012, "partner": 156}, {"g": "f", "item": "Newsprint", "p": 26.0, "s": 27.0, "year": 2012, "partner": 156}, {"g": "f", "item": "Ind Rwd Wir (C)", "p": 13547.0, "s": 826.0, "year": 2012, "partner": 156}, {"g": "f", "item": "Sawnwood (NC)", "p": 3747.0, "s": 1143.0, "year": 2012, "partner": 156}, {"g": "f", "item": "Paper+-Board Ex Newsprnt", "p": 277.0, "s": 205.0, "year": 2012, "partner": 156}, {"g": "f", "item": "Plywood", "p": 406.0, "s": 469.0, "year": 2012, "partner": 156}, {"g": "f", "item": "Fibreboard", "p": 24.0, "s": 14.0, "year": 2013, "partner": 156}, {"g": "f", "item": "Veneer Sheets", "p": 17.0, "s": 4.0, "year": 2013, "partner": 156}, {"g": "f", "item": "Sawnwood (C)", "p": 9379.0, "s": 1632.0, "year": 2013, "partner": 156}, {"g": "f", "item": "Sawnwood (NC)", "p": 20.0, "s": 6.0, "year": 2013, "partner": 156}, {"g": "f", "item": "Ind Rwd Wir (C)", "p": 151.0, "s": 9.0, "year": 2013, "partner": 156}, {"g": "f", "item": "Paper+-Board Ex Newsprnt", "p": 24.0, "s": 58.0, "year": 2013, "partner": 156}, {"g": "f", "item": "Plywood", "p": 209.0, "s": 222.0, "year": 2013, "partner": 156}, {"g": "f", "item": "Ind Rwd Wir (NC) Tropica", "p": 14.0, "s": 9.0, "year": 2014, "partner": 156}, {"g": "f", "item": "Fibreboard", "p": 46.0, "s": 33.0, "year": 2014, "partner": 156}, {"g": "f", "item": "Ind Rwd Wir (NC) Other", "p": 294.0, "s": 19.0, "year": 2014, "partner": 156}, {"g": "f", "item": "Veneer Sheets", "p": 1.0, "s": 2.0, "year": 2014, "partner": 156}, {"g": "f", "item": "Particle Board", "p": 33.0, "s": 23.0, "year": 2014, "partner": 156}, {"g": "f", "item": "Sawnwood (C)", "p": 97.0, "s": 17.0, "year": 2014, "partner": 156}, {"g": "f", "item": "Newsprint", "p": 21.0, "s": 52.0, "year": 2014, "partner": 156}, {"g": "f", "item": "Ind Rwd Wir (C)", "p": 13043.0, "s": 796.0, "year": 2014, "partner": 156}, {"g": "f", "item": "Sawnwood (NC)", "p": 7712.0, "s": 2352.0, "year": 2014, "partner": 156}, {"g": "f", "item": "Paper+-Board Ex Newsprnt", "p": 716.0, "s": 333.0, "year": 2014, "partner": 156}, {"g": "f", "item": "Plywood", "p": 828.0, "s": 903.0, "year": 2014, "partner": 156}, {"g": "f", "item": "Paper+-Board Ex Newsprnt", "p": 25.0, "s": 17.0, "year": 2004, "partner": 33}, {"g": "f", "item": "Sawnwood (C)", "p": 690.0, "s": 106.0, "year": 1999, "partner": 33}, {"g": "f", "item": "Ind Rwd Wir (NC) Other", "p": 10.0, "s": 1.0, "year": 2010, "partner": 244}, {"g": "f", "item": "Sawnwood (NC)", "p": 55.0, "s": 17.0, "year": 2011, "partner": 244}, {"g": "f", "item": "Sawnwood (C)", "p": 12.0, "s": 10.0, "year": 2004, "partner": 244}, {"g": "f", "item": "Paper+-Board Ex Newsprnt", "p": 7.0, "s": 10.0, "year": 2004, "partner": 244}, {"g": "f", "item": "Fibreboard", "p": 5.0, "s": 2.0, "year": 2002, "partner": 66}, {"g": "f", "item": "Ind Rwd Wir (NC) Other", "p": 8.0, "s": 4.0, "year": 2002, "partner": 66}, {"g": "f", "item": "Sawnwood (C)", "p": 28.0, "s": 15.0, "year": 2002, "partner": 66}, {"g": "f", "item": "Sawnwood (NC)", "p": 16.0, "s": 5.0, "year": 2002, "partner": 66}, {"g": "f", "item": "Plywood", "p": 131.0, "s": 82.0, "year": 2002, "partner": 66}, {"g": "f", "item": "Paper+-Board Ex Newsprnt", "p": 31.0, "s": 51.0, "year": 2002, "partner": 66}, {"g": "f", "item": "Sawnwood (C)", "p": 154.0, "s": 27.0, "year": 2003, "partner": 66}, {"g": "f", "item": "Paper+-Board Ex Newsprnt", "p": 532.0, "s": 106.0, "year": 2003, "partner": 66}, {"g": "f", "item": "Plywood", "p": 37.0, "s": 26.0, "year": 2003, "partner": 66}, {"g": "f", "item": "Fibreboard", "p": 25.0, "s": 23.0, "year": 2003, "partner": 66}, {"g": "f", "item": "Veneer Sheets", "p": 7.0, "s": 5.0, "year": 2004, "partner": 66}, {"g": "f", "item": "Ind Rwd Wir (NC) Other", "p": 1.0, "s": 1.0, "year": 2004, "partner": 66}, {"g": "f", "item": "Sawnwood (C)", "p": 19.0, "s": 19.0, "year": 2004, "partner": 66}, {"g": "f", "item": "Sawnwood (NC)", "p": 1.0, "s": 1.0, "year": 2004, "partner": 66}, {"g": "f", "item": "Plywood", "p": 179.0, "s": 111.0, "year": 2004, "partner": 66}, {"g": "f", "item": "Paper+-Board Ex Newsprnt", "p": 34.0, "s": 55.0, "year": 2004, "partner": 66}, {"g": "f", "item": "Fibreboard", "p": 1.0, "s": 5.0, "year": 2005, "partner": 66}, {"g": "f", "item": "Veneer Sheets", "p": 1.0, "s": 1.0, "year": 2005, "partner": 66}, {"g": "f", "item": "Sawnwood (C)", "p": 54.0, "s": 9.0, "year": 2005, "partner": 66}, {"g": "f", "item": "Sawnwood (NC)", "p": 38.0, "s": 12.0, "year": 2005, "partner": 66}, {"g": "f", "item": "Plywood", "p": 36.0, "s": 28.0, "year": 2005, "partner": 66}, {"g": "f", "item": "Paper+-Board Ex Newsprnt", "p": 66.0, "s": 133.0, "year": 2005, "partner": 66}, {"g": "f", "item": "Fibreboard", "p": 2.0, "s": 0.0, "year": 2006, "partner": 66}, {"g": "f", "item": "Sawnwood (C)", "p": 62.0, "s": 11.0, "year": 2006, "partner": 66}, {"g": "f", "item": "Sawnwood (NC)", "p": 2.0, "s": 1.0, "year": 2006, "partner": 66}, {"g": "f", "item": "Ind Rwd Wir (C)", "p": 179.0, "s": 11.0, "year": 2006, "partner": 66}, {"g": "f", "item": "Paper+-Board Ex Newsprnt", "p": 34.0, "s": 76.0, "year": 2006, "partner": 66}, {"g": "f", "item": "Plywood", "p": 115.0, "s": 68.0, "year": 2006, "partner": 66}, {"g": "f", "item": "Ind Rwd Wir (NC) Other", "p": 10.0, "s": 1.0, "year": 2007, "partner": 66}, {"g": "f", "item": "Veneer Sheets", "p": 9.0, "s": 10.0, "year": 2007, "partner": 66}, {"g": "f", "item": "Particle Board", "p": 16.0, "s": 17.0, "year": 2007, "partner": 66}, {"g": "f", "item": "Sawnwood (C)", "p": 142.0, "s": 25.0, "year": 2007, "partner": 66}, {"g": "f", "item": "Sawnwood (NC)", "p": 27.0, "s": 8.0, "year": 2007, "partner": 66}, {"g": "f", "item": "Plywood", "p": 35.0, "s": 31.0, "year": 2007, "partner": 66}, {"g": "f", "item": "Paper+-Board Ex Newsprnt", "p": 82.0, "s": 81.0, "year": 2007, "partner": 66}, {"g": "f", "item": "Sawnwood (C)", "p": 7.0, "s": 1.0, "year": 2009, "partner": 66}, {"g": "f", "item": "Sawnwood (NC)", "p": 28.0, "s": 9.0, "year": 2009, "partner": 66}, {"g": "f", "item": "Ind Rwd Wir (C)", "p": 67.0, "s": 4.0, "year": 2009, "partner": 66}, {"g": "f", "item": "Paper+-Board Ex Newsprnt", "p": 36.0, "s": 37.0, "year": 2009, "partner": 66}, {"g": "f", "item": "Plywood", "p": 23.0, "s": 36.0, "year": 2009, "partner": 66}, {"g": "f", "item": "Ind Rwd Wir (NC) Other", "p": 40.0, "s": 3.0, "year": 2010, "partner": 66}, {"g": "f", "item": "Veneer Sheets", "p": 2.0, "s": 4.0, "year": 2010, "partner": 66}, {"g": "f", "item": "Particle Board", "p": 11.0, "s": 6.0, "year": 2010, "partner": 66}, {"g": "f", "item": "Sawnwood (NC)", "p": 8.0, "s": 2.0, "year": 2010, "partner": 66}, {"g": "f", "item": "Ind Rwd Wir (C)", "p": 321.0, "s": 20.0, "year": 2010, "partner": 66}, {"g": "f", "item": "Paper+-Board Ex Newsprnt", "p": 19.0, "s": 29.0, "year": 2010, "partner": 66}, {"g": "f", "item": "Plywood", "p": 68.0, "s": 61.0, "year": 2010, "partner": 66}, {"g": "f", "item": "Paper+-Board Ex Newsprnt", "p": 13.0, "s": 33.0, "year": 2011, "partner": 66}, {"g": "f", "item": "Veneer Sheets", "p": 11.0, "s": 30.0, "year": 2011, "partner": 66}, {"g": "f", "item": "Ind Rwd Wir (C)", "p": 27.0, "s": 2.0, "year": 2011, "partner": 66}, {"g": "f", "item": "Plywood", "p": 45.0, "s": 47.0, "year": 2011, "partner": 66}, {"g": "f", "item": "Ind Rwd Wir (NC) Other", "p": 9.0, "s": 1.0, "year": 2012, "partner": 66}, {"g": "f", "item": "Veneer Sheets", "p": 9.0, "s": 24.0, "year": 2012, "partner": 66}, {"g": "f", "item": "Particle Board", "p": 1.0, "s": 1.0, "year": 2012, "partner": 66}, {"g": "f", "item": "Sawnwood (C)", "p": 80.0, "s": 14.0, "year": 2012, "partner": 66}, {"g": "f", "item": "Ind Rwd Wir (C)", "p": 28.0, "s": 2.0, "year": 2012, "partner": 66}, {"g": "f", "item": "Paper+-Board Ex Newsprnt", "p": 2.0, "s": 7.0, "year": 2012, "partner": 66}, {"g": "f", "item": "Plywood", "p": 61.0, "s": 74.0, "year": 2012, "partner": 66}, {"g": "f", "item": "Plywood", "p": 54.0, "s": 64.0, "year": 2013, "partner": 66}, {"g": "f", "item": "Fibreboard", "p": 17.0, "s": 9.0, "year": 2013, "partner": 66}, {"g": "f", "item": "Veneer Sheets", "p": 8.0, "s": 23.0, "year": 2014, "partner": 66}, {"g": "f", "item": "Newsprint", "p": 4.0, "s": 8.0, "year": 2014, "partner": 66}, {"g": "f", "item": "Sawnwood (NC)", "p": 4.0, "s": 1.0, "year": 2014, "partner": 66}, {"g": "f", "item": "Plywood", "p": 70.0, "s": 80.0, "year": 2014, "partner": 66}, {"g": "f", "item": "Paper+-Board Ex Newsprnt", "p": 80.0, "s": 35.0, "year": 2014, "partner": 66}, {"g": "f", "item": "Paper+-Board Ex Newsprnt", "p": 1.0, "s": 1.0, "year": 1999, "partner": 200}, {"g": "f", "item": "Plywood", "p": 66.0, "s": 27.0, "year": 1999, "partner": 200}, {"g": "f", "item": "Fibreboard", "p": 33.0, "s": 19.0, "year": 1999, "partner": 200}, {"g": "f", "item": "Paper+-Board Ex Newsprnt", "p": 2.0, "s": 3.0, "year": 2000, "partner": 200}, {"g": "f", "item": "Plywood", "p": 91.0, "s": 31.0, "year": 2000, "partner": 200}, {"g": "f", "item": "Fibreboard", "p": 40.0, "s": 19.0, "year": 2000, "partner": 200}, {"g": "f", "item": "Paper+-Board Ex Newsprnt", "p": 1.0, "s": 1.0, "year": 2001, "partner": 200}, {"g": "f", "item": "Plywood", "p": 108.0, "s": 35.0, "year": 2001, "partner": 200}, {"g": "f", "item": "Fibreboard", "p": 10.0, "s": 3.0, "year": 2001, "partner": 200}, {"g": "f", "item": "Plywood", "p": 65.0, "s": 24.0, "year": 2002, "partner": 200}, {"g": "f", "item": "Sawnwood (NC)", "p": 1378.0, "s": 420.0, "year": 2010, "partner": 200}, {"g": "f", "item": "Paper+-Board Ex Newsprnt", "p": 211.0, "s": 51.0, "year": 2010, "partner": 200}, {"g": "f", "item": "Newsprint", "p": 15.0, "s": 19.0, "year": 2010, "partner": 200}, {"g": "f", "item": "Paper+-Board Ex Newsprnt", "p": 49.0, "s": 107.0, "year": 2011, "partner": 200}, {"g": "f", "item": "Plywood", "p": 42.0, "s": 53.0, "year": 2011, "partner": 200}, {"g": "f", "item": "Paper+-Board Ex Newsprnt", "p": 28.0, "s": 107.0, "year": 2012, "partner": 200}, {"g": "f", "item": "Plywood", "p": 50.0, "s": 58.0, "year": 2012, "partner": 200}, {"g": "f", "item": "Plywood", "p": 23.0, "s": 35.0, "year": 2013, "partner": 200}, {"g": "f", "item": "Paper+-Board Ex Newsprnt", "p": 26.0, "s": 46.0, "year": 2014, "partner": 200}, {"g": "f", "item": "Plywood", "p": 15.0, "s": 17.0, "year": 2014, "partner": 200}, {"g": "f", "item": "Sawnwood (NC)", "p": 4.0, "s": 1.0, "year": 2008, "partner": 202}, {"g": "f", "item": "Ind Rwd Wir (C)", "p": 209209.0, "s": 53.0, "year": 2002, "partner": 202}, {"g": "f", "item": "Fibreboard", "p": 21.0, "s": 3.0, "year": 2002, "partner": 202}, {"g": "f", "item": "Paper+-Board Ex Newsprnt", "p": 12.0, "s": 40.0, "year": 2009, "partner": 79}, {"g": "f", "item": "Paper+-Board Ex Newsprnt", "p": 1.0, "s": 4.0, "year": 2003, "partner": 79}, {"g": "f", "item": "Fibreboard", "p": 27.0, "s": 16.0, "year": 2004, "partner": 79}, {"g": "f", "item": "Particle Board", "p": 4.0, "s": 2.0, "year": 2010, "partner": 211}, {"g": "f", "item": "Plywood", "p": 9.0, "s": 10.0, "year": 2010, "partner": 211}, {"g": "f", "item": "Plywood", "p": 21.0, "s": 22.0, "year": 2011, "partner": 211}, {"g": "f", "item": "Fibreboard", "p": 78.0, "s": 16.0, "year": 1999, "partner": 216}, {"g": "f", "item": "Fibreboard", "p": 10.0, "s": 21.0, "year": 2001, "partner": 216}, {"g": "f", "item": "Fibreboard", "p": 16.0, "s": 3.0, "year": 2003, "partner": 216}, {"g": "f", "item": "Fibreboard", "p": 44.0, "s": 10.0, "year": 2005, "partner": 216}, {"g": "f", "item": "Paper+-Board Ex Newsprnt", "p": 18.0, "s": 17.0, "year": 2006, "partner": 216}, {"g": "f", "item": "Fibreboard", "p": 135.0, "s": 34.0, "year": 2006, "partner": 216}, {"g": "f", "item": "Paper+-Board Ex Newsprnt", "p": 18.0, "s": 16.0, "year": 2007, "partner": 216}, {"g": "f", "item": "Fibreboard", "p": 21.0, "s": 7.0, "year": 2007, "partner": 216}, {"g": "f", "item": "Fibreboard", "p": 95.0, "s": 36.0, "year": 2008, "partner": 216}, {"g": "f", "item": "Fibreboard", "p": 69.0, "s": 24.0, "year": 2009, "partner": 216}, {"g": "f", "item": "Particle Board", "p": 56.0, "s": 38.0, "year": 2010, "partner": 216}, {"g": "f", "item": "Plywood", "p": 12.0, "s": 14.0, "year": 2010, "partner": 216}, {"g": "f", "item": "Fibreboard", "p": 97.0, "s": 37.0, "year": 2010, "partner": 216}, {"g": "f", "item": "Fibreboard", "p": 68.0, "s": 31.0, "year": 2011, "partner": 216}, {"g": "f", "item": "Particle Board", "p": 25.0, "s": 16.0, "year": 2012, "partner": 216}, {"g": "f", "item": "Plywood", "p": 24.0, "s": 32.0, "year": 2012, "partner": 216}, {"g": "f", "item": "Fibreboard", "p": 120.0, "s": 59.0, "year": 2012, "partner": 216}, {"g": "f", "item": "Fibreboard", "p": 96.0, "s": 47.0, "year": 2013, "partner": 216}, {"g": "f", "item": "Paper+-Board Ex Newsprnt", "p": 37.0, "s": 17.0, "year": 2014, "partner": 216}, {"g": "f", "item": "Plywood", "p": 32.0, "s": 39.0, "year": 2014, "partner": 216}, {"g": "f", "item": "Fibreboard", "p": 353.0, "s": 214.0, "year": 2014, "partner": 216}, {"g": "f", "item": "Veneer Sheets", "p": 4.0, "s": 2.0, "year": 1998, "partner": 351}, {"g": "f", "item": "Paper+-Board Ex Newsprnt", "p": 3.0, "s": 1.0, "year": 1998, "partner": 351}, {"g": "f", "item": "Paper+-Board Ex Newsprnt", "p": 2.0, "s": 2.0, "year": 1999, "partner": 351}, {"g": "f", "item": "Paper+-Board Ex Newsprnt", "p": 22.0, "s": 20.0, "year": 2000, "partner": 351}, {"g": "f", "item": "Ind Rwd Wir (C)", "p": 246.0, "s": 40.0, "year": 2000, "partner": 351}, {"g": "f", "item": "Plywood", "p": 15.0, "s": 2.0, "year": 2000, "partner": 351}, {"g": "f", "item": "Paper+-Board Ex Newsprnt", "p": 11.0, "s": 8.0, "year": 2001, "partner": 351}, {"g": "f", "item": "Plywood", "p": 58.0, "s": 4.0, "year": 2001, "partner": 351}, {"g": "f", "item": "Paper+-Board Ex Newsprnt", "p": 23.0, "s": 14.0, "year": 2002, "partner": 351}, {"g": "f", "item": "Particle Board", "p": 85.0, "s": 44.0, "year": 2002, "partner": 351}, {"g": "f", "item": "Plywood", "p": 33.0, "s": 12.0, "year": 2002, "partner": 351}, {"g": "f", "item": "Chips and Particles", "p": 46.0, "s": 8.0, "year": 2003, "partner": 351}, {"g": "f", "item": "Paper+-Board Ex Newsprnt", "p": 38.0, "s": 21.0, "year": 2003, "partner": 351}, {"g": "f", "item": "Fibreboard", "p": 91.0, "s": 8.0, "year": 2003, "partner": 351}, {"g": "f", "item": "Paper+-Board Ex Newsprnt", "p": 12.0, "s": 9.0, "year": 2004, "partner": 351}, {"g": "f", "item": "Veneer Sheets", "p": 2.0, "s": 1.0, "year": 2004, "partner": 351}, {"g": "f", "item": "Fibreboard", "p": 266.0, "s": 33.0, "year": 2004, "partner": 351}, {"g": "f", "item": "Paper+-Board Ex Newsprnt", "p": 6.0, "s": 3.0, "year": 2005, "partner": 351}, {"g": "f", "item": "Plywood", "p": 279.0, "s": 91.0, "year": 2005, "partner": 351}, {"g": "f", "item": "Fibreboard", "p": 221.0, "s": 25.0, "year": 2005, "partner": 351}, {"g": "f", "item": "Chips and Particles", "p": 39.0, "s": 5.0, "year": 2006, "partner": 351}, {"g": "f", "item": "Veneer Sheets", "p": 2.0, "s": 0.0, "year": 2006, "partner": 351}, {"g": "f", "item": "Particle Board", "p": 12.0, "s": 5.0, "year": 2006, "partner": 351}, {"g": "f", "item": "Sawnwood (NC)", "p": 40.0, "s": 12.0, "year": 2006, "partner": 351}, {"g": "f", "item": "Plywood", "p": 374.0, "s": 123.0, "year": 2006, "partner": 351}, {"g": "f", "item": "Paper+-Board Ex Newsprnt", "p": 27.0, "s": 21.0, "year": 2006, "partner": 351}, {"g": "f", "item": "Veneer Sheets", "p": 18.0, "s": 9.0, "year": 2007, "partner": 351}, {"g": "f", "item": "Paper+-Board Ex Newsprnt", "p": 96.0, "s": 78.0, "year": 2007, "partner": 351}, {"g": "f", "item": "Sawnwood (C)", "p": 257.0, "s": 45.0, "year": 2008, "partner": 351}, {"g": "f", "item": "Paper+-Board Ex Newsprnt", "p": 128.0, "s": 107.0, "year": 2008, "partner": 351}, {"g": "f", "item": "Plywood", "p": 175.0, "s": 147.0, "year": 2008, "partner": 351}, {"g": "f", "item": "Fibreboard", "p": 40.0, "s": 15.0, "year": 2008, "partner": 351}, {"g": "f", "item": "Sawnwood (C)", "p": 118.0, "s": 21.0, "year": 2009, "partner": 351}, {"g": "f", "item": "Paper+-Board Ex Newsprnt", "p": 20.0, "s": 14.0, "year": 2009, "partner": 351}, {"g": "f", "item": "Plywood", "p": 245.0, "s": 233.0, "year": 2009, "partner": 351}, {"g": "f", "item": "Chips and Particles", "p": 6.0, "s": 0.0, "year": 2010, "partner": 351}, {"g": "f", "item": "Fibreboard", "p": 12.0, "s": 7.0, "year": 2010, "partner": 351}, {"g": "f", "item": "Ind Rwd Wir (NC) Other", "p": 18.0, "s": 1.0, "year": 2010, "partner": 351}, {"g": "f", "item": "Veneer Sheets", "p": 1.0, "s": 2.0, "year": 2010, "partner": 351}, {"g": "f", "item": "Particle Board", "p": 37.0, "s": 25.0, "year": 2010, "partner": 351}, {"g": "f", "item": "Ind Rwd Wir (C)", "p": 24.0, "s": 1.0, "year": 2010, "partner": 351}, {"g": "f", "item": "Paper+-Board Ex Newsprnt", "p": 23.0, "s": 35.0, "year": 2010, "partner": 351}, {"g": "f", "item": "Plywood", "p": 79.0, "s": 67.0, "year": 2010, "partner": 351}, {"g": "f", "item": "Fibreboard", "p": 4.0, "s": 2.0, "year": 2011, "partner": 351}, {"g": "f", "item": "Ind Rwd Wir (NC) Other", "p": 4.0, "s": 0.0, "year": 2011, "partner": 351}, {"g": "f", "item": "Veneer Sheets", "p": 27.0, "s": 83.0, "year": 2011, "partner": 351}, {"g": "f", "item": "Particle Board", "p": 14.0, "s": 8.0, "year": 2011, "partner": 351}, {"g": "f", "item": "Plywood", "p": 180.0, "s": 189.0, "year": 2011, "partner": 351}, {"g": "f", "item": "Paper+-Board Ex Newsprnt", "p": 52.0, "s": 103.0, "year": 2011, "partner": 351}, {"g": "f", "item": "Ind Rwd Wir (NC) Tropica", "p": 1.0, "s": 1.0, "year": 2012, "partner": 351}, {"g": "f", "item": "Fibreboard", "p": 13.0, "s": 9.0, "year": 2012, "partner": 351}, {"g": "f", "item": "Veneer Sheets", "p": 27.0, "s": 72.0, "year": 2012, "partner": 351}, {"g": "f", "item": "Particle Board", "p": 25.0, "s": 16.0, "year": 2012, "partner": 351}, {"g": "f", "item": "Ind Rwd Wir (C)", "p": 24.0, "s": 1.0, "year": 2012, "partner": 351}, {"g": "f", "item": "Paper+-Board Ex Newsprnt", "p": 29.0, "s": 34.0, "year": 2012, "partner": 351}, {"g": "f", "item": "Plywood", "p": 40.0, "s": 40.0, "year": 2012, "partner": 351}, {"g": "f", "item": "Paper+-Board Ex Newsprnt", "p": 2.0, "s": 5.0, "year": 2013, "partner": 351}, {"g": "f", "item": "Plywood", "p": 130.0, "s": 91.0, "year": 2013, "partner": 351}, {"g": "f", "item": "Fibreboard", "p": 21.0, "s": 9.0, "year": 2013, "partner": 351}, {"g": "f", "item": "Fibreboard", "p": 27.0, "s": 16.0, "year": 2014, "partner": 351}, {"g": "f", "item": "Veneer Sheets", "p": 6.0, "s": 15.0, "year": 2014, "partner": 351}, {"g": "f", "item": "Particle Board", "p": 27.0, "s": 19.0, "year": 2014, "partner": 351}, {"g": "f", "item": "Ind Rwd Wir (C)", "p": 1.0, "s": 0.0, "year": 2014, "partner": 351}, {"g": "f", "item": "Paper+-Board Ex Newsprnt", "p": 80.0, "s": 77.0, "year": 2014, "partner": 351}, {"g": "f", "item": "Plywood", "p": 186.0, "s": 216.0, "year": 2014, "partner": 351}, {"g": "f", "item": "Paper+-Board Ex Newsprnt", "p": 1.0, "s": 3.0, "year": 1999, "partner": 97}, {"g": "f", "item": "Paper+-Board Ex Newsprnt", "p": 36.0, "s": 22.0, "year": 2000, "partner": 229}, {"g": "f", "item": "Sawnwood (C)", "p": 1.0, "s": 4.0, "year": 2002, "partner": 229}, {"g": "f", "item": "Paper+-Board Ex Newsprnt", "p": 3.0, "s": 2.0, "year": 1999, "partner": 229}, {"g": "f", "item": "Fibreboard", "p": 3.0, "s": 9.0, "year": 2014, "partner": 100}, {"g": "f", "item": "Newsprint", "p": 1.0, "s": 0.0, "year": 1999, "partner": 101}, {"g": "f", "item": "Plywood", "p": 18.0, "s": 6.0, "year": 1999, "partner": 101}, {"g": "f", "item": "Plywood", "p": 34.0, "s": 9.0, "year": 2000, "partner": 101}, {"g": "f", "item": "Paper+-Board Ex Newsprnt", "p": 36.0, "s": 34.0, "year": 2001, "partner": 101}, {"g": "f", "item": "Paper+-Board Ex Newsprnt", "p": 24.0, "s": 20.0, "year": 2003, "partner": 101}, {"g": "f", "item": "Paper+-Board Ex Newsprnt", "p": 61.0, "s": 41.0, "year": 2004, "partner": 101}, {"g": "f", "item": "Paper+-Board Ex Newsprnt", "p": 71.0, "s": 48.0, "year": 2006, "partner": 101}, {"g": "f", "item": "Sawnwood (NC)", "p": 13.0, "s": 4.0, "year": 2010, "partner": 101}, {"g": "f", "item": "Newsprint", "p": 22.0, "s": 20.0, "year": 2010, "partner": 101}, {"g": "f", "item": "Fibreboard", "p": 2.0, "s": 1.0, "year": 2011, "partner": 101}, {"g": "f", "item": "Paper+-Board Ex Newsprnt", "p": 11.0, "s": 24.0, "year": 2014, "partner": 101}, {"g": "f", "item": "Veneer Sheets", "p": 26.0, "s": 33.0, "year": 1997, "partner": 231}, {"g": "f", "item": "Sawnwood (C)", "p": 2275.0, "s": 385.0, "year": 1997, "partner": 231}, {"g": "f", "item": "Sawnwood (NC)", "p": 56.0, "s": 18.0, "year": 1997, "partner": 231}, {"g": "f", "item": "Ind Rwd Wir (C)", "p": 34.0, "s": 4.0, "year": 1997, "partner": 231}, {"g": "f", "item": "Paper+-Board Ex Newsprnt", "p": 30.0, "s": 19.0, "year": 1997, "partner": 231}, {"g": "f", "item": "Plywood", "p": 213.0, "s": 78.0, "year": 1997, "partner": 231}, {"g": "f", "item": "Sawnwood (C)", "p": 801.0, "s": 228.0, "year": 1998, "partner": 231}, {"g": "f", "item": "Paper+-Board Ex Newsprnt", "p": 8.0, "s": 12.0, "year": 1998, "partner": 231}, {"g": "f", "item": "Plywood", "p": 70.0, "s": 43.0, "year": 1998, "partner": 231}, {"g": "f", "item": "Sawnwood (C)", "p": 1815.0, "s": 339.0, "year": 1999, "partner": 231}, {"g": "f", "item": "Paper+-Board Ex Newsprnt", "p": 8.0, "s": 15.0, "year": 1999, "partner": 231}, {"g": "f", "item": "Plywood", "p": 22.0, "s": 13.0, "year": 1999, "partner": 231}, {"g": "f", "item": "Plywood", "p": 11.0, "s": 8.0, "year": 2000, "partner": 231}, {"g": "f", "item": "Paper+-Board Ex Newsprnt", "p": 8.0, "s": 11.0, "year": 2001, "partner": 231}, {"g": "f", "item": "Paper+-Board Ex Newsprnt", "p": 5.0, "s": 7.0, "year": 2003, "partner": 231}, {"g": "f", "item": "Paper+-Board Ex Newsprnt", "p": 6.0, "s": 15.0, "year": 2004, "partner": 231}, {"g": "f", "item": "Veneer Sheets", "p": 4.0, "s": 3.0, "year": 2006, "partner": 231}, {"g": "f", "item": "Paper+-Board Ex Newsprnt", "p": 3.0, "s": 3.0, "year": 2006, "partner": 231}, {"g": "f", "item": "Paper+-Board Ex Newsprnt", "p": 2.0, "s": 7.0, "year": 2008, "partner": 231}, {"g": "f", "item": "Sawnwood (C)", "p": 34.0, "s": 6.0, "year": 2009, "partner": 231}, {"g": "f", "item": "Paper+-Board Ex Newsprnt", "p": 10.0, "s": 7.0, "year": 2009, "partner": 231}, {"g": "f", "item": "Sawnwood (NC)", "p": 22.0, "s": 7.0, "year": 2009, "partner": 231}, {"g": "f", "item": "Fibreboard", "p": 1.0, "s": 1.0, "year": 2010, "partner": 231}, {"g": "f", "item": "Ind Rwd Wir (NC) Other", "p": 373.0, "s": 25.0, "year": 2010, "partner": 231}, {"g": "f", "item": "Particle Board", "p": 14.0, "s": 8.0, "year": 2010, "partner": 231}, {"g": "f", "item": "Sawnwood (C)", "p": 41.0, "s": 7.0, "year": 2010, "partner": 231}, {"g": "f", "item": "Sawnwood (NC)", "p": 83.0, "s": 25.0, "year": 2010, "partner": 231}, {"g": "f", "item": "Ind Rwd Wir (C)", "p": 2310.0, "s": 141.0, "year": 2010, "partner": 231}, {"g": "f", "item": "Paper+-Board Ex Newsprnt", "p": 158.0, "s": 207.0, "year": 2010, "partner": 231}, {"g": "f", "item": "Plywood", "p": 34.0, "s": 32.0, "year": 2010, "partner": 231}, {"g": "f", "item": "Ind Rwd Wir (NC) Tropica", "p": 6.0, "s": 4.0, "year": 2011, "partner": 231}, {"g": "f", "item": "Fibreboard", "p": 2.0, "s": 1.0, "year": 2011, "partner": 231}, {"g": "f", "item": "Ind Rwd Wir (NC) Other", "p": 168.0, "s": 11.0, "year": 2011, "partner": 231}, {"g": "f", "item": "Veneer Sheets", "p": 1.0, "s": 2.0, "year": 2011, "partner": 231}, {"g": "f", "item": "Particle Board", "p": 20.0, "s": 10.0, "year": 2011, "partner": 231}, {"g": "f", "item": "Sawnwood (C)", "p": 140.0, "s": 24.0, "year": 2011, "partner": 231}, {"g": "f", "item": "Sawnwood (NC)", "p": 190.0, "s": 58.0, "year": 2011, "partner": 231}, {"g": "f", "item": "Ind Rwd Wir (C)", "p": 1903.0, "s": 116.0, "year": 2011, "partner": 231}, {"g": "f", "item": "Paper+-Board Ex Newsprnt", "p": 4.0, "s": 6.0, "year": 2011, "partner": 231}, {"g": "f", "item": "Plywood", "p": 42.0, "s": 43.0, "year": 2011, "partner": 231}, {"g": "f", "item": "Ind Rwd Wir (NC) Other", "p": 56.0, "s": 4.0, "year": 2012, "partner": 231}, {"g": "f", "item": "Particle Board", "p": 4.0, "s": 2.0, "year": 2012, "partner": 231}, {"g": "f", "item": "Sawnwood (C)", "p": 44.0, "s": 8.0, "year": 2012, "partner": 231}, {"g": "f", "item": "Sawnwood (NC)", "p": 28.0, "s": 9.0, "year": 2012, "partner": 231}, {"g": "f", "item": "Ind Rwd Wir (C)", "p": 1770.0, "s": 108.0, "year": 2012, "partner": 231}, {"g": "f", "item": "Paper+-Board Ex Newsprnt", "p": 3.0, "s": 5.0, "year": 2012, "partner": 231}, {"g": "f", "item": "Plywood", "p": 13.0, "s": 14.0, "year": 2012, "partner": 231}, {"g": "f", "item": "Veneer Sheets", "p": 25.0, "s": 82.0, "year": 2013, "partner": 231}, {"g": "f", "item": "Sawnwood (NC)", "p": 7374.0, "s": 2249.0, "year": 2013, "partner": 231}, {"g": "f", "item": "Ind Rwd Wir (NC) Other", "p": 413.0, "s": 27.0, "year": 2013, "partner": 231}, {"g": "f", "item": "Ind Rwd Wir (NC) Tropica", "p": 3.0, "s": 2.0, "year": 2014, "partner": 231}, {"g": "f", "item": "Ind Rwd Wir (NC) Other", "p": 173.0, "s": 11.0, "year": 2014, "partner": 231}, {"g": "f", "item": "Veneer Sheets", "p": 2.0, "s": 2.0, "year": 2014, "partner": 231}, {"g": "f", "item": "Particle Board", "p": 6.0, "s": 4.0, "year": 2014, "partner": 231}, {"g": "f", "item": "Sawnwood (C)", "p": 696.0, "s": 121.0, "year": 2014, "partner": 231}, {"g": "f", "item": "Newsprint", "p": 4.0, "s": 18.0, "year": 2014, "partner": 231}, {"g": "f", "item": "Ind Rwd Wir (C)", "p": 934.0, "s": 57.0, "year": 2014, "partner": 231}, {"g": "f", "item": "Sawnwood (NC)", "p": 236.0, "s": 72.0, "year": 2014, "partner": 231}, {"g": "f", "item": "Paper+-Board Ex Newsprnt", "p": 5.0, "s": 8.0, "year": 2014, "partner": 231}, {"g": "f", "item": "Plywood", "p": 139.0, "s": 150.0, "year": 2014, "partner": 231}, {"g": "f", "item": "Paper+-Board Ex Newsprnt", "p": 1.0, "s": 2.0, "year": 2005, "partner": 110}, {"g": "f", "item": "Sawnwood (C)", "p": 33.0, "s": 6.0, "year": 2006, "partner": 110}, {"g": "f", "item": "Plywood", "p": 46.0, "s": 22.0, "year": 2006, "partner": 110}, {"g": "f", "item": "Ind Rwd Wir (NC) Other", "p": 1.0, "s": 0.0, "year": 2010, "partner": 110}, {"g": "f", "item": "Plywood", "p": 62.0, "s": 46.0, "year": 2010, "partner": 110}, {"g": "f", "item": "Sawnwood (C)", "p": 12.0, "s": 2.0, "year": 2011, "partner": 110}, {"g": "f", "item": "Particle Board", "p": 468.0, "s": 291.0, "year": 2011, "partner": 110}, {"g": "f", "item": "Plywood", "p": 73.0, "s": 80.0, "year": 2011, "partner": 110}, {"g": "f", "item": "Ind Rwd Wir (C)", "p": 152.0, "s": 9.0, "year": 2012, "partner": 110}, {"g": "f", "item": "Paper+-Board Ex Newsprnt", "p": 1.0, "s": 6.0, "year": 2013, "partner": 110}, {"g": "f", "item": "Sawnwood (NC)", "p": 1.0, "s": 0.0, "year": 2014, "partner": 110}, {"g": "f", "item": "Paper+-Board Ex Newsprnt", "p": 14.0, "s": 54.0, "year": 2014, "partner": 116}, {"g": "f", "item": "Paper+-Board Ex Newsprnt", "p": 3.0, "s": 3.0, "year": 1998, "partner": 117}, {"g": "f", "item": "Paper+-Board Ex Newsprnt", "p": 4.0, "s": 3.0, "year": 1999, "partner": 117}, {"g": "f", "item": "Paper+-Board Ex Newsprnt", "p": 7.0, "s": 6.0, "year": 2004, "partner": 252}, {"g": "f", "item": "Paper+-Board Ex Newsprnt", "p": 7.0, "s": 25.0, "year": 2010, "partner": 252}, {"g": "f", "item": "Particle Board", "p": 37.0, "s": 23.0, "year": 2012, "partner": 252}, {"g": "f", "item": "Fibreboard", "p": 2.0, "s": 1.0, "year": 2012, "partner": 252}, {"g": "f", "item": "Plywood", "p": 7.0, "s": 1.0, "year": 2013, "partner": 252}, {"g": "f", "item": "Particle Board", "p": 13.0, "s": 9.0, "year": 2014, "partner": 252}, {"g": "f", "item": "Fibreboard", "p": 49.0, "s": 31.0, "year": 1997, "partner": 254}, {"g": "f", "item": "Veneer Sheets", "p": 0.0, "s": 0.0, "year": 1997, "partner": 254}, {"g": "f", "item": "Sawnwood (C)", "p": 0.0, "s": 0.0, "year": 1997, "partner": 254}, {"g": "f", "item": "Sawnwood (NC)", "p": 0.0, "s": 0.0, "year": 1997, "partner": 254}, {"g": "f", "item": "Ind Rwd Wir (C)", "p": 0.0, "s": 1.0, "year": 1997, "partner": 254}, {"g": "f", "item": "Paper+-Board Ex Newsprnt", "p": 0.0, "s": 0.0, "year": 1997, "partner": 254}, {"g": "f", "item": "Plywood", "p": 0.0, "s": 0.0, "year": 1997, "partner": 254}, {"g": "f", "item": "Fibreboard", "p": 46.0, "s": 29.0, "year": 1998, "partner": 254}, {"g": "f", "item": "Ind Rwd Wir (NC) Other", "p": 0.0, "s": 0.0, "year": 1998, "partner": 254}, {"g": "f", "item": "Veneer Sheets", "p": 0.0, "s": 0.0, "year": 1998, "partner": 254}, {"g": "f", "item": "Particle Board", "p": 0.0, "s": 0.0, "year": 1998, "partner": 254}, {"g": "f", "item": "Sawnwood (C)", "p": 0.0, "s": 0.0, "year": 1998, "partner": 254}, {"g": "f", "item": "Newsprint", "p": 0.0, "s": 0.0, "year": 1998, "partner": 254}, {"g": "f", "item": "Ind Rwd Wir (C)", "p": 0.0, "s": 0.0, "year": 1998, "partner": 254}, {"g": "f", "item": "Sawnwood (NC)", "p": 0.0, "s": 0.0, "year": 1998, "partner": 254}, {"g": "f", "item": "Paper+-Board Ex Newsprnt", "p": 0.0, "s": 1.0, "year": 1998, "partner": 254}, {"g": "f", "item": "Plywood", "p": 0.0, "s": 1.0, "year": 1998, "partner": 254}, {"g": "f", "item": "Fibreboard", "p": -61.0, "s": 14.0, "year": 1999, "partner": 254}, {"g": "f", "item": "Veneer Sheets", "p": 0.0, "s": 0.0, "year": 1999, "partner": 254}, {"g": "f", "item": "Newsprint", "p": 0.0, "s": 0.0, "year": 1999, "partner": 254}, {"g": "f", "item": "Sawnwood (C)", "p": 41.0, "s": 0.0, "year": 1999, "partner": 254}, {"g": "f", "item": "Sawnwood (NC)", "p": 0.0, "s": 0.0, "year": 1999, "partner": 254}, {"g": "f", "item": "Ind Rwd Wir (C)", "p": 117.0, "s": -6.0, "year": 1999, "partner": 254}, {"g": "f", "item": "Paper+-Board Ex Newsprnt", "p": 172.0, "s": 248.0, "year": 1999, "partner": 254}, {"g": "f", "item": "Plywood", "p": 13.0, "s": 0.0, "year": 1999, "partner": 254}, {"g": "f", "item": "Fibreboard", "p": 46.0, "s": 28.0, "year": 2000, "partner": 254}, {"g": "f", "item": "Particle Board", "p": 0.0, "s": 0.0, "year": 2000, "partner": 254}, {"g": "f", "item": "Veneer Sheets", "p": 0.0, "s": 0.0, "year": 2000, "partner": 254}, {"g": "f", "item": "Newsprint", "p": 0.0, "s": 0.0, "year": 2000, "partner": 254}, {"g": "f", "item": "Sawnwood (C)", "p": 0.0, "s": 0.0, "year": 2000, "partner": 254}, {"g": "f", "item": "Sawnwood (NC)", "p": 0.0, "s": 0.0, "year": 2000, "partner": 254}, {"g": "f", "item": "Ind Rwd Wir (C)", "p": 0.0, "s": 2.0, "year": 2000, "partner": 254}, {"g": "f", "item": "Paper+-Board Ex Newsprnt", "p": 0.0, "s": 0.0, "year": 2000, "partner": 254}, {"g": "f", "item": "Plywood", "p": 0.0, "s": 0.0, "year": 2000, "partner": 254}, {"g": "f", "item": "Fibreboard", "p": 194.0, "s": 43.0, "year": 2001, "partner": 254}, {"g": "f", "item": "Particle Board", "p": 42.0, "s": 6.0, "year": 2001, "partner": 254}, {"g": "f", "item": "Newsprint", "p": 35.0, "s": 3.0, "year": 2001, "partner": 254}, {"g": "f", "item": "Sawnwood (C)", "p": 3430.0, "s": -536.0, "year": 2001, "partner": 254}, {"g": "f", "item": "Sawnwood (NC)", "p": -11.0, "s": -7.0, "year": 2001, "partner": 254}, {"g": "f", "item": "Plywood", "p": 293.0, "s": -59.0, "year": 2001, "partner": 254}, {"g": "f", "item": "Paper+-Board Ex Newsprnt", "p": 86.0, "s": -177.0, "year": 2001, "partner": 254}, {"g": "f", "item": "Fibreboard", "p": 34.0, "s": 30.0, "year": 2002, "partner": 254}, {"g": "f", "item": "Ind Rwd Wir (NC) Other", "p": 0.0, "s": 0.0, "year": 2002, "partner": 254}, {"g": "f", "item": "Veneer Sheets", "p": 2.0, "s": -1.0, "year": 2002, "partner": 254}, {"g": "f", "item": "Particle Board", "p": -41.0, "s": -36.0, "year": 2002, "partner": 254}, {"g": "f", "item": "Sawnwood (C)", "p": -9071.0, "s": -1763.0, "year": 2002, "partner": 254}, {"g": "f", "item": "Newsprint", "p": 36.0, "s": 11.0, "year": 2002, "partner": 254}, {"g": "f", "item": "Ind Rwd Wir (C)", "p": -208963.0, "s": -11.0, "year": 2002, "partner": 254}, {"g": "f", "item": "Sawnwood (NC)", "p": -1.0, "s": -1.0, "year": 2002, "partner": 254}, {"g": "f", "item": "Paper+-Board Ex Newsprnt", "p": 362.0, "s": 192.0, "year": 2002, "partner": 254}, {"g": "f", "item": "Plywood", "p": -1582.0, "s": -532.0, "year": 2002, "partner": 254}, {"g": "f", "item": "Chips and Particles", "p": 0.0, "s": 0.0, "year": 2003, "partner": 254}, {"g": "f", "item": "Ind Rwd Wir (NC) Tropica", "p": 0.0, "s": 0.0, "year": 2003, "partner": 254}, {"g": "f", "item": "Fibreboard", "p": 46.0, "s": 85.0, "year": 2003, "partner": 254}, {"g": "f", "item": "Ind Rwd Wir (NC) Other", "p": 0.0, "s": 0.0, "year": 2003, "partner": 254}, {"g": "f", "item": "Sawnwood (C)", "p": 0.0, "s": 0.0, "year": 2003, "partner": 254}, {"g": "f", "item": "Newsprint", "p": 0.0, "s": 0.0, "year": 2003, "partner": 254}, {"g": "f", "item": "Ind Rwd Wir (C)", "p": 0.0, "s": 0.0, "year": 2003, "partner": 254}, {"g": "f", "item": "Sawnwood (NC)", "p": 0.0, "s": 0.0, "year": 2003, "partner": 254}, {"g": "f", "item": "Paper+-Board Ex Newsprnt", "p": 23.0, "s": 11.0, "year": 2003, "partner": 254}, {"g": "f", "item": "Plywood", "p": 0.0, "s": 279.0, "year": 2003, "partner": 254}, {"g": "f", "item": "Fibreboard", "p": 139.0, "s": 91.0, "year": 2004, "partner": 254}, {"g": "f", "item": "Ind Rwd Wir (NC) Other", "p": 10.0, "s": 0.0, "year": 2004, "partner": 254}, {"g": "f", "item": "Veneer Sheets", "p": 28.0, "s": 24.0, "year": 2004, "partner": 254}, {"g": "f", "item": "Newsprint", "p": 29.0, "s": 0.0, "year": 2004, "partner": 254}, {"g": "f", "item": "Sawnwood (C)", "p": 4043.0, "s": 0.0, "year": 2004, "partner": 254}, {"g": "f", "item": "Sawnwood (NC)", "p": -42555.0, "s": 0.0, "year": 2004, "partner": 254}, {"g": "f", "item": "Plywood", "p": 561.0, "s": 152.0, "year": 2004, "partner": 254}, {"g": "f", "item": "Paper+-Board Ex Newsprnt", "p": 403.0, "s": 29.0, "year": 2004, "partner": 254}, {"g": "f", "item": "Fibreboard", "p": 22.0, "s": 63.0, "year": 2005, "partner": 254}, {"g": "f", "item": "Ind Rwd Wir (NC) Other", "p": -3.0, "s": 0.0, "year": 2005, "partner": 254}, {"g": "f", "item": "Veneer Sheets", "p": -40.0, "s": -31.0, "year": 2005, "partner": 254}, {"g": "f", "item": "Particle Board", "p": 9.0, "s": -1.0, "year": 2005, "partner": 254}, {"g": "f", "item": "Sawnwood (C)", "p": -1623.0, "s": -180.0, "year": 2005, "partner": 254}, {"g": "f", "item": "Newsprint", "p": -4.0, "s": 0.0, "year": 2005, "partner": 254}, {"g": "f", "item": "Ind Rwd Wir (C)", "p": -580.0, "s": -26.0, "year": 2005, "partner": 254}, {"g": "f", "item": "Sawnwood (NC)", "p": -199.0, "s": -60.0, "year": 2005, "partner": 254}, {"g": "f", "item": "Paper+-Board Ex Newsprnt", "p": 482.0, "s": 115.0, "year": 2005, "partner": 254}, {"g": "f", "item": "Plywood", "p": -984.0, "s": -483.0, "year": 2005, "partner": 254}, {"g": "f", "item": "Fibreboard", "p": 179.0, "s": 47.0, "year": 2006, "partner": 254}, {"g": "f", "item": "Particle Board", "p": -87.0, "s": -32.0, "year": 2006, "partner": 254}, {"g": "f", "item": "Veneer Sheets", "p": -101.0, "s": -77.0, "year": 2006, "partner": 254}, {"g": "f", "item": "Newsprint", "p": 37.0, "s": 7.0, "year": 2006, "partner": 254}, {"g": "f", "item": "Sawnwood (C)", "p": 719.0, "s": 211.0, "year": 2006, "partner": 254}, {"g": "f", "item": "Sawnwood (NC)", "p": -2.0, "s": 0.0, "year": 2006, "partner": 254}, {"g": "f", "item": "Ind Rwd Wir (C)", "p": 270.0, "s": 18.0, "year": 2006, "partner": 254}, {"g": "f", "item": "Paper+-Board Ex Newsprnt", "p": 410.0, "s": 183.0, "year": 2006, "partner": 254}, {"g": "f", "item": "Plywood", "p": -622.0, "s": -221.0, "year": 2006, "partner": 254}, {"g": "f", "item": "Paper+-Board Ex Newsprnt", "p": 3.0, "s": 3.0, "year": 2007, "partner": 254}, {"g": "f", "item": "Plywood", "p": 0.0, "s": 82.0, "year": 2007, "partner": 254}, {"g": "f", "item": "Fibreboard", "p": -1.0, "s": 12.0, "year": 2007, "partner": 254}, {"g": "f", "item": "Chips and Particles", "p": 0.0, "s": 0.0, "year": 2008, "partner": 254}, {"g": "f", "item": "Fibreboard", "p": 3.0, "s": 3.0, "year": 2008, "partner": 254}, {"g": "f", "item": "Veneer Sheets", "p": 0.0, "s": 0.0, "year": 2008, "partner": 254}, {"g": "f", "item": "Particle Board", "p": 0.0, "s": 0.0, "year": 2008, "partner": 254}, {"g": "f", "item": "Sawnwood (C)", "p": 0.0, "s": 0.0, "year": 2008, "partner": 254}, {"g": "f", "item": "Sawnwood (NC)", "p": 0.0, "s": 0.0, "year": 2008, "partner": 254}, {"g": "f", "item": "Plywood", "p": 0.0, "s": 0.0, "year": 2008, "partner": 254}, {"g": "f", "item": "Paper+-Board Ex Newsprnt", "p": 7.0, "s": 31.0, "year": 2008, "partner": 254}, {"g": "f", "item": "Wood Pulp", "p": 7.0, "s": 1.0, "year": 2009, "partner": 254}, {"g": "f", "item": "Fibreboard", "p": 4.0, "s": 3.0, "year": 2009, "partner": 254}, {"g": "f", "item": "Ind Rwd Wir (NC) Other", "p": 0.0, "s": 0.0, "year": 2009, "partner": 254}, {"g": "f", "item": "Veneer Sheets", "p": 0.0, "s": 0.0, "year": 2009, "partner": 254}, {"g": "f", "item": "Particle Board", "p": 0.0, "s": 1.0, "year": 2009, "partner": 254}, {"g": "f", "item": "Sawnwood (C)", "p": 0.0, "s": 0.0, "year": 2009, "partner": 254}, {"g": "f", "item": "Sawnwood (NC)", "p": 0.0, "s": 0.0, "year": 2009, "partner": 254}, {"g": "f", "item": "Ind Rwd Wir (C)", "p": 0.0, "s": 0.0, "year": 2009, "partner": 254}, {"g": "f", "item": "Paper+-Board Ex Newsprnt", "p": 20.0, "s": 22.0, "year": 2009, "partner": 254}, {"g": "f", "item": "Plywood", "p": 0.0, "s": 0.0, "year": 2009, "partner": 254}, {"g": "f", "item": "Chips and Particles", "p": 0.0, "s": 0.0, "year": 2010, "partner": 254}, {"g": "f", "item": "Ind Rwd Wir (NC) Tropica", "p": 1.0, "s": 1.0, "year": 2010, "partner": 254}, {"g": "f", "item": "Fibreboard", "p": 3.0, "s": 3.0, "year": 2010, "partner": 254}, {"g": "f", "item": "Particle Board", "p": 1.0, "s": 1.0, "year": 2010, "partner": 254}, {"g": "f", "item": "Veneer Sheets", "p": 2.0, "s": 5.0, "year": 2010, "partner": 254}, {"g": "f", "item": "Ind Rwd Wir (NC) Other", "p": 0.0, "s": 0.0, "year": 2010, "partner": 254}, {"g": "f", "item": "Sawnwood (C)", "p": 6085.0, "s": 1873.0, "year": 2010, "partner": 254}, {"g": "f", "item": "Newsprint", "p": 0.0, "s": 8.0, "year": 2010, "partner": 254}, {"g": "f", "item": "Ind Rwd Wir (C)", "p": 0.0, "s": 0.0, "year": 2010, "partner": 254}, {"g": "f", "item": "Sawnwood (NC)", "p": 0.0, "s": 0.0, "year": 2010, "partner": 254}, {"g": "f", "item": "Paper+-Board Ex Newsprnt", "p": 5.0, "s": 24.0, "year": 2010, "partner": 254}, {"g": "f", "item": "Plywood", "p": 1.0, "s": 1.0, "year": 2010, "partner": 254}, {"g": "f", "item": "Ind Rwd Wir (NC) Tropica", "p": -4.0, "s": 1.0, "year": 2011, "partner": 254}, {"g": "f", "item": "Fibreboard", "p": 23.0, "s": 7.0, "year": 2011, "partner": 254}, {"g": "f", "item": "Particle Board", "p": -352.0, "s": -213.0, "year": 2011, "partner": 254}, {"g": "f", "item": "Veneer Sheets", "p": -74.0, "s": -220.0, "year": 2011, "partner": 254}, {"g": "f", "item": "Ind Rwd Wir (NC) Other", "p": -10538.0, "s": -696.0, "year": 2011, "partner": 254}, {"g": "f", "item": "Sawnwood (C)", "p": 9248.0, "s": 1609.0, "year": 2011, "partner": 254}, {"g": "f", "item": "Newsprint", "p": -10.0, "s": -35.0, "year": 2011, "partner": 254}, {"g": "f", "item": "Ind Rwd Wir (C)", "p": -8653.0, "s": -528.0, "year": 2011, "partner": 254}, {"g": "f", "item": "Sawnwood (NC)", "p": -3088.0, "s": -942.0, "year": 2011, "partner": 254}, {"g": "f", "item": "Paper+-Board Ex Newsprnt", "p": 113.0, "s": 375.0, "year": 2011, "partner": 254}, {"g": "f", "item": "Plywood", "p": 157.0, "s": -11.0, "year": 2011, "partner": 254}, {"g": "f", "item": "Ind Rwd Wir (NC) Tropica", "p": 1.0, "s": 1.0, "year": 2012, "partner": 254}, {"g": "f", "item": "Fibreboard", "p": 0.0, "s": 4.0, "year": 2012, "partner": 254}, {"g": "f", "item": "Particle Board", "p": 0.0, "s": 0.0, "year": 2012, "partner": 254}, {"g": "f", "item": "Veneer Sheets", "p": 1.0, "s": 2.0, "year": 2012, "partner": 254}, {"g": "f", "item": "Ind Rwd Wir (NC) Other", "p": -7178.0, "s": -474.0, "year": 2012, "partner": 254}, {"g": "f", "item": "Sawnwood (C)", "p": 0.0, "s": 0.0, "year": 2012, "partner": 254}, {"g": "f", "item": "Newsprint", "p": 0.0, "s": 24.0, "year": 2012, "partner": 254}, {"g": "f", "item": "Ind Rwd Wir (C)", "p": -4452.0, "s": -100.0, "year": 2012, "partner": 254}, {"g": "f", "item": "Sawnwood (NC)", "p": 0.0, "s": 1.0, "year": 2012, "partner": 254}, {"g": "f", "item": "Paper+-Board Ex Newsprnt", "p": 16.0, "s": 18.0, "year": 2012, "partner": 254}, {"g": "f", "item": "Plywood", "p": 1.0, "s": 2.0, "year": 2012, "partner": 254}, {"g": "f", "item": "Fibreboard", "p": 2.0, "s": 2.0, "year": 2013, "partner": 254}, {"g": "f", "item": "Veneer Sheets", "p": 0.0, "s": 0.0, "year": 2013, "partner": 254}, {"g": "f", "item": "Ind Rwd Wir (NC) Other", "p": 0.0, "s": 0.0, "year": 2013, "partner": 254}, {"g": "f", "item": "Sawnwood (C)", "p": 0.0, "s": 0.0, "year": 2013, "partner": 254}, {"g": "f", "item": "Sawnwood (NC)", "p": 0.0, "s": 0.0, "year": 2013, "partner": 254}, {"g": "f", "item": "Ind Rwd Wir (C)", "p": 0.0, "s": 0.0, "year": 2013, "partner": 254}, {"g": "f", "item": "Paper+-Board Ex Newsprnt", "p": 60.0, "s": 76.0, "year": 2013, "partner": 254}, {"g": "f", "item": "Plywood", "p": 0.0, "s": 0.0, "year": 2013, "partner": 254}, {"g": "f", "item": "Ind Rwd Wir (NC) Tropica", "p": 0.0, "s": 0.0, "year": 2014, "partner": 254}, {"g": "f", "item": "Fibreboard", "p": 0.0, "s": 1.0, "year": 2014, "partner": 254}, {"g": "f", "item": "Ind Rwd Wir (NC) Other", "p": 0.0, "s": 0.0, "year": 2014, "partner": 254}, {"g": "f", "item": "Veneer Sheets", "p": 1.0, "s": 4.0, "year": 2014, "partner": 254}, {"g": "f", "item": "Particle Board", "p": 0.0, "s": 0.0, "year": 2014, "partner": 254}, {"g": "f", "item": "Sawnwood (C)", "p": 0.0, "s": 0.0, "year": 2014, "partner": 254}, {"g": "f", "item": "Newsprint", "p": 0.0, "s": 0.0, "year": 2014, "partner": 254}, {"g": "f", "item": "Ind Rwd Wir (C)", "p": -3678.0, "s": -113.0, "year": 2014, "partner": 254}, {"g": "f", "item": "Sawnwood (NC)", "p": 0.0, "s": 0.0, "year": 2014, "partner": 254}, {"g": "f", "item": "Paper+-Board Ex Newsprnt", "p": 10.0, "s": 23.0, "year": 2014, "partner": 254}, {"g": "f", "item": "Plywood", "p": 1.0, "s": 1.0, "year": 2014, "partner": 254}, {"g": "f", "item": "Paper+-Board Ex Newsprnt", "p": 96.0, "s": 3.0, "year": 2007, "partner": 255}]