[{"g": "m", "item": "Sawnwood (NC)", "p": 29.0, "s": 8.0, "year": 1997, "partner": 5009}, {"g": "m", "item": "Particle Board", "p": 0.0, "s": 0.0, "year": 1997, "partner": 5009}, {"g": "m", "item": "Paper+-Board Ex Newsprnt", "p": 100.0, "s": 72.0, "year": 1998, "partner": 5009}, {"g": "m", "item": "Sawnwood (C)", "p": 0.0, "s": 0.0, "year": 1999, "partner": 5009}, {"g": "m", "item": "Sawnwood (NC)", "p": 29.0, "s": 8.0, "year": 1999, "partner": 5009}, {"g": "m", "item": "Particle Board", "p": 0.0, "s": 0.0, "year": 1999, "partner": 5009}, {"g": "m", "item": "Paper+-Board Ex Newsprnt", "p": 100.0, "s": 72.0, "year": 2000, "partner": 5009}, {"g": "m", "item": "Paper+-Board Ex Newsprnt", "p": 100.0, "s": 72.0, "year": 2001, "partner": 5009}, {"g": "m", "item": "Paper+-Board Ex Newsprnt", "p": 100.0, "s": 72.0, "year": 2003, "partner": 5009}, {"g": "m", "item": "Paper+-Board Ex Newsprnt", "p": 100.0, "s": 72.0, "year": 2008, "partner": 5009}, {"g": "m", "item": "Sawnwood (NC)", "p": 29.0, "s": 8.0, "year": 2009, "partner": 5009}, {"g": "m", "item": "Sawnwood (NC)", "p": 29.0, "s": 8.0, "year": 2010, "partner": 5009}, {"g": "m", "item": "Paper+-Board Ex Newsprnt", "p": 100.0, "s": 72.0, "year": 2011, "partner": 5009}, {"g": "m", "item": "Sawnwood (C)", "p": 6.0, "s": 2.0, "year": 2013, "partner": 5009}, {"g": "m", "item": "Paper+-Board Ex Newsprnt", "p": 1.0, "s": 1.0, "year": 2001, "partner": 33}, {"g": "m", "item": "Paper+-Board Ex Newsprnt", "p": 2.0, "s": 3.0, "year": 2011, "partner": 2}, {"g": "m", "item": "Paper+-Board Ex Newsprnt", "p": 78.0, "s": 64.0, "year": 1998, "partner": 203}, {"g": "m", "item": "Paper+-Board Ex Newsprnt", "p": 160.0, "s": 184.0, "year": 2013, "partner": 4}, {"g": "m", "item": "Paper+-Board Ex Newsprnt", "p": 37.0, "s": 17.0, "year": 2008, "partner": 165}, {"g": "m", "item": "Ind Rwd Wir (NC) Other", "p": 19.0, "s": 26.0, "year": 2011, "partner": 167}, {"g": "m", "item": "Ind Rwd Wir (NC) Other", "p": 11.0, "s": 30.0, "year": 2013, "partner": 106}, {"g": "m", "item": "Sawnwood (NC)", "p": 29.0, "s": 11.0, "year": 1997, "partner": 106}, {"g": "m", "item": "Sawnwood (NC)", "p": 96.0, "s": 32.0, "year": 2010, "partner": 11}, {"g": "m", "item": "Fibreboard", "p": 2.0, "s": 1.0, "year": 2010, "partner": 113}, {"g": "m", "item": "Fibreboard", "p": 4.0, "s": 2.0, "year": 2011, "partner": 113}, {"g": "m", "item": "Sawnwood (C)", "p": 6.0, "s": 2.0, "year": 2013, "partner": 113}, {"g": "m", "item": "Ind Rwd Wir (C)", "p": 4.0, "s": 0.0, "year": 2013, "partner": 113}, {"g": "m", "item": "Paper+-Board Ex Newsprnt", "p": 9.0, "s": 7.0, "year": 2003, "partner": 113}, {"g": "m", "item": "Paper+-Board Ex Newsprnt", "p": 17.0, "s": 23.0, "year": 2000, "partner": 52}, {"g": "m", "item": "Paper+-Board Ex Newsprnt", "p": 18.0, "s": 43.0, "year": 2001, "partner": 52}, {"g": "m", "item": "Particle Board", "p": 197.0, "s": 125.0, "year": 2008, "partner": 150}, {"g": "m", "item": "Particle Board", "p": 116.0, "s": 95.0, "year": 2009, "partner": 150}, {"g": "m", "item": "Sawnwood (C)", "p": 51.0, "s": 6.0, "year": 1999, "partner": 150}, {"g": "m", "item": "Particle Board", "p": 5.0, "s": 2.0, "year": 1999, "partner": 185}, {"g": "m", "item": "Sawnwood (NC)", "p": 17.0, "s": 11.0, "year": 2009, "partner": 185}, {"g": "m", "item": "Ind Rwd Wir (NC) Other", "p": 36.0, "s": 60.0, "year": 2014, "partner": 185}, {"g": "m", "item": "Particle Board", "p": 3.0, "s": 1.0, "year": 1997, "partner": 68}, {"g": "m", "item": "Ind Rwd Wir (NC) Other", "p": 23.0, "s": 10.0, "year": 2012, "partner": 223}, {"g": "m", "item": "Ind Rwd Wir (NC) Other", "p": 17.0, "s": 8.0, "year": 2013, "partner": 223}, {"g": "m", "item": "Sawnwood (NC)", "p": 51.0, "s": 4.0, "year": 1999, "partner": 223}, {"g": "m", "item": "Sawnwood (NC)", "p": 0.0, "s": -3.0, "year": 1997, "partner": 254}, {"g": "m", "item": "Particle Board", "p": 0.0, "s": 0.0, "year": 1997, "partner": 254}, {"g": "m", "item": "Paper+-Board Ex Newsprnt", "p": 22.0, "s": 8.0, "year": 1998, "partner": 254}, {"g": "m", "item": "Sawnwood (C)", "p": 0.0, "s": 0.0, "year": 1999, "partner": 254}, {"g": "m", "item": "Sawnwood (NC)", "p": -22.0, "s": 4.0, "year": 1999, "partner": 254}, {"g": "m", "item": "Particle Board", "p": 0.0, "s": 0.0, "year": 1999, "partner": 254}, {"g": "m", "item": "Paper+-Board Ex Newsprnt", "p": 83.0, "s": 49.0, "year": 2000, "partner": 254}, {"g": "m", "item": "Paper+-Board Ex Newsprnt", "p": 81.0, "s": 28.0, "year": 2001, "partner": 254}, {"g": "m", "item": "Paper+-Board Ex Newsprnt", "p": 91.0, "s": 65.0, "year": 2003, "partner": 254}, {"g": "m", "item": "Paper+-Board Ex Newsprnt", "p": 63.0, "s": 55.0, "year": 2008, "partner": 254}, {"g": "m", "item": "Sawnwood (NC)", "p": 12.0, "s": -3.0, "year": 2009, "partner": 254}, {"g": "m", "item": "Sawnwood (NC)", "p": -67.0, "s": -24.0, "year": 2010, "partner": 254}, {"g": "m", "item": "Paper+-Board Ex Newsprnt", "p": 98.0, "s": 69.0, "year": 2011, "partner": 254}, {"g": "m", "item": "Sawnwood (C)", "p": 0.0, "s": 0.0, "year": 2013, "partner": 254}, {"g": "m", "item": "Fibreboard", "p": 46.0, "s": 13.0, "year": 2007, "partner": 351}, {"g": "f", "item": "Paper+-Board Ex Newsprnt", "p": 2.0, "s": 5.0, "year": 2008, "partner": 11}, {"g": "f", "item": "Paper+-Board Ex Newsprnt", "p": 328.0, "s": 383.0, "year": 2012, "partner": 11}, {"g": "f", "item": "Fibreboard", "p": 2.0, "s": 2.0, "year": 2005, "partner": 11}, {"g": "f", "item": "Paper+-Board Ex Newsprnt", "p": 159.0, "s": 174.0, "year": 2013, "partner": 11}, {"g": "f", "item": "Particle Board", "p": 8.0, "s": 11.0, "year": 1998, "partner": 15}, {"g": "f", "item": "Fibreboard", "p": 0.0, "s": 0.0, "year": 1997, "partner": 5009}, {"g": "f", "item": "Ind Rwd Wir (NC) Other", "p": 0.0, "s": 0.0, "year": 1997, "partner": 5009}, {"g": "f", "item": "Veneer Sheets", "p": 3.0, "s": 1.0, "year": 1997, "partner": 5009}, {"g": "f", "item": "Particle Board", "p": 194.0, "s": 25.0, "year": 1997, "partner": 5009}, {"g": "f", "item": "Sawnwood (C)", "p": 4197.0, "s": 572.0, "year": 1997, "partner": 5009}, {"g": "f", "item": "Newsprint", "p": 0.0, "s": 0.0, "year": 1997, "partner": 5009}, {"g": "f", "item": "Ind Rwd Wir (C)", "p": 435.0, "s": 47.0, "year": 1997, "partner": 5009}, {"g": "f", "item": "Sawnwood (NC)", "p": 56.0, "s": 14.0, "year": 1997, "partner": 5009}, {"g": "f", "item": "Paper+-Board Ex Newsprnt", "p": 29.0, "s": 29.0, "year": 1997, "partner": 5009}, {"g": "f", "item": "Plywood", "p": 13.0, "s": 6.0, "year": 1997, "partner": 5009}, {"g": "f", "item": "Fibreboard", "p": 5499.0, "s": 629.0, "year": 1998, "partner": 5009}, {"g": "f", "item": "Ind Rwd Wir (NC) Other", "p": 2523.0, "s": 41.0, "year": 1998, "partner": 5009}, {"g": "f", "item": "Veneer Sheets", "p": 1.0, "s": 1.0, "year": 1998, "partner": 5009}, {"g": "f", "item": "Particle Board", "p": 2997.0, "s": 448.0, "year": 1998, "partner": 5009}, {"g": "f", "item": "Sawnwood (C)", "p": 40370.0, "s": 1871.0, "year": 1998, "partner": 5009}, {"g": "f", "item": "Newsprint", "p": 822.0, "s": 250.0, "year": 1998, "partner": 5009}, {"g": "f", "item": "Ind Rwd Wir (C)", "p": 6171.0, "s": 325.0, "year": 1998, "partner": 5009}, {"g": "f", "item": "Sawnwood (NC)", "p": 10.0, "s": 6.0, "year": 1998, "partner": 5009}, {"g": "f", "item": "Paper+-Board Ex Newsprnt", "p": 403.0, "s": 428.0, "year": 1998, "partner": 5009}, {"g": "f", "item": "Plywood", "p": 184.0, "s": 101.0, "year": 1998, "partner": 5009}, {"g": "f", "item": "Fibreboard", "p": 5499.0, "s": 629.0, "year": 1999, "partner": 5009}, {"g": "f", "item": "Ind Rwd Wir (NC) Other", "p": 2523.0, "s": 41.0, "year": 1999, "partner": 5009}, {"g": "f", "item": "Veneer Sheets", "p": 1.0, "s": 1.0, "year": 1999, "partner": 5009}, {"g": "f", "item": "Particle Board", "p": 2997.0, "s": 448.0, "year": 1999, "partner": 5009}, {"g": "f", "item": "Sawnwood (C)", "p": 40370.0, "s": 1871.0, "year": 1999, "partner": 5009}, {"g": "f", "item": "Newsprint", "p": 822.0, "s": 250.0, "year": 1999, "partner": 5009}, {"g": "f", "item": "Ind Rwd Wir (C)", "p": 6171.0, "s": 325.0, "year": 1999, "partner": 5009}, {"g": "f", "item": "Sawnwood (NC)", "p": 10.0, "s": 6.0, "year": 1999, "partner": 5009}, {"g": "f", "item": "Paper+-Board Ex Newsprnt", "p": 403.0, "s": 428.0, "year": 1999, "partner": 5009}, {"g": "f", "item": "Plywood", "p": 184.0, "s": 101.0, "year": 1999, "partner": 5009}, {"g": "f", "item": "Fibreboard", "p": 5499.0, "s": 629.0, "year": 2000, "partner": 5009}, {"g": "f", "item": "Ind Rwd Wir (NC) Other", "p": 0.0, "s": 41.0, "year": 2000, "partner": 5009}, {"g": "f", "item": "Veneer Sheets", "p": 1.0, "s": 1.0, "year": 2000, "partner": 5009}, {"g": "f", "item": "Particle Board", "p": 3000.0, "s": 300.0, "year": 2000, "partner": 5009}, {"g": "f", "item": "Sawnwood (C)", "p": 40370.0, "s": 1871.0, "year": 2000, "partner": 5009}, {"g": "f", "item": "Newsprint", "p": 822.0, "s": 250.0, "year": 2000, "partner": 5009}, {"g": "f", "item": "Ind Rwd Wir (C)", "p": 0.0, "s": 325.0, "year": 2000, "partner": 5009}, {"g": "f", "item": "Sawnwood (NC)", "p": 10.0, "s": 6.0, "year": 2000, "partner": 5009}, {"g": "f", "item": "Paper+-Board Ex Newsprnt", "p": 403.0, "s": 428.0, "year": 2000, "partner": 5009}, {"g": "f", "item": "Plywood", "p": 184.0, "s": 101.0, "year": 2000, "partner": 5009}, {"g": "f", "item": "Wood Pulp", "p": 0.0, "s": 0.0, "year": 2001, "partner": 5009}, {"g": "f", "item": "Fibreboard", "p": 5499.0, "s": 629.0, "year": 2001, "partner": 5009}, {"g": "f", "item": "Veneer Sheets", "p": 1.0, "s": 1.0, "year": 2001, "partner": 5009}, {"g": "f", "item": "Particle Board", "p": 3000.0, "s": 300.0, "year": 2001, "partner": 5009}, {"g": "f", "item": "Sawnwood (C)", "p": 40370.0, "s": 1871.0, "year": 2001, "partner": 5009}, {"g": "f", "item": "Newsprint", "p": 822.0, "s": 250.0, "year": 2001, "partner": 5009}, {"g": "f", "item": "Plywood", "p": 184.0, "s": 101.0, "year": 2001, "partner": 5009}, {"g": "f", "item": "Paper+-Board Ex Newsprnt", "p": 403.0, "s": 428.0, "year": 2001, "partner": 5009}, {"g": "f", "item": "Fibreboard", "p": 5499.0, "s": 629.0, "year": 2002, "partner": 5009}, {"g": "f", "item": "Ind Rwd Wir (NC) Other", "p": 0.0, "s": 41.0, "year": 2002, "partner": 5009}, {"g": "f", "item": "Veneer Sheets", "p": 1.0, "s": 1.0, "year": 2002, "partner": 5009}, {"g": "f", "item": "Particle Board", "p": 3000.0, "s": 300.0, "year": 2002, "partner": 5009}, {"g": "f", "item": "Sawnwood (C)", "p": 40370.0, "s": 1871.0, "year": 2002, "partner": 5009}, {"g": "f", "item": "Newsprint", "p": 822.0, "s": 250.0, "year": 2002, "partner": 5009}, {"g": "f", "item": "Ind Rwd Wir (C)", "p": 0.0, "s": 325.0, "year": 2002, "partner": 5009}, {"g": "f", "item": "Sawnwood (NC)", "p": 10.0, "s": 6.0, "year": 2002, "partner": 5009}, {"g": "f", "item": "Paper+-Board Ex Newsprnt", "p": 403.0, "s": 428.0, "year": 2002, "partner": 5009}, {"g": "f", "item": "Plywood", "p": 184.0, "s": 101.0, "year": 2002, "partner": 5009}, {"g": "f", "item": "Fibreboard", "p": 5499.0, "s": 629.0, "year": 2003, "partner": 5009}, {"g": "f", "item": "Ind Rwd Wir (NC) Other", "p": 0.0, "s": 41.0, "year": 2003, "partner": 5009}, {"g": "f", "item": "Veneer Sheets", "p": 1.0, "s": 1.0, "year": 2003, "partner": 5009}, {"g": "f", "item": "Particle Board", "p": 3000.0, "s": 300.0, "year": 2003, "partner": 5009}, {"g": "f", "item": "Sawnwood (C)", "p": 40370.0, "s": 1871.0, "year": 2003, "partner": 5009}, {"g": "f", "item": "Newsprint", "p": 822.0, "s": 250.0, "year": 2003, "partner": 5009}, {"g": "f", "item": "Ind Rwd Wir (C)", "p": 0.0, "s": 325.0, "year": 2003, "partner": 5009}, {"g": "f", "item": "Sawnwood (NC)", "p": 10.0, "s": 6.0, "year": 2003, "partner": 5009}, {"g": "f", "item": "Paper+-Board Ex Newsprnt", "p": 403.0, "s": 428.0, "year": 2003, "partner": 5009}, {"g": "f", "item": "Plywood", "p": 184.0, "s": 101.0, "year": 2003, "partner": 5009}, {"g": "f", "item": "Fibreboard", "p": 5499.0, "s": 629.0, "year": 2004, "partner": 5009}, {"g": "f", "item": "Ind Rwd Wir (NC) Other", "p": 0.0, "s": 41.0, "year": 2004, "partner": 5009}, {"g": "f", "item": "Veneer Sheets", "p": 1.0, "s": 1.0, "year": 2004, "partner": 5009}, {"g": "f", "item": "Particle Board", "p": 3000.0, "s": 300.0, "year": 2004, "partner": 5009}, {"g": "f", "item": "Sawnwood (C)", "p": 40370.0, "s": 1871.0, "year": 2004, "partner": 5009}, {"g": "f", "item": "Newsprint", "p": 822.0, "s": 250.0, "year": 2004, "partner": 5009}, {"g": "f", "item": "Ind Rwd Wir (C)", "p": 0.0, "s": 325.0, "year": 2004, "partner": 5009}, {"g": "f", "item": "Sawnwood (NC)", "p": 10.0, "s": 6.0, "year": 2004, "partner": 5009}, {"g": "f", "item": "Paper+-Board Ex Newsprnt", "p": 403.0, "s": 428.0, "year": 2004, "partner": 5009}, {"g": "f", "item": "Plywood", "p": 184.0, "s": 101.0, "year": 2004, "partner": 5009}, {"g": "f", "item": "Fibreboard", "p": 5499.0, "s": 629.0, "year": 2005, "partner": 5009}, {"g": "f", "item": "Ind Rwd Wir (NC) Other", "p": 0.0, "s": 41.0, "year": 2005, "partner": 5009}, {"g": "f", "item": "Veneer Sheets", "p": 1.0, "s": 1.0, "year": 2005, "partner": 5009}, {"g": "f", "item": "Particle Board", "p": 3000.0, "s": 300.0, "year": 2005, "partner": 5009}, {"g": "f", "item": "Sawnwood (C)", "p": 40370.0, "s": 1871.0, "year": 2005, "partner": 5009}, {"g": "f", "item": "Newsprint", "p": 822.0, "s": 250.0, "year": 2005, "partner": 5009}, {"g": "f", "item": "Ind Rwd Wir (C)", "p": 0.0, "s": 325.0, "year": 2005, "partner": 5009}, {"g": "f", "item": "Sawnwood (NC)", "p": 10.0, "s": 6.0, "year": 2005, "partner": 5009}, {"g": "f", "item": "Paper+-Board Ex Newsprnt", "p": 403.0, "s": 428.0, "year": 2005, "partner": 5009}, {"g": "f", "item": "Plywood", "p": 184.0, "s": 101.0, "year": 2005, "partner": 5009}, {"g": "f", "item": "Fibreboard", "p": 5499.0, "s": 629.0, "year": 2006, "partner": 5009}, {"g": "f", "item": "Ind Rwd Wir (NC) Other", "p": 0.0, "s": 41.0, "year": 2006, "partner": 5009}, {"g": "f", "item": "Veneer Sheets", "p": 1.0, "s": 1.0, "year": 2006, "partner": 5009}, {"g": "f", "item": "Particle Board", "p": 3000.0, "s": 300.0, "year": 2006, "partner": 5009}, {"g": "f", "item": "Sawnwood (C)", "p": 40370.0, "s": 1871.0, "year": 2006, "partner": 5009}, {"g": "f", "item": "Newsprint", "p": 822.0, "s": 250.0, "year": 2006, "partner": 5009}, {"g": "f", "item": "Ind Rwd Wir (C)", "p": 0.0, "s": 325.0, "year": 2006, "partner": 5009}, {"g": "f", "item": "Sawnwood (NC)", "p": 10.0, "s": 6.0, "year": 2006, "partner": 5009}, {"g": "f", "item": "Paper+-Board Ex Newsprnt", "p": 403.0, "s": 428.0, "year": 2006, "partner": 5009}, {"g": "f", "item": "Plywood", "p": 184.0, "s": 101.0, "year": 2006, "partner": 5009}, {"g": "f", "item": "Sawnwood (C)", "p": 54500.0, "s": 9500.0, "year": 2007, "partner": 5009}, {"g": "f", "item": "Paper+-Board Ex Newsprnt", "p": 990.0, "s": 1200.0, "year": 2007, "partner": 5009}, {"g": "f", "item": "Sawnwood (NC)", "p": 54500.0, "s": 9500.0, "year": 2007, "partner": 5009}, {"g": "f", "item": "Sawnwood (C)", "p": 54500.0, "s": 9500.0, "year": 2008, "partner": 5009}, {"g": "f", "item": "Paper+-Board Ex Newsprnt", "p": 990.0, "s": 1200.0, "year": 2008, "partner": 5009}, {"g": "f", "item": "Sawnwood (NC)", "p": 54500.0, "s": 9500.0, "year": 2008, "partner": 5009}, {"g": "f", "item": "Sawnwood (C)", "p": 54500.0, "s": 9500.0, "year": 2009, "partner": 5009}, {"g": "f", "item": "Paper+-Board Ex Newsprnt", "p": 990.0, "s": 1200.0, "year": 2009, "partner": 5009}, {"g": "f", "item": "Sawnwood (NC)", "p": 54500.0, "s": 9500.0, "year": 2009, "partner": 5009}, {"g": "f", "item": "Sawnwood (C)", "p": 54500.0, "s": 9500.0, "year": 2010, "partner": 5009}, {"g": "f", "item": "Paper+-Board Ex Newsprnt", "p": 990.0, "s": 1200.0, "year": 2010, "partner": 5009}, {"g": "f", "item": "Sawnwood (NC)", "p": 54500.0, "s": 9500.0, "year": 2010, "partner": 5009}, {"g": "f", "item": "Sawnwood (C)", "p": 54500.0, "s": 9500.0, "year": 2011, "partner": 5009}, {"g": "f", "item": "Paper+-Board Ex Newsprnt", "p": 990.0, "s": 1200.0, "year": 2011, "partner": 5009}, {"g": "f", "item": "Sawnwood (NC)", "p": 800.0, "s": 436.0, "year": 2011, "partner": 5009}, {"g": "f", "item": "Wood Pulp", "p": 189.0, "s": 145.0, "year": 2012, "partner": 5009}, {"g": "f", "item": "Fibreboard", "p": 41439.0, "s": 13270.0, "year": 2012, "partner": 5009}, {"g": "f", "item": "Ind Rwd Wir (NC) Other", "p": 105.0, "s": 24.0, "year": 2012, "partner": 5009}, {"g": "f", "item": "Veneer Sheets", "p": 112.0, "s": 10.0, "year": 2012, "partner": 5009}, {"g": "f", "item": "Particle Board", "p": 76139.0, "s": 16962.0, "year": 2012, "partner": 5009}, {"g": "f", "item": "Sawnwood (C)", "p": 848388.0, "s": 89024.0, "year": 2012, "partner": 5009}, {"g": "f", "item": "Newsprint", "p": 2027.0, "s": 1350.0, "year": 2012, "partner": 5009}, {"g": "f", "item": "Ind Rwd Wir (C)", "p": 15760.0, "s": 956.0, "year": 2012, "partner": 5009}, {"g": "f", "item": "Sawnwood (NC)", "p": 5193.0, "s": 294.0, "year": 2012, "partner": 5009}, {"g": "f", "item": "Paper+-Board Ex Newsprnt", "p": 6739.0, "s": 6147.0, "year": 2012, "partner": 5009}, {"g": "f", "item": "Plywood", "p": 2817.0, "s": 2196.0, "year": 2012, "partner": 5009}, {"g": "f", "item": "Wood Pulp", "p": 190.0, "s": 145.0, "year": 2013, "partner": 5009}, {"g": "f", "item": "Fibreboard", "p": 41440.0, "s": 13270.0, "year": 2013, "partner": 5009}, {"g": "f", "item": "Particle Board", "p": 76140.0, "s": 16962.0, "year": 2013, "partner": 5009}, {"g": "f", "item": "Newsprint", "p": 2030.0, "s": 2000.0, "year": 2013, "partner": 5009}, {"g": "f", "item": "Sawnwood (C)", "p": 848390.0, "s": 89024.0, "year": 2013, "partner": 5009}, {"g": "f", "item": "Sawnwood (NC)", "p": 5190.0, "s": 294.0, "year": 2013, "partner": 5009}, {"g": "f", "item": "Ind Rwd Wir (C)", "p": 15760.0, "s": 956.0, "year": 2013, "partner": 5009}, {"g": "f", "item": "Paper+-Board Ex Newsprnt", "p": 6750.0, "s": 17710.0, "year": 2013, "partner": 5009}, {"g": "f", "item": "Plywood", "p": 2820.0, "s": 2196.0, "year": 2013, "partner": 5009}, {"g": "f", "item": "Chips and Particles", "p": 22.0, "s": 11.0, "year": 2014, "partner": 5009}, {"g": "f", "item": "Wood Pulp", "p": 190.0, "s": 145.0, "year": 2014, "partner": 5009}, {"g": "f", "item": "Fibreboard", "p": 41440.0, "s": 13270.0, "year": 2014, "partner": 5009}, {"g": "f", "item": "Particle Board", "p": 76140.0, "s": 16962.0, "year": 2014, "partner": 5009}, {"g": "f", "item": "Sawnwood (C)", "p": 848390.0, "s": 89024.0, "year": 2014, "partner": 5009}, {"g": "f", "item": "Newsprint", "p": 2030.0, "s": 2000.0, "year": 2014, "partner": 5009}, {"g": "f", "item": "Ind Rwd Wir (C)", "p": 15760.0, "s": 956.0, "year": 2014, "partner": 5009}, {"g": "f", "item": "Sawnwood (NC)", "p": 5190.0, "s": 294.0, "year": 2014, "partner": 5009}, {"g": "f", "item": "Paper+-Board Ex Newsprnt", "p": 6750.0, "s": 17710.0, "year": 2014, "partner": 5009}, {"g": "f", "item": "Plywood", "p": 2820.0, "s": 2196.0, "year": 2014, "partner": 5009}, {"g": "f", "item": "Paper+-Board Ex Newsprnt", "p": 11.0, "s": 10.0, "year": 2009, "partner": 150}, {"g": "f", "item": "Paper+-Board Ex Newsprnt", "p": 4.0, "s": 3.0, "year": 2012, "partner": 150}, {"g": "f", "item": "Paper+-Board Ex Newsprnt", "p": 1.0, "s": 4.0, "year": 1997, "partner": 150}, {"g": "f", "item": "Paper+-Board Ex Newsprnt", "p": 1.0, "s": 3.0, "year": 1998, "partner": 150}, {"g": "f", "item": "Paper+-Board Ex Newsprnt", "p": 4.0, "s": 11.0, "year": 2011, "partner": 27}, {"g": "f", "item": "Particle Board", "p": 100.0, "s": 26.0, "year": 2011, "partner": 27}, {"g": "f", "item": "Paper+-Board Ex Newsprnt", "p": 1.0, "s": 7.0, "year": 2006, "partner": 27}, {"g": "f", "item": "Paper+-Board Ex Newsprnt", "p": 1.0, "s": 5.0, "year": 2003, "partner": 27}, {"g": "f", "item": "Paper+-Board Ex Newsprnt", "p": 6.0, "s": 13.0, "year": 2001, "partner": 231}, {"g": "f", "item": "Paper+-Board Ex Newsprnt", "p": 18.0, "s": 16.0, "year": 2013, "partner": 231}, {"g": "f", "item": "Newsprint", "p": 20.0, "s": 17.0, "year": 2013, "partner": 231}, {"g": "f", "item": "Paper+-Board Ex Newsprnt", "p": 5.0, "s": 5.0, "year": 1998, "partner": 231}, {"g": "f", "item": "Sawnwood (C)", "p": 62.0, "s": 32.0, "year": 2008, "partner": 33}, {"g": "f", "item": "Sawnwood (C)", "p": 547.0, "s": 188.0, "year": 2003, "partner": 33}, {"g": "f", "item": "Sawnwood (NC)", "p": 25.0, "s": 26.0, "year": 2004, "partner": 33}, {"g": "f", "item": "Sawnwood (C)", "p": 100.0, "s": 42.0, "year": 2013, "partner": 33}, {"g": "f", "item": "Newsprint", "p": 102.0, "s": 50.0, "year": 2013, "partner": 33}, {"g": "f", "item": "Sawnwood (C)", "p": 41.0, "s": 17.0, "year": 2007, "partner": 33}, {"g": "f", "item": "Paper+-Board Ex Newsprnt", "p": 24.0, "s": 26.0, "year": 1997, "partner": 167}, {"g": "f", "item": "Paper+-Board Ex Newsprnt", "p": 2.0, "s": 5.0, "year": 1998, "partner": 167}, {"g": "f", "item": "Particle Board", "p": 94.0, "s": 38.0, "year": 1998, "partner": 167}, {"g": "f", "item": "Fibreboard", "p": 12.0, "s": 22.0, "year": 1998, "partner": 167}, {"g": "f", "item": "Particle Board", "p": 165.0, "s": 60.0, "year": 1999, "partner": 167}, {"g": "f", "item": "Fibreboard", "p": 14.0, "s": 20.0, "year": 1999, "partner": 167}, {"g": "f", "item": "Paper+-Board Ex Newsprnt", "p": 38.0, "s": 36.0, "year": 2000, "partner": 167}, {"g": "f", "item": "Particle Board", "p": 1143.0, "s": 41.0, "year": 2000, "partner": 167}, {"g": "f", "item": "Fibreboard", "p": 22.0, "s": 27.0, "year": 2000, "partner": 167}, {"g": "f", "item": "Paper+-Board Ex Newsprnt", "p": 1.0, "s": 1.0, "year": 2001, "partner": 167}, {"g": "f", "item": "Particle Board", "p": 65.0, "s": 27.0, "year": 2001, "partner": 167}, {"g": "f", "item": "Particle Board", "p": 120.0, "s": 28.0, "year": 2002, "partner": 167}, {"g": "f", "item": "Fibreboard", "p": 13.0, "s": 14.0, "year": 2002, "partner": 167}, {"g": "f", "item": "Particle Board", "p": 82.0, "s": 16.0, "year": 2003, "partner": 167}, {"g": "f", "item": "Fibreboard", "p": 12.0, "s": 14.0, "year": 2003, "partner": 167}, {"g": "f", "item": "Sawnwood (NC)", "p": 25.0, "s": 22.0, "year": 2003, "partner": 169}, {"g": "f", "item": "Particle Board", "p": 44.0, "s": 10.0, "year": 2004, "partner": 173}, {"g": "f", "item": "Fibreboard", "p": 24.0, "s": 2.0, "year": 2005, "partner": 173}, {"g": "f", "item": "Particle Board", "p": 76.0, "s": 49.0, "year": 2006, "partner": 173}, {"g": "f", "item": "Fibreboard", "p": 8.0, "s": 2.0, "year": 2006, "partner": 173}, {"g": "f", "item": "Particle Board", "p": 176.0, "s": 87.0, "year": 2007, "partner": 173}, {"g": "f", "item": "Fibreboard", "p": 20.0, "s": 13.0, "year": 2007, "partner": 173}, {"g": "f", "item": "Particle Board", "p": 261.0, "s": 149.0, "year": 2008, "partner": 173}, {"g": "f", "item": "Fibreboard", "p": 155.0, "s": 133.0, "year": 2008, "partner": 173}, {"g": "f", "item": "Particle Board", "p": 247.0, "s": 86.0, "year": 2010, "partner": 173}, {"g": "f", "item": "Fibreboard", "p": 316.0, "s": 179.0, "year": 2010, "partner": 173}, {"g": "f", "item": "Particle Board", "p": 264.0, "s": 138.0, "year": 2011, "partner": 173}, {"g": "f", "item": "Fibreboard", "p": 567.0, "s": 422.0, "year": 2011, "partner": 173}, {"g": "f", "item": "Fibreboard", "p": 1295.0, "s": 1074.0, "year": 2012, "partner": 173}, {"g": "f", "item": "Fibreboard", "p": 1529.0, "s": 1330.0, "year": 2013, "partner": 173}, {"g": "f", "item": "Plywood", "p": 4.0, "s": 3.0, "year": 2014, "partner": 173}, {"g": "f", "item": "Fibreboard", "p": 1529.0, "s": 1236.0, "year": 2014, "partner": 173}, {"g": "f", "item": "Paper+-Board Ex Newsprnt", "p": 11.0, "s": 9.0, "year": 1998, "partner": 174}, {"g": "f", "item": "Paper+-Board Ex Newsprnt", "p": 48.0, "s": 84.0, "year": 2000, "partner": 52}, {"g": "f", "item": "Paper+-Board Ex Newsprnt", "p": 87.0, "s": 141.0, "year": 2001, "partner": 52}, {"g": "f", "item": "Paper+-Board Ex Newsprnt", "p": 7.0, "s": 4.0, "year": 2003, "partner": 52}, {"g": "f", "item": "Paper+-Board Ex Newsprnt", "p": 23.0, "s": 17.0, "year": 2004, "partner": 52}, {"g": "f", "item": "Particle Board", "p": 13.0, "s": 4.0, "year": 2003, "partner": 183}, {"g": "f", "item": "Particle Board", "p": 316.0, "s": 30.0, "year": 1999, "partner": 57}, {"g": "f", "item": "Paper+-Board Ex Newsprnt", "p": 4.0, "s": 12.0, "year": 2000, "partner": 57}, {"g": "f", "item": "Particle Board", "p": 191.0, "s": 18.0, "year": 2000, "partner": 57}, {"g": "f", "item": "Fibreboard", "p": 10.0, "s": 1.0, "year": 2000, "partner": 57}, {"g": "f", "item": "Particle Board", "p": 189.0, "s": 17.0, "year": 2001, "partner": 57}, {"g": "f", "item": "Plywood", "p": 2.0, "s": 0.0, "year": 2001, "partner": 57}, {"g": "f", "item": "Fibreboard", "p": 83.0, "s": 6.0, "year": 2001, "partner": 57}, {"g": "f", "item": "Particle Board", "p": 169.0, "s": 10.0, "year": 2002, "partner": 57}, {"g": "f", "item": "Fibreboard", "p": 28.0, "s": 1.0, "year": 2002, "partner": 57}, {"g": "f", "item": "Paper+-Board Ex Newsprnt", "p": 35.0, "s": 13.0, "year": 2003, "partner": 57}, {"g": "f", "item": "Particle Board", "p": 1.0, "s": 55.0, "year": 2003, "partner": 57}, {"g": "f", "item": "Fibreboard", "p": 47.0, "s": 18.0, "year": 2003, "partner": 57}, {"g": "f", "item": "Particle Board", "p": 1050.0, "s": 86.0, "year": 2004, "partner": 57}, {"g": "f", "item": "Fibreboard", "p": 729.0, "s": 123.0, "year": 2004, "partner": 57}, {"g": "f", "item": "Paper+-Board Ex Newsprnt", "p": 40.0, "s": 17.0, "year": 2005, "partner": 57}, {"g": "f", "item": "Particle Board", "p": 1466.0, "s": 140.0, "year": 2005, "partner": 57}, {"g": "f", "item": "Fibreboard", "p": 279.0, "s": 62.0, "year": 2005, "partner": 57}, {"g": "f", "item": "Particle Board", "p": 2987.0, "s": 338.0, "year": 2006, "partner": 57}, {"g": "f", "item": "Fibreboard", "p": 427.0, "s": 93.0, "year": 2006, "partner": 57}, {"g": "f", "item": "Fibreboard", "p": 67.0, "s": 28.0, "year": 2007, "partner": 57}, {"g": "f", "item": "Veneer Sheets", "p": 37.0, "s": 7.0, "year": 2007, "partner": 57}, {"g": "f", "item": "Particle Board", "p": 4158.0, "s": 928.0, "year": 2007, "partner": 57}, {"g": "f", "item": "Plywood", "p": 59.0, "s": 46.0, "year": 2007, "partner": 57}, {"g": "f", "item": "Paper+-Board Ex Newsprnt", "p": 22.0, "s": 26.0, "year": 2007, "partner": 57}, {"g": "f", "item": "Paper+-Board Ex Newsprnt", "p": 90.0, "s": 32.0, "year": 2008, "partner": 57}, {"g": "f", "item": "Particle Board", "p": 17655.0, "s": 4422.0, "year": 2008, "partner": 57}, {"g": "f", "item": "Plywood", "p": 144.0, "s": 131.0, "year": 2008, "partner": 57}, {"g": "f", "item": "Fibreboard", "p": 2294.0, "s": 998.0, "year": 2008, "partner": 57}, {"g": "f", "item": "Paper+-Board Ex Newsprnt", "p": 45.0, "s": 14.0, "year": 2009, "partner": 57}, {"g": "f", "item": "Particle Board", "p": 12128.0, "s": 2161.0, "year": 2009, "partner": 57}, {"g": "f", "item": "Plywood", "p": 208.0, "s": 109.0, "year": 2009, "partner": 57}, {"g": "f", "item": "Fibreboard", "p": 2092.0, "s": 475.0, "year": 2009, "partner": 57}, {"g": "f", "item": "Paper+-Board Ex Newsprnt", "p": 22.0, "s": 12.0, "year": 2010, "partner": 57}, {"g": "f", "item": "Particle Board", "p": 15788.0, "s": 3028.0, "year": 2010, "partner": 57}, {"g": "f", "item": "Plywood", "p": 304.0, "s": 204.0, "year": 2010, "partner": 57}, {"g": "f", "item": "Fibreboard", "p": 2165.0, "s": 635.0, "year": 2010, "partner": 57}, {"g": "f", "item": "Paper+-Board Ex Newsprnt", "p": 34.0, "s": 13.0, "year": 2011, "partner": 57}, {"g": "f", "item": "Particle Board", "p": 7455.0, "s": 2629.0, "year": 2011, "partner": 57}, {"g": "f", "item": "Plywood", "p": 371.0, "s": 277.0, "year": 2011, "partner": 57}, {"g": "f", "item": "Fibreboard", "p": 3541.0, "s": 1338.0, "year": 2011, "partner": 57}, {"g": "f", "item": "Sawnwood (C)", "p": 238.0, "s": 51.0, "year": 2012, "partner": 57}, {"g": "f", "item": "Paper+-Board Ex Newsprnt", "p": 72.0, "s": 45.0, "year": 2012, "partner": 57}, {"g": "f", "item": "Plywood", "p": 627.0, "s": 514.0, "year": 2012, "partner": 57}, {"g": "f", "item": "Fibreboard", "p": 4873.0, "s": 1675.0, "year": 2012, "partner": 57}, {"g": "f", "item": "Plywood", "p": 741.0, "s": 586.0, "year": 2013, "partner": 57}, {"g": "f", "item": "Fibreboard", "p": 1167.0, "s": 410.0, "year": 2013, "partner": 57}, {"g": "f", "item": "Sawnwood (C)", "p": 240.0, "s": 46.0, "year": 2014, "partner": 57}, {"g": "f", "item": "Plywood", "p": 570.0, "s": 488.0, "year": 2014, "partner": 57}, {"g": "f", "item": "Fibreboard", "p": 673.0, "s": 264.0, "year": 2014, "partner": 57}, {"g": "f", "item": "Sawnwood (C)", "p": 298.0, "s": 93.0, "year": 2006, "partner": 95}, {"g": "f", "item": "Fibreboard", "p": 17.0, "s": 17.0, "year": 2009, "partner": 117}, {"g": "f", "item": "Paper+-Board Ex Newsprnt", "p": 1.0, "s": 2.0, "year": 2010, "partner": 117}, {"g": "f", "item": "Paper+-Board Ex Newsprnt", "p": 13.0, "s": 2.0, "year": 2011, "partner": 117}, {"g": "f", "item": "Plywood", "p": 18.0, "s": 11.0, "year": 2011, "partner": 117}, {"g": "f", "item": "Paper+-Board Ex Newsprnt", "p": 7.0, "s": 7.0, "year": 2001, "partner": 117}, {"g": "f", "item": "Paper+-Board Ex Newsprnt", "p": 42.0, "s": 10.0, "year": 2000, "partner": 63}, {"g": "f", "item": "Newsprint", "p": 42.0, "s": 10.0, "year": 2000, "partner": 63}, {"g": "f", "item": "Newsprint", "p": 10.0, "s": 5.0, "year": 2001, "partner": 63}, {"g": "f", "item": "Newsprint", "p": 44.0, "s": 3.0, "year": 2002, "partner": 63}, {"g": "f", "item": "Sawnwood (C)", "p": 988.0, "s": 196.0, "year": 1997, "partner": 63}, {"g": "f", "item": "Paper+-Board Ex Newsprnt", "p": 79.0, "s": 66.0, "year": 1997, "partner": 63}, {"g": "f", "item": "Newsprint", "p": 44.0, "s": 28.0, "year": 1999, "partner": 63}, {"g": "f", "item": "Plywood", "p": 11.0, "s": 9.0, "year": 2001, "partner": 67}, {"g": "f", "item": "Fibreboard", "p": 1.0, "s": 2.0, "year": 2003, "partner": 67}, {"g": "f", "item": "Paper+-Board Ex Newsprnt", "p": 305.0, "s": 315.0, "year": 2004, "partner": 67}, {"g": "f", "item": "Paper+-Board Ex Newsprnt", "p": 5.0, "s": 5.0, "year": 2005, "partner": 67}, {"g": "f", "item": "Paper+-Board Ex Newsprnt", "p": 180.0, "s": 172.0, "year": 2006, "partner": 67}, {"g": "f", "item": "Plywood", "p": 5.0, "s": 12.0, "year": 2006, "partner": 67}, {"g": "f", "item": "Sawnwood (C)", "p": 3.0, "s": 7.0, "year": 2007, "partner": 67}, {"g": "f", "item": "Paper+-Board Ex Newsprnt", "p": 366.0, "s": 384.0, "year": 2007, "partner": 67}, {"g": "f", "item": "Paper+-Board Ex Newsprnt", "p": 603.0, "s": 707.0, "year": 2008, "partner": 67}, {"g": "f", "item": "Paper+-Board Ex Newsprnt", "p": 667.0, "s": 747.0, "year": 2009, "partner": 67}, {"g": "f", "item": "Paper+-Board Ex Newsprnt", "p": 412.0, "s": 444.0, "year": 2010, "partner": 67}, {"g": "f", "item": "Paper+-Board Ex Newsprnt", "p": 489.0, "s": 616.0, "year": 2011, "partner": 67}, {"g": "f", "item": "Paper+-Board Ex Newsprnt", "p": 69.0, "s": 83.0, "year": 2012, "partner": 67}, {"g": "f", "item": "Paper+-Board Ex Newsprnt", "p": 96.0, "s": 97.0, "year": 2013, "partner": 67}, {"g": "f", "item": "Newsprint", "p": 71.0, "s": 46.0, "year": 2013, "partner": 67}, {"g": "f", "item": "Paper+-Board Ex Newsprnt", "p": 111.0, "s": 109.0, "year": 2014, "partner": 67}, {"g": "f", "item": "Paper+-Board Ex Newsprnt", "p": 72.0, "s": 361.0, "year": 2008, "partner": 68}, {"g": "f", "item": "Paper+-Board Ex Newsprnt", "p": 22.0, "s": 101.0, "year": 2009, "partner": 68}, {"g": "f", "item": "Paper+-Board Ex Newsprnt", "p": 4.0, "s": 9.0, "year": 2010, "partner": 68}, {"g": "f", "item": "Paper+-Board Ex Newsprnt", "p": 2.0, "s": 5.0, "year": 2006, "partner": 68}, {"g": "f", "item": "Sawnwood (C)", "p": 1.0, "s": 0.0, "year": 1997, "partner": 199}, {"g": "f", "item": "Paper+-Board Ex Newsprnt", "p": 2.0, "s": 1.0, "year": 2001, "partner": 199}, {"g": "f", "item": "Paper+-Board Ex Newsprnt", "p": 50.0, "s": 44.0, "year": 2003, "partner": 199}, {"g": "f", "item": "Paper+-Board Ex Newsprnt", "p": 42.0, "s": 41.0, "year": 2005, "partner": 199}, {"g": "f", "item": "Particle Board", "p": 11.0, "s": 2.0, "year": 2005, "partner": 199}, {"g": "f", "item": "Fibreboard", "p": 22.0, "s": 22.0, "year": 2005, "partner": 199}, {"g": "f", "item": "Paper+-Board Ex Newsprnt", "p": 239.0, "s": 211.0, "year": 2006, "partner": 199}, {"g": "f", "item": "Particle Board", "p": 228.0, "s": 56.0, "year": 2006, "partner": 199}, {"g": "f", "item": "Fibreboard", "p": 22.0, "s": 24.0, "year": 2006, "partner": 199}, {"g": "f", "item": "Paper+-Board Ex Newsprnt", "p": 156.0, "s": 155.0, "year": 2007, "partner": 199}, {"g": "f", "item": "Particle Board", "p": 232.0, "s": 104.0, "year": 2007, "partner": 199}, {"g": "f", "item": "Paper+-Board Ex Newsprnt", "p": 192.0, "s": 218.0, "year": 2008, "partner": 199}, {"g": "f", "item": "Paper+-Board Ex Newsprnt", "p": 3.0, "s": 10.0, "year": 2014, "partner": 73}, {"g": "f", "item": "Paper+-Board Ex Newsprnt", "p": 14.0, "s": 43.0, "year": 2010, "partner": 203}, {"g": "f", "item": "Paper+-Board Ex Newsprnt", "p": 47.0, "s": 18.0, "year": 2014, "partner": 203}, {"g": "f", "item": "Particle Board", "p": 2.0, "s": 2.0, "year": 1997, "partner": 79}, {"g": "f", "item": "Fibreboard", "p": 2.0, "s": 3.0, "year": 1997, "partner": 79}, {"g": "f", "item": "Paper+-Board Ex Newsprnt", "p": 36.0, "s": 40.0, "year": 1998, "partner": 79}, {"g": "f", "item": "Particle Board", "p": 22.0, "s": 13.0, "year": 1998, "partner": 79}, {"g": "f", "item": "Fibreboard", "p": 29.0, "s": 27.0, "year": 1998, "partner": 79}, {"g": "f", "item": "Particle Board", "p": 17.0, "s": 5.0, "year": 1999, "partner": 79}, {"g": "f", "item": "Fibreboard", "p": 8.0, "s": 3.0, "year": 1999, "partner": 79}, {"g": "f", "item": "Fibreboard", "p": 23.0, "s": 13.0, "year": 2000, "partner": 79}, {"g": "f", "item": "Particle Board", "p": 75.0, "s": 16.0, "year": 2003, "partner": 79}, {"g": "f", "item": "Fibreboard", "p": 29.0, "s": 15.0, "year": 2003, "partner": 79}, {"g": "f", "item": "Paper+-Board Ex Newsprnt", "p": 2.0, "s": 9.0, "year": 2004, "partner": 79}, {"g": "f", "item": "Particle Board", "p": 13.0, "s": 12.0, "year": 2004, "partner": 79}, {"g": "f", "item": "Fibreboard", "p": 68.0, "s": 47.0, "year": 2004, "partner": 79}, {"g": "f", "item": "Paper+-Board Ex Newsprnt", "p": 2.0, "s": 6.0, "year": 2005, "partner": 79}, {"g": "f", "item": "Particle Board", "p": 3.0, "s": 3.0, "year": 2005, "partner": 79}, {"g": "f", "item": "Fibreboard", "p": 94.0, "s": 54.0, "year": 2005, "partner": 79}, {"g": "f", "item": "Paper+-Board Ex Newsprnt", "p": 58.0, "s": 75.0, "year": 2006, "partner": 79}, {"g": "f", "item": "Particle Board", "p": 1.0, "s": 1.0, "year": 2006, "partner": 79}, {"g": "f", "item": "Fibreboard", "p": 369.0, "s": 158.0, "year": 2006, "partner": 79}, {"g": "f", "item": "Paper+-Board Ex Newsprnt", "p": 67.0, "s": 122.0, "year": 2007, "partner": 79}, {"g": "f", "item": "Fibreboard", "p": 86.0, "s": 115.0, "year": 2007, "partner": 79}, {"g": "f", "item": "Sawnwood (NC)", "p": 10.0, "s": 32.0, "year": 2008, "partner": 79}, {"g": "f", "item": "Paper+-Board Ex Newsprnt", "p": 149.0, "s": 287.0, "year": 2008, "partner": 79}, {"g": "f", "item": "Newsprint", "p": 3.0, "s": 3.0, "year": 2008, "partner": 79}, {"g": "f", "item": "Fibreboard", "p": 63.0, "s": 103.0, "year": 2008, "partner": 79}, {"g": "f", "item": "Fibreboard", "p": 43.0, "s": 55.0, "year": 2009, "partner": 79}, {"g": "f", "item": "Fibreboard", "p": 22.0, "s": 32.0, "year": 2010, "partner": 79}, {"g": "f", "item": "Fibreboard", "p": 38.0, "s": 56.0, "year": 2011, "partner": 79}, {"g": "f", "item": "Paper+-Board Ex Newsprnt", "p": 12.0, "s": 11.0, "year": 2012, "partner": 79}, {"g": "f", "item": "Fibreboard", "p": 254.0, "s": 299.0, "year": 2012, "partner": 79}, {"g": "f", "item": "Paper+-Board Ex Newsprnt", "p": 5.0, "s": 8.0, "year": 2013, "partner": 79}, {"g": "f", "item": "Fibreboard", "p": 197.0, "s": 260.0, "year": 2013, "partner": 79}, {"g": "f", "item": "Chips and Particles", "p": 22.0, "s": 11.0, "year": 2014, "partner": 79}, {"g": "f", "item": "Fibreboard", "p": 175.0, "s": 192.0, "year": 2014, "partner": 79}, {"g": "f", "item": "Paper+-Board Ex Newsprnt", "p": 40.0, "s": 33.0, "year": 2002, "partner": 210}, {"g": "f", "item": "Paper+-Board Ex Newsprnt", "p": 86.0, "s": 54.0, "year": 2006, "partner": 210}, {"g": "f", "item": "Paper+-Board Ex Newsprnt", "p": 5.0, "s": 5.0, "year": 2007, "partner": 210}, {"g": "f", "item": "Paper+-Board Ex Newsprnt", "p": 3.0, "s": 5.0, "year": 2010, "partner": 211}, {"g": "f", "item": "Ind Rwd Wir (NC) Other", "p": 21.0, "s": 2.0, "year": 2003, "partner": 211}, {"g": "f", "item": "Paper+-Board Ex Newsprnt", "p": 8.0, "s": 36.0, "year": 2004, "partner": 84}, {"g": "f", "item": "Fibreboard", "p": 2241.0, "s": 329.0, "year": 1997, "partner": 185}, {"g": "f", "item": "Ind Rwd Wir (NC) Other", "p": 1035.0, "s": 36.0, "year": 1997, "partner": 185}, {"g": "f", "item": "Veneer Sheets", "p": 3.0, "s": 2.0, "year": 1997, "partner": 185}, {"g": "f", "item": "Particle Board", "p": 1672.0, "s": 266.0, "year": 1997, "partner": 185}, {"g": "f", "item": "Sawnwood (C)", "p": 24128.0, "s": 1507.0, "year": 1997, "partner": 185}, {"g": "f", "item": "Newsprint", "p": 567.0, "s": 272.0, "year": 1997, "partner": 185}, {"g": "f", "item": "Ind Rwd Wir (C)", "p": 6120.0, "s": 370.0, "year": 1997, "partner": 185}, {"g": "f", "item": "Sawnwood (NC)", "p": 143.0, "s": 15.0, "year": 1997, "partner": 185}, {"g": "f", "item": "Paper+-Board Ex Newsprnt", "p": 433.0, "s": 382.0, "year": 1997, "partner": 185}, {"g": "f", "item": "Plywood", "p": 214.0, "s": 90.0, "year": 1997, "partner": 185}, {"g": "f", "item": "Fibreboard", "p": 5401.0, "s": 555.0, "year": 1998, "partner": 185}, {"g": "f", "item": "Ind Rwd Wir (NC) Other", "p": 2413.0, "s": 39.0, "year": 1998, "partner": 185}, {"g": "f", "item": "Veneer Sheets", "p": 1.0, "s": 1.0, "year": 1998, "partner": 185}, {"g": "f", "item": "Particle Board", "p": 2832.0, "s": 356.0, "year": 1998, "partner": 185}, {"g": "f", "item": "Sawnwood (C)", "p": 38438.0, "s": 1777.0, "year": 1998, "partner": 185}, {"g": "f", "item": "Newsprint", "p": 822.0, "s": 250.0, "year": 1998, "partner": 185}, {"g": "f", "item": "Ind Rwd Wir (C)", "p": 5696.0, "s": 292.0, "year": 1998, "partner": 185}, {"g": "f", "item": "Sawnwood (NC)", "p": 6.0, "s": 3.0, "year": 1998, "partner": 185}, {"g": "f", "item": "Paper+-Board Ex Newsprnt", "p": 305.0, "s": 266.0, "year": 1998, "partner": 185}, {"g": "f", "item": "Plywood", "p": 154.0, "s": 80.0, "year": 1998, "partner": 185}, {"g": "f", "item": "Fibreboard", "p": 4943.0, "s": 455.0, "year": 1999, "partner": 185}, {"g": "f", "item": "Ind Rwd Wir (NC) Other", "p": 1270.0, "s": 12.0, "year": 1999, "partner": 185}, {"g": "f", "item": "Veneer Sheets", "p": 3.0, "s": 1.0, "year": 1999, "partner": 185}, {"g": "f", "item": "Particle Board", "p": 5485.0, "s": 286.0, "year": 1999, "partner": 185}, {"g": "f", "item": "Sawnwood (C)", "p": 39825.0, "s": 938.0, "year": 1999, "partner": 185}, {"g": "f", "item": "Newsprint", "p": 525.0, "s": 206.0, "year": 1999, "partner": 185}, {"g": "f", "item": "Ind Rwd Wir (C)", "p": 1146.0, "s": 35.0, "year": 1999, "partner": 185}, {"g": "f", "item": "Sawnwood (NC)", "p": 1547.0, "s": 36.0, "year": 1999, "partner": 185}, {"g": "f", "item": "Paper+-Board Ex Newsprnt", "p": 213.0, "s": 157.0, "year": 1999, "partner": 185}, {"g": "f", "item": "Plywood", "p": 314.0, "s": 84.0, "year": 1999, "partner": 185}, {"g": "f", "item": "Fibreboard", "p": 5508.0, "s": 556.0, "year": 2000, "partner": 185}, {"g": "f", "item": "Ind Rwd Wir (NC) Other", "p": 4054.0, "s": 57.0, "year": 2000, "partner": 185}, {"g": "f", "item": "Particle Board", "p": 6842.0, "s": 371.0, "year": 2000, "partner": 185}, {"g": "f", "item": "Sawnwood (C)", "p": 50609.0, "s": 1444.0, "year": 2000, "partner": 185}, {"g": "f", "item": "Newsprint", "p": 503.0, "s": 173.0, "year": 2000, "partner": 185}, {"g": "f", "item": "Ind Rwd Wir (C)", "p": 1594.0, "s": 33.0, "year": 2000, "partner": 185}, {"g": "f", "item": "Sawnwood (NC)", "p": 4660.0, "s": 174.0, "year": 2000, "partner": 185}, {"g": "f", "item": "Paper+-Board Ex Newsprnt", "p": 152.0, "s": 114.0, "year": 2000, "partner": 185}, {"g": "f", "item": "Plywood", "p": 327.0, "s": 84.0, "year": 2000, "partner": 185}, {"g": "f", "item": "Paper+-Board Ex Newsprnt", "p": 297.0, "s": 197.0, "year": 2001, "partner": 185}, {"g": "f", "item": "Newsprint", "p": 781.0, "s": 338.0, "year": 2001, "partner": 185}, {"g": "f", "item": "Fibreboard", "p": 1294.0, "s": 157.0, "year": 2002, "partner": 185}, {"g": "f", "item": "Ind Rwd Wir (NC) Other", "p": 3766.0, "s": 96.0, "year": 2002, "partner": 185}, {"g": "f", "item": "Particle Board", "p": 1752.0, "s": 120.0, "year": 2002, "partner": 185}, {"g": "f", "item": "Sawnwood (C)", "p": 87275.0, "s": 3347.0, "year": 2002, "partner": 185}, {"g": "f", "item": "Newsprint", "p": 728.0, "s": 282.0, "year": 2002, "partner": 185}, {"g": "f", "item": "Ind Rwd Wir (C)", "p": 2291.0, "s": 56.0, "year": 2002, "partner": 185}, {"g": "f", "item": "Sawnwood (NC)", "p": 4999.0, "s": 206.0, "year": 2002, "partner": 185}, {"g": "f", "item": "Paper+-Board Ex Newsprnt", "p": 132.0, "s": 72.0, "year": 2002, "partner": 185}, {"g": "f", "item": "Plywood", "p": 355.0, "s": 79.0, "year": 2002, "partner": 185}, {"g": "f", "item": "Fibreboard", "p": 7218.0, "s": 994.0, "year": 2003, "partner": 185}, {"g": "f", "item": "Ind Rwd Wir (NC) Other", "p": 5302.0, "s": 187.0, "year": 2003, "partner": 185}, {"g": "f", "item": "Particle Board", "p": 13409.0, "s": 1269.0, "year": 2003, "partner": 185}, {"g": "f", "item": "Sawnwood (C)", "p": 105395.0, "s": 7961.0, "year": 2003, "partner": 185}, {"g": "f", "item": "Newsprint", "p": 1308.0, "s": 456.0, "year": 2003, "partner": 185}, {"g": "f", "item": "Ind Rwd Wir (C)", "p": 1710.0, "s": 104.0, "year": 2003, "partner": 185}, {"g": "f", "item": "Sawnwood (NC)", "p": 4953.0, "s": 321.0, "year": 2003, "partner": 185}, {"g": "f", "item": "Paper+-Board Ex Newsprnt", "p": 722.0, "s": 495.0, "year": 2003, "partner": 185}, {"g": "f", "item": "Plywood", "p": 697.0, "s": 137.0, "year": 2003, "partner": 185}, {"g": "f", "item": "Fibreboard", "p": 11141.0, "s": 2074.0, "year": 2004, "partner": 185}, {"g": "f", "item": "Ind Rwd Wir (NC) Other", "p": 1435.0, "s": 53.0, "year": 2004, "partner": 185}, {"g": "f", "item": "Veneer Sheets", "p": 24.0, "s": 1.0, "year": 2004, "partner": 185}, {"g": "f", "item": "Particle Board", "p": 18522.0, "s": 2361.0, "year": 2004, "partner": 185}, {"g": "f", "item": "Sawnwood (C)", "p": 176448.0, "s": 16096.0, "year": 2004, "partner": 185}, {"g": "f", "item": "Newsprint", "p": 1196.0, "s": 449.0, "year": 2004, "partner": 185}, {"g": "f", "item": "Ind Rwd Wir (C)", "p": 3599.0, "s": 182.0, "year": 2004, "partner": 185}, {"g": "f", "item": "Sawnwood (NC)", "p": 4837.0, "s": 390.0, "year": 2004, "partner": 185}, {"g": "f", "item": "Paper+-Board Ex Newsprnt", "p": 1287.0, "s": 1037.0, "year": 2004, "partner": 185}, {"g": "f", "item": "Plywood", "p": 516.0, "s": 167.0, "year": 2004, "partner": 185}, {"g": "f", "item": "Fibreboard", "p": 10699.0, "s": 2463.0, "year": 2005, "partner": 185}, {"g": "f", "item": "Ind Rwd Wir (NC) Other", "p": 2306.0, "s": 111.0, "year": 2005, "partner": 185}, {"g": "f", "item": "Veneer Sheets", "p": 7.0, "s": 1.0, "year": 2005, "partner": 185}, {"g": "f", "item": "Particle Board", "p": 15132.0, "s": 1837.0, "year": 2005, "partner": 185}, {"g": "f", "item": "Sawnwood (C)", "p": 382169.0, "s": 28322.0, "year": 2005, "partner": 185}, {"g": "f", "item": "Newsprint", "p": 1065.0, "s": 468.0, "year": 2005, "partner": 185}, {"g": "f", "item": "Ind Rwd Wir (C)", "p": 8828.0, "s": 468.0, "year": 2005, "partner": 185}, {"g": "f", "item": "Sawnwood (NC)", "p": 4770.0, "s": 305.0, "year": 2005, "partner": 185}, {"g": "f", "item": "Paper+-Board Ex Newsprnt", "p": 1027.0, "s": 793.0, "year": 2005, "partner": 185}, {"g": "f", "item": "Plywood", "p": 463.0, "s": 161.0, "year": 2005, "partner": 185}, {"g": "f", "item": "Fibreboard", "p": 9839.0, "s": 2285.0, "year": 2006, "partner": 185}, {"g": "f", "item": "Ind Rwd Wir (NC) Other", "p": 3763.0, "s": 186.0, "year": 2006, "partner": 185}, {"g": "f", "item": "Veneer Sheets", "p": 270.0, "s": 19.0, "year": 2006, "partner": 185}, {"g": "f", "item": "Particle Board", "p": 11737.0, "s": 1698.0, "year": 2006, "partner": 185}, {"g": "f", "item": "Sawnwood (C)", "p": 517355.0, "s": 42753.0, "year": 2006, "partner": 185}, {"g": "f", "item": "Newsprint", "p": 1144.0, "s": 627.0, "year": 2006, "partner": 185}, {"g": "f", "item": "Ind Rwd Wir (C)", "p": 20893.0, "s": 1107.0, "year": 2006, "partner": 185}, {"g": "f", "item": "Sawnwood (NC)", "p": 7010.0, "s": 604.0, "year": 2006, "partner": 185}, {"g": "f", "item": "Paper+-Board Ex Newsprnt", "p": 983.0, "s": 851.0, "year": 2006, "partner": 185}, {"g": "f", "item": "Plywood", "p": 1718.0, "s": 660.0, "year": 2006, "partner": 185}, {"g": "f", "item": "Fibreboard", "p": 5181.0, "s": 1624.0, "year": 2007, "partner": 185}, {"g": "f", "item": "Ind Rwd Wir (NC) Other", "p": 981.0, "s": 68.0, "year": 2007, "partner": 185}, {"g": "f", "item": "Veneer Sheets", "p": 81.0, "s": 13.0, "year": 2007, "partner": 185}, {"g": "f", "item": "Particle Board", "p": 10566.0, "s": 2781.0, "year": 2007, "partner": 185}, {"g": "f", "item": "Sawnwood (C)", "p": 376543.0, "s": 64172.0, "year": 2007, "partner": 185}, {"g": "f", "item": "Newsprint", "p": 1495.0, "s": 942.0, "year": 2007, "partner": 185}, {"g": "f", "item": "Ind Rwd Wir (C)", "p": 19901.0, "s": 1214.0, "year": 2007, "partner": 185}, {"g": "f", "item": "Sawnwood (NC)", "p": 4250.0, "s": 538.0, "year": 2007, "partner": 185}, {"g": "f", "item": "Paper+-Board Ex Newsprnt", "p": 1654.0, "s": 1602.0, "year": 2007, "partner": 185}, {"g": "f", "item": "Plywood", "p": 521.0, "s": 1076.0, "year": 2007, "partner": 185}, {"g": "f", "item": "Fibreboard", "p": 14608.0, "s": 6207.0, "year": 2008, "partner": 185}, {"g": "f", "item": "Ind Rwd Wir (NC) Other", "p": 1109.0, "s": 293.0, "year": 2008, "partner": 185}, {"g": "f", "item": "Veneer Sheets", "p": 248.0, "s": 54.0, "year": 2008, "partner": 185}, {"g": "f", "item": "Particle Board", "p": 6493.0, "s": 1981.0, "year": 2008, "partner": 185}, {"g": "f", "item": "Sawnwood (C)", "p": 426970.0, "s": 96498.0, "year": 2008, "partner": 185}, {"g": "f", "item": "Newsprint", "p": 1222.0, "s": 791.0, "year": 2008, "partner": 185}, {"g": "f", "item": "Ind Rwd Wir (C)", "p": 23884.0, "s": 1457.0, "year": 2008, "partner": 185}, {"g": "f", "item": "Sawnwood (NC)", "p": 7339.0, "s": 1295.0, "year": 2008, "partner": 185}, {"g": "f", "item": "Paper+-Board Ex Newsprnt", "p": 1245.0, "s": 2606.0, "year": 2008, "partner": 185}, {"g": "f", "item": "Plywood", "p": 1137.0, "s": 1151.0, "year": 2008, "partner": 185}, {"g": "f", "item": "Fibreboard", "p": 17427.0, "s": 4820.0, "year": 2009, "partner": 185}, {"g": "f", "item": "Ind Rwd Wir (NC) Other", "p": 1298.0, "s": 391.0, "year": 2009, "partner": 185}, {"g": "f", "item": "Veneer Sheets", "p": 63.0, "s": 7.0, "year": 2009, "partner": 185}, {"g": "f", "item": "Particle Board", "p": 11637.0, "s": 2718.0, "year": 2009, "partner": 185}, {"g": "f", "item": "Sawnwood (C)", "p": 387275.0, "s": 68493.0, "year": 2009, "partner": 185}, {"g": "f", "item": "Newsprint", "p": 1848.0, "s": 930.0, "year": 2009, "partner": 185}, {"g": "f", "item": "Ind Rwd Wir (C)", "p": 17305.0, "s": 1056.0, "year": 2009, "partner": 185}, {"g": "f", "item": "Sawnwood (NC)", "p": 3008.0, "s": 749.0, "year": 2009, "partner": 185}, {"g": "f", "item": "Paper+-Board Ex Newsprnt", "p": 1606.0, "s": 1152.0, "year": 2009, "partner": 185}, {"g": "f", "item": "Plywood", "p": 570.0, "s": 298.0, "year": 2009, "partner": 185}, {"g": "f", "item": "Fibreboard", "p": 15320.0, "s": 4548.0, "year": 2010, "partner": 185}, {"g": "f", "item": "Ind Rwd Wir (NC) Other", "p": 1034.0, "s": 299.0, "year": 2010, "partner": 185}, {"g": "f", "item": "Veneer Sheets", "p": 46.0, "s": 10.0, "year": 2010, "partner": 185}, {"g": "f", "item": "Particle Board", "p": 9721.0, "s": 2840.0, "year": 2010, "partner": 185}, {"g": "f", "item": "Sawnwood (C)", "p": 386856.0, "s": 69746.0, "year": 2010, "partner": 185}, {"g": "f", "item": "Newsprint", "p": 1315.0, "s": 615.0, "year": 2010, "partner": 185}, {"g": "f", "item": "Ind Rwd Wir (C)", "p": 13739.0, "s": 838.0, "year": 2010, "partner": 185}, {"g": "f", "item": "Sawnwood (NC)", "p": 2782.0, "s": 598.0, "year": 2010, "partner": 185}, {"g": "f", "item": "Paper+-Board Ex Newsprnt", "p": 1634.0, "s": 1619.0, "year": 2010, "partner": 185}, {"g": "f", "item": "Plywood", "p": 1043.0, "s": 655.0, "year": 2010, "partner": 185}, {"g": "f", "item": "Wood Pulp", "p": 62.0, "s": 44.0, "year": 2011, "partner": 185}, {"g": "f", "item": "Fibreboard", "p": 17235.0, "s": 6489.0, "year": 2011, "partner": 185}, {"g": "f", "item": "Ind Rwd Wir (NC) Other", "p": 478.0, "s": 142.0, "year": 2011, "partner": 185}, {"g": "f", "item": "Particle Board", "p": 20417.0, "s": 6832.0, "year": 2011, "partner": 185}, {"g": "f", "item": "Sawnwood (C)", "p": 494852.0, "s": 90732.0, "year": 2011, "partner": 185}, {"g": "f", "item": "Newsprint", "p": 1872.0, "s": 1231.0, "year": 2011, "partner": 185}, {"g": "f", "item": "Ind Rwd Wir (C)", "p": 22686.0, "s": 1384.0, "year": 2011, "partner": 185}, {"g": "f", "item": "Sawnwood (NC)", "p": 2100.0, "s": 429.0, "year": 2011, "partner": 185}, {"g": "f", "item": "Paper+-Board Ex Newsprnt", "p": 2263.0, "s": 2209.0, "year": 2011, "partner": 185}, {"g": "f", "item": "Plywood", "p": 1203.0, "s": 1052.0, "year": 2011, "partner": 185}, {"g": "f", "item": "Wood Pulp", "p": 189.0, "s": 145.0, "year": 2012, "partner": 185}, {"g": "f", "item": "Fibreboard", "p": 19267.0, "s": 7205.0, "year": 2012, "partner": 185}, {"g": "f", "item": "Ind Rwd Wir (NC) Other", "p": 73.0, "s": 24.0, "year": 2012, "partner": 185}, {"g": "f", "item": "Veneer Sheets", "p": 69.0, "s": 10.0, "year": 2012, "partner": 185}, {"g": "f", "item": "Particle Board", "p": 54.0, "s": 15.0, "year": 2012, "partner": 185}, {"g": "f", "item": "Sawnwood (C)", "p": 487635.0, "s": 88925.0, "year": 2012, "partner": 185}, {"g": "f", "item": "Newsprint", "p": 2027.0, "s": 1350.0, "year": 2012, "partner": 185}, {"g": "f", "item": "Ind Rwd Wir (C)", "p": 15678.0, "s": 956.0, "year": 2012, "partner": 185}, {"g": "f", "item": "Sawnwood (NC)", "p": 1281.0, "s": 289.0, "year": 2012, "partner": 185}, {"g": "f", "item": "Paper+-Board Ex Newsprnt", "p": 2046.0, "s": 1830.0, "year": 2012, "partner": 185}, {"g": "f", "item": "Plywood", "p": 1073.0, "s": 1226.0, "year": 2012, "partner": 185}, {"g": "f", "item": "Fibreboard", "p": 21345.0, "s": 8023.0, "year": 2013, "partner": 185}, {"g": "f", "item": "Particle Board", "p": 64.0, "s": 43.0, "year": 2013, "partner": 185}, {"g": "f", "item": "Newsprint", "p": 2003.0, "s": 1282.0, "year": 2013, "partner": 185}, {"g": "f", "item": "Sawnwood (C)", "p": 554000.0, "s": 98688.0, "year": 2013, "partner": 185}, {"g": "f", "item": "Sawnwood (NC)", "p": 756.0, "s": 149.0, "year": 2013, "partner": 185}, {"g": "f", "item": "Ind Rwd Wir (C)", "p": 13476.0, "s": 822.0, "year": 2013, "partner": 185}, {"g": "f", "item": "Paper+-Board Ex Newsprnt", "p": 1921.0, "s": 1818.0, "year": 2013, "partner": 185}, {"g": "f", "item": "Plywood", "p": 1568.0, "s": 1394.0, "year": 2013, "partner": 185}, {"g": "f", "item": "Wood Pulp", "p": 313.0, "s": 151.0, "year": 2014, "partner": 185}, {"g": "f", "item": "Fibreboard", "p": 22775.0, "s": 9307.0, "year": 2014, "partner": 185}, {"g": "f", "item": "Newsprint", "p": 1728.0, "s": 1092.0, "year": 2014, "partner": 185}, {"g": "f", "item": "Sawnwood (C)", "p": 606000.0, "s": 94450.0, "year": 2014, "partner": 185}, {"g": "f", "item": "Sawnwood (NC)", "p": 392.0, "s": 61.0, "year": 2014, "partner": 185}, {"g": "f", "item": "Ind Rwd Wir (C)", "p": 8503.0, "s": 519.0, "year": 2014, "partner": 185}, {"g": "f", "item": "Paper+-Board Ex Newsprnt", "p": 2909.0, "s": 2591.0, "year": 2014, "partner": 185}, {"g": "f", "item": "Plywood", "p": 2917.0, "s": 2625.0, "year": 2014, "partner": 185}, {"g": "f", "item": "Paper+-Board Ex Newsprnt", "p": 318.0, "s": 305.0, "year": 2010, "partner": 216}, {"g": "f", "item": "Paper+-Board Ex Newsprnt", "p": 429.0, "s": 419.0, "year": 2011, "partner": 216}, {"g": "f", "item": "Paper+-Board Ex Newsprnt", "p": 808.0, "s": 722.0, "year": 2012, "partner": 216}, {"g": "f", "item": "Paper+-Board Ex Newsprnt", "p": 1370.0, "s": 1389.0, "year": 2013, "partner": 216}, {"g": "f", "item": "Paper+-Board Ex Newsprnt", "p": 959.0, "s": 935.0, "year": 2014, "partner": 216}, {"g": "f", "item": "Sawnwood (C)", "p": 64.0, "s": 10.0, "year": 1998, "partner": 351}, {"g": "f", "item": "Paper+-Board Ex Newsprnt", "p": 20.0, "s": 81.0, "year": 1998, "partner": 351}, {"g": "f", "item": "Plywood", "p": 19.0, "s": 5.0, "year": 1998, "partner": 351}, {"g": "f", "item": "Paper+-Board Ex Newsprnt", "p": 5.0, "s": 20.0, "year": 2000, "partner": 351}, {"g": "f", "item": "Paper+-Board Ex Newsprnt", "p": 5.0, "s": 14.0, "year": 2003, "partner": 351}, {"g": "f", "item": "Paper+-Board Ex Newsprnt", "p": 36.0, "s": 15.0, "year": 2004, "partner": 351}, {"g": "f", "item": "Particle Board", "p": 14.0, "s": 4.0, "year": 2004, "partner": 351}, {"g": "f", "item": "Paper+-Board Ex Newsprnt", "p": 48.0, "s": 77.0, "year": 2005, "partner": 351}, {"g": "f", "item": "Plywood", "p": 4.0, "s": 1.0, "year": 2005, "partner": 351}, {"g": "f", "item": "Fibreboard", "p": 120.0, "s": 32.0, "year": 2005, "partner": 351}, {"g": "f", "item": "Paper+-Board Ex Newsprnt", "p": 44.0, "s": 56.0, "year": 2006, "partner": 351}, {"g": "f", "item": "Fibreboard", "p": 1500.0, "s": 313.0, "year": 2006, "partner": 351}, {"g": "f", "item": "Paper+-Board Ex Newsprnt", "p": 449.0, "s": 531.0, "year": 2007, "partner": 351}, {"g": "f", "item": "Particle Board", "p": 127.0, "s": 53.0, "year": 2007, "partner": 351}, {"g": "f", "item": "Fibreboard", "p": 409.0, "s": 265.0, "year": 2007, "partner": 351}, {"g": "f", "item": "Fibreboard", "p": 1130.0, "s": 578.0, "year": 2008, "partner": 351}, {"g": "f", "item": "Particle Board", "p": 728.0, "s": 227.0, "year": 2008, "partner": 351}, {"g": "f", "item": "Sawnwood (C)", "p": 28.0, "s": 14.0, "year": 2008, "partner": 351}, {"g": "f", "item": "Sawnwood (NC)", "p": 8.0, "s": 6.0, "year": 2008, "partner": 351}, {"g": "f", "item": "Plywood", "p": 227.0, "s": 216.0, "year": 2008, "partner": 351}, {"g": "f", "item": "Paper+-Board Ex Newsprnt", "p": 474.0, "s": 793.0, "year": 2008, "partner": 351}, {"g": "f", "item": "Paper+-Board Ex Newsprnt", "p": 395.0, "s": 1132.0, "year": 2009, "partner": 351}, {"g": "f", "item": "Particle Board", "p": 4572.0, "s": 1850.0, "year": 2009, "partner": 351}, {"g": "f", "item": "Plywood", "p": 72.0, "s": 116.0, "year": 2009, "partner": 351}, {"g": "f", "item": "Fibreboard", "p": 281.0, "s": 108.0, "year": 2009, "partner": 351}, {"g": "f", "item": "Wood Pulp", "p": 6.0, "s": 11.0, "year": 2010, "partner": 351}, {"g": "f", "item": "Fibreboard", "p": 1683.0, "s": 629.0, "year": 2010, "partner": 351}, {"g": "f", "item": "Particle Board", "p": 11673.0, "s": 3314.0, "year": 2010, "partner": 351}, {"g": "f", "item": "Plywood", "p": 375.0, "s": 208.0, "year": 2010, "partner": 351}, {"g": "f", "item": "Paper+-Board Ex Newsprnt", "p": 359.0, "s": 655.0, "year": 2010, "partner": 351}, {"g": "f", "item": "Paper+-Board Ex Newsprnt", "p": 565.0, "s": 869.0, "year": 2011, "partner": 351}, {"g": "f", "item": "Particle Board", "p": 15312.0, "s": 4743.0, "year": 2011, "partner": 351}, {"g": "f", "item": "Plywood", "p": 174.0, "s": 92.0, "year": 2011, "partner": 351}, {"g": "f", "item": "Fibreboard", "p": 3798.0, "s": 1349.0, "year": 2011, "partner": 351}, {"g": "f", "item": "Paper+-Board Ex Newsprnt", "p": 1555.0, "s": 2736.0, "year": 2012, "partner": 351}, {"g": "f", "item": "Particle Board", "p": 16517.0, "s": 5530.0, "year": 2012, "partner": 351}, {"g": "f", "item": "Plywood", "p": 420.0, "s": 376.0, "year": 2012, "partner": 351}, {"g": "f", "item": "Fibreboard", "p": 4168.0, "s": 1667.0, "year": 2012, "partner": 351}, {"g": "f", "item": "Wood Pulp", "p": 30.0, "s": 18.0, "year": 2013, "partner": 351}, {"g": "f", "item": "Fibreboard", "p": 6408.0, "s": 3888.0, "year": 2013, "partner": 351}, {"g": "f", "item": "Particle Board", "p": 19186.0, "s": 6466.0, "year": 2013, "partner": 351}, {"g": "f", "item": "Plywood", "p": 2948.0, "s": 1245.0, "year": 2013, "partner": 351}, {"g": "f", "item": "Paper+-Board Ex Newsprnt", "p": 957.0, "s": 913.0, "year": 2013, "partner": 351}, {"g": "f", "item": "Paper+-Board Ex Newsprnt", "p": 2056.0, "s": 3012.0, "year": 2014, "partner": 351}, {"g": "f", "item": "Particle Board", "p": 17154.0, "s": 4969.0, "year": 2014, "partner": 351}, {"g": "f", "item": "Plywood", "p": 1062.0, "s": 1001.0, "year": 2014, "partner": 351}, {"g": "f", "item": "Fibreboard", "p": 8321.0, "s": 5329.0, "year": 2014, "partner": 351}, {"g": "f", "item": "Wood Pulp", "p": 17.0, "s": 7.0, "year": 2001, "partner": 97}, {"g": "f", "item": "Particle Board", "p": 11.0, "s": 4.0, "year": 2010, "partner": 97}, {"g": "f", "item": "Sawnwood (C)", "p": 6.0, "s": 5.0, "year": 2004, "partner": 229}, {"g": "f", "item": "Sawnwood (NC)", "p": 2.0, "s": 4.0, "year": 2004, "partner": 229}, {"g": "f", "item": "Particle Board", "p": 8.0, "s": 2.0, "year": 2004, "partner": 229}, {"g": "f", "item": "Paper+-Board Ex Newsprnt", "p": 5.0, "s": 24.0, "year": 1997, "partner": 229}, {"g": "f", "item": "Paper+-Board Ex Newsprnt", "p": 16.0, "s": 13.0, "year": 1998, "partner": 229}, {"g": "f", "item": "Paper+-Board Ex Newsprnt", "p": 3.0, "s": 3.0, "year": 2010, "partner": 100}, {"g": "f", "item": "Paper+-Board Ex Newsprnt", "p": 50.0, "s": 43.0, "year": 2011, "partner": 100}, {"g": "f", "item": "Paper+-Board Ex Newsprnt", "p": 58.0, "s": 53.0, "year": 2012, "partner": 100}, {"g": "f", "item": "Paper+-Board Ex Newsprnt", "p": 15.0, "s": 79.0, "year": 2006, "partner": 230}, {"g": "f", "item": "Paper+-Board Ex Newsprnt", "p": 25.0, "s": 157.0, "year": 2008, "partner": 230}, {"g": "f", "item": "Particle Board", "p": 1094.0, "s": 309.0, "year": 2008, "partner": 230}, {"g": "f", "item": "Plywood", "p": 51.0, "s": 45.0, "year": 2008, "partner": 230}, {"g": "f", "item": "Paper+-Board Ex Newsprnt", "p": 27.0, "s": 167.0, "year": 2009, "partner": 230}, {"g": "f", "item": "Particle Board", "p": 830.0, "s": 216.0, "year": 2009, "partner": 230}, {"g": "f", "item": "Paper+-Board Ex Newsprnt", "p": 29.0, "s": 23.0, "year": 2010, "partner": 230}, {"g": "f", "item": "Newsprint", "p": 11.0, "s": 8.0, "year": 2010, "partner": 230}, {"g": "f", "item": "Particle Board", "p": 2656.0, "s": 763.0, "year": 2010, "partner": 230}, {"g": "f", "item": "Fibreboard", "p": 126.0, "s": 55.0, "year": 2010, "partner": 230}, {"g": "f", "item": "Paper+-Board Ex Newsprnt", "p": 81.0, "s": 38.0, "year": 2011, "partner": 230}, {"g": "f", "item": "Particle Board", "p": 3628.0, "s": 1209.0, "year": 2011, "partner": 230}, {"g": "f", "item": "Paper+-Board Ex Newsprnt", "p": 282.0, "s": 116.0, "year": 2012, "partner": 230}, {"g": "f", "item": "Particle Board", "p": 1570.0, "s": 572.0, "year": 2012, "partner": 230}, {"g": "f", "item": "Fibreboard", "p": 65.0, "s": 22.0, "year": 2012, "partner": 230}, {"g": "f", "item": "Paper+-Board Ex Newsprnt", "p": 440.0, "s": 235.0, "year": 2013, "partner": 230}, {"g": "f", "item": "Particle Board", "p": 445.0, "s": 203.0, "year": 2013, "partner": 230}, {"g": "f", "item": "Fibreboard", "p": 22.0, "s": 24.0, "year": 2013, "partner": 230}, {"g": "f", "item": "Paper+-Board Ex Newsprnt", "p": 254.0, "s": 98.0, "year": 2014, "partner": 230}, {"g": "f", "item": "Paper+-Board Ex Newsprnt", "p": 4.0, "s": 7.0, "year": 1999, "partner": 102}, {"g": "f", "item": "Paper+-Board Ex Newsprnt", "p": 1.0, "s": 1.0, "year": 2000, "partner": 102}, {"g": "f", "item": "Particle Board", "p": 3.0, "s": 9.0, "year": 2001, "partner": 102}, {"g": "f", "item": "Fibreboard", "p": 3.0, "s": 8.0, "year": 2001, "partner": 102}, {"g": "f", "item": "Paper+-Board Ex Newsprnt", "p": 45.0, "s": 54.0, "year": 2003, "partner": 102}, {"g": "f", "item": "Particle Board", "p": 17.0, "s": 4.0, "year": 2003, "partner": 102}, {"g": "f", "item": "Paper+-Board Ex Newsprnt", "p": 72.0, "s": 60.0, "year": 2006, "partner": 102}, {"g": "f", "item": "Particle Board", "p": 1357.0, "s": 150.0, "year": 2006, "partner": 102}, {"g": "f", "item": "Paper+-Board Ex Newsprnt", "p": 65.0, "s": 107.0, "year": 2010, "partner": 102}, {"g": "f", "item": "Paper+-Board Ex Newsprnt", "p": 41.0, "s": 37.0, "year": 2011, "partner": 102}, {"g": "f", "item": "Fibreboard", "p": 20.0, "s": 12.0, "year": 2011, "partner": 102}, {"g": "f", "item": "Sawnwood (NC)", "p": 14.0, "s": 4.0, "year": 1997, "partner": 223}, {"g": "f", "item": "Particle Board", "p": 2.0, "s": 1.0, "year": 1997, "partner": 223}, {"g": "f", "item": "Plywood", "p": 1.0, "s": 1.0, "year": 1997, "partner": 223}, {"g": "f", "item": "Fibreboard", "p": 1.0, "s": 0.0, "year": 1998, "partner": 223}, {"g": "f", "item": "Particle Board", "p": 3.0, "s": 3.0, "year": 1998, "partner": 223}, {"g": "f", "item": "Sawnwood (C)", "p": 2.0, "s": 0.0, "year": 1998, "partner": 223}, {"g": "f", "item": "Sawnwood (NC)", "p": 4.0, "s": 3.0, "year": 1998, "partner": 223}, {"g": "f", "item": "Plywood", "p": 11.0, "s": 15.0, "year": 1998, "partner": 223}, {"g": "f", "item": "Paper+-Board Ex Newsprnt", "p": 3.0, "s": 2.0, "year": 1998, "partner": 223}, {"g": "f", "item": "Sawnwood (C)", "p": 4.0, "s": 0.0, "year": 1999, "partner": 223}, {"g": "f", "item": "Veneer Sheets", "p": 1.0, "s": 1.0, "year": 1999, "partner": 223}, {"g": "f", "item": "Plywood", "p": 8.0, "s": 2.0, "year": 1999, "partner": 223}, {"g": "f", "item": "Fibreboard", "p": 28.0, "s": 3.0, "year": 2000, "partner": 223}, {"g": "f", "item": "Veneer Sheets", "p": 4.0, "s": 4.0, "year": 2000, "partner": 223}, {"g": "f", "item": "Particle Board", "p": 8.0, "s": 3.0, "year": 2000, "partner": 223}, {"g": "f", "item": "Sawnwood (C)", "p": 1.0, "s": 0.0, "year": 2000, "partner": 223}, {"g": "f", "item": "Sawnwood (NC)", "p": 7.0, "s": 5.0, "year": 2000, "partner": 223}, {"g": "f", "item": "Plywood", "p": 62.0, "s": 6.0, "year": 2000, "partner": 223}, {"g": "f", "item": "Paper+-Board Ex Newsprnt", "p": 1.0, "s": 1.0, "year": 2000, "partner": 223}, {"g": "f", "item": "Fibreboard", "p": 4.0, "s": 1.0, "year": 2001, "partner": 223}, {"g": "f", "item": "Veneer Sheets", "p": 8.0, "s": 3.0, "year": 2001, "partner": 223}, {"g": "f", "item": "Particle Board", "p": 2.0, "s": 1.0, "year": 2001, "partner": 223}, {"g": "f", "item": "Sawnwood (C)", "p": 7.0, "s": 1.0, "year": 2001, "partner": 223}, {"g": "f", "item": "Plywood", "p": 15.0, "s": 6.0, "year": 2001, "partner": 223}, {"g": "f", "item": "Fibreboard", "p": 19.0, "s": 1.0, "year": 2002, "partner": 223}, {"g": "f", "item": "Ind Rwd Wir (NC) Other", "p": 32.0, "s": 11.0, "year": 2002, "partner": 223}, {"g": "f", "item": "Veneer Sheets", "p": 2.0, "s": 1.0, "year": 2002, "partner": 223}, {"g": "f", "item": "Particle Board", "p": 65.0, "s": 20.0, "year": 2002, "partner": 223}, {"g": "f", "item": "Sawnwood (NC)", "p": 6.0, "s": 1.0, "year": 2002, "partner": 223}, {"g": "f", "item": "Plywood", "p": 28.0, "s": 12.0, "year": 2002, "partner": 223}, {"g": "f", "item": "Fibreboard", "p": 58.0, "s": 11.0, "year": 2003, "partner": 223}, {"g": "f", "item": "Ind Rwd Wir (NC) Other", "p": 1.0, "s": 1.0, "year": 2003, "partner": 223}, {"g": "f", "item": "Veneer Sheets", "p": 26.0, "s": 16.0, "year": 2003, "partner": 223}, {"g": "f", "item": "Particle Board", "p": 7.0, "s": 6.0, "year": 2003, "partner": 223}, {"g": "f", "item": "Sawnwood (C)", "p": 1.0, "s": 1.0, "year": 2003, "partner": 223}, {"g": "f", "item": "Sawnwood (NC)", "p": 7.0, "s": 5.0, "year": 2003, "partner": 223}, {"g": "f", "item": "Plywood", "p": 49.0, "s": 16.0, "year": 2003, "partner": 223}, {"g": "f", "item": "Paper+-Board Ex Newsprnt", "p": 8.0, "s": 6.0, "year": 2003, "partner": 223}, {"g": "f", "item": "Fibreboard", "p": 17.0, "s": 5.0, "year": 2004, "partner": 223}, {"g": "f", "item": "Veneer Sheets", "p": 8.0, "s": 3.0, "year": 2004, "partner": 223}, {"g": "f", "item": "Particle Board", "p": 104.0, "s": 28.0, "year": 2004, "partner": 223}, {"g": "f", "item": "Sawnwood (C)", "p": 1.0, "s": 1.0, "year": 2004, "partner": 223}, {"g": "f", "item": "Sawnwood (NC)", "p": 4.0, "s": 2.0, "year": 2004, "partner": 223}, {"g": "f", "item": "Plywood", "p": 28.0, "s": 15.0, "year": 2004, "partner": 223}, {"g": "f", "item": "Paper+-Board Ex Newsprnt", "p": 1.0, "s": 1.0, "year": 2004, "partner": 223}, {"g": "f", "item": "Fibreboard", "p": 37.0, "s": 21.0, "year": 2005, "partner": 223}, {"g": "f", "item": "Ind Rwd Wir (NC) Other", "p": 1.0, "s": 2.0, "year": 2005, "partner": 223}, {"g": "f", "item": "Particle Board", "p": 28.0, "s": 16.0, "year": 2005, "partner": 223}, {"g": "f", "item": "Plywood", "p": 49.0, "s": 24.0, "year": 2005, "partner": 223}, {"g": "f", "item": "Paper+-Board Ex Newsprnt", "p": 44.0, "s": 38.0, "year": 2005, "partner": 223}, {"g": "f", "item": "Fibreboard", "p": 21.0, "s": 35.0, "year": 2007, "partner": 223}, {"g": "f", "item": "Fibreboard", "p": 56.0, "s": 70.0, "year": 2008, "partner": 223}, {"g": "f", "item": "Veneer Sheets", "p": 17.0, "s": 28.0, "year": 2008, "partner": 223}, {"g": "f", "item": "Particle Board", "p": 48.0, "s": 24.0, "year": 2008, "partner": 223}, {"g": "f", "item": "Plywood", "p": 65.0, "s": 137.0, "year": 2008, "partner": 223}, {"g": "f", "item": "Paper+-Board Ex Newsprnt", "p": 70.0, "s": 86.0, "year": 2008, "partner": 223}, {"g": "f", "item": "Paper+-Board Ex Newsprnt", "p": 60.0, "s": 90.0, "year": 2009, "partner": 223}, {"g": "f", "item": "Particle Board", "p": 89.0, "s": 64.0, "year": 2009, "partner": 223}, {"g": "f", "item": "Plywood", "p": 6.0, "s": 6.0, "year": 2009, "partner": 223}, {"g": "f", "item": "Fibreboard", "p": 56.0, "s": 63.0, "year": 2009, "partner": 223}, {"g": "f", "item": "Fibreboard", "p": 243.0, "s": 249.0, "year": 2010, "partner": 223}, {"g": "f", "item": "Veneer Sheets", "p": 10.0, "s": 3.0, "year": 2010, "partner": 223}, {"g": "f", "item": "Particle Board", "p": 31.0, "s": 22.0, "year": 2010, "partner": 223}, {"g": "f", "item": "Sawnwood (NC)", "p": 2.0, "s": 2.0, "year": 2010, "partner": 223}, {"g": "f", "item": "Plywood", "p": 12.0, "s": 6.0, "year": 2010, "partner": 223}, {"g": "f", "item": "Paper+-Board Ex Newsprnt", "p": 252.0, "s": 348.0, "year": 2010, "partner": 223}, {"g": "f", "item": "Fibreboard", "p": 503.0, "s": 634.0, "year": 2011, "partner": 223}, {"g": "f", "item": "Veneer Sheets", "p": 8.0, "s": 5.0, "year": 2011, "partner": 223}, {"g": "f", "item": "Particle Board", "p": 298.0, "s": 141.0, "year": 2011, "partner": 223}, {"g": "f", "item": "Sawnwood (NC)", "p": 1.0, "s": 7.0, "year": 2011, "partner": 223}, {"g": "f", "item": "Plywood", "p": 5.0, "s": 7.0, "year": 2011, "partner": 223}, {"g": "f", "item": "Paper+-Board Ex Newsprnt", "p": 202.0, "s": 311.0, "year": 2011, "partner": 223}, {"g": "f", "item": "Fibreboard", "p": 655.0, "s": 876.0, "year": 2012, "partner": 223}, {"g": "f", "item": "Particle Board", "p": 9.0, "s": 11.0, "year": 2012, "partner": 223}, {"g": "f", "item": "Sawnwood (C)", "p": 24.0, "s": 48.0, "year": 2012, "partner": 223}, {"g": "f", "item": "Sawnwood (NC)", "p": 2.0, "s": 4.0, "year": 2012, "partner": 223}, {"g": "f", "item": "Plywood", "p": 21.0, "s": 19.0, "year": 2012, "partner": 223}, {"g": "f", "item": "Paper+-Board Ex Newsprnt", "p": 232.0, "s": 292.0, "year": 2012, "partner": 223}, {"g": "f", "item": "Paper+-Board Ex Newsprnt", "p": 202.0, "s": 268.0, "year": 2013, "partner": 223}, {"g": "f", "item": "Particle Board", "p": 9.0, "s": 7.0, "year": 2013, "partner": 223}, {"g": "f", "item": "Plywood", "p": 11.0, "s": 10.0, "year": 2013, "partner": 223}, {"g": "f", "item": "Fibreboard", "p": 1064.0, "s": 1601.0, "year": 2013, "partner": 223}, {"g": "f", "item": "Fibreboard", "p": 1054.0, "s": 1551.0, "year": 2014, "partner": 223}, {"g": "f", "item": "Particle Board", "p": 9.0, "s": 9.0, "year": 2014, "partner": 223}, {"g": "f", "item": "Sawnwood (NC)", "p": 9.0, "s": 20.0, "year": 2014, "partner": 223}, {"g": "f", "item": "Plywood", "p": 25.0, "s": 19.0, "year": 2014, "partner": 223}, {"g": "f", "item": "Paper+-Board Ex Newsprnt", "p": 242.0, "s": 328.0, "year": 2014, "partner": 223}, {"g": "f", "item": "Particle Board", "p": 9.0, "s": 4.0, "year": 1998, "partner": 106}, {"g": "f", "item": "Paper+-Board Ex Newsprnt", "p": 1.0, "s": 1.0, "year": 1999, "partner": 106}, {"g": "f", "item": "Paper+-Board Ex Newsprnt", "p": 1.0, "s": 1.0, "year": 2000, "partner": 106}, {"g": "f", "item": "Fibreboard", "p": 592.0, "s": 83.0, "year": 2000, "partner": 106}, {"g": "f", "item": "Paper+-Board Ex Newsprnt", "p": 1.0, "s": 1.0, "year": 2001, "partner": 106}, {"g": "f", "item": "Paper+-Board Ex Newsprnt", "p": 2.0, "s": 6.0, "year": 2002, "partner": 106}, {"g": "f", "item": "Fibreboard", "p": 45.0, "s": 42.0, "year": 2002, "partner": 106}, {"g": "f", "item": "Veneer Sheets", "p": 25.0, "s": 40.0, "year": 2003, "partner": 106}, {"g": "f", "item": "Particle Board", "p": 20.0, "s": 15.0, "year": 2003, "partner": 106}, {"g": "f", "item": "Fibreboard", "p": 10.0, "s": 28.0, "year": 2003, "partner": 106}, {"g": "f", "item": "Paper+-Board Ex Newsprnt", "p": 25.0, "s": 43.0, "year": 2005, "partner": 106}, {"g": "f", "item": "Particle Board", "p": 19.0, "s": 24.0, "year": 2005, "partner": 106}, {"g": "f", "item": "Veneer Sheets", "p": 9.0, "s": 9.0, "year": 2006, "partner": 106}, {"g": "f", "item": "Particle Board", "p": 47.0, "s": 37.0, "year": 2006, "partner": 106}, {"g": "f", "item": "Paper+-Board Ex Newsprnt", "p": 21.0, "s": 54.0, "year": 2006, "partner": 106}, {"g": "f", "item": "Sawnwood (C)", "p": 63.0, "s": 70.0, "year": 2007, "partner": 106}, {"g": "f", "item": "Paper+-Board Ex Newsprnt", "p": 9.0, "s": 20.0, "year": 2007, "partner": 106}, {"g": "f", "item": "Particle Board", "p": 3.0, "s": 6.0, "year": 2007, "partner": 106}, {"g": "f", "item": "Plywood", "p": 60.0, "s": 64.0, "year": 2007, "partner": 106}, {"g": "f", "item": "Sawnwood (C)", "p": 7.0, "s": 15.0, "year": 2008, "partner": 106}, {"g": "f", "item": "Paper+-Board Ex Newsprnt", "p": 7.0, "s": 11.0, "year": 2008, "partner": 106}, {"g": "f", "item": "Fibreboard", "p": 58.0, "s": 63.0, "year": 2008, "partner": 106}, {"g": "f", "item": "Paper+-Board Ex Newsprnt", "p": 6.0, "s": 14.0, "year": 2009, "partner": 106}, {"g": "f", "item": "Paper+-Board Ex Newsprnt", "p": 3.0, "s": 5.0, "year": 2010, "partner": 106}, {"g": "f", "item": "Paper+-Board Ex Newsprnt", "p": 3.0, "s": 8.0, "year": 2011, "partner": 106}, {"g": "f", "item": "Veneer Sheets", "p": 2.0, "s": 21.0, "year": 2012, "partner": 106}, {"g": "f", "item": "Plywood", "p": 18.0, "s": 51.0, "year": 2012, "partner": 106}, {"g": "f", "item": "Paper+-Board Ex Newsprnt", "p": 2.0, "s": 9.0, "year": 2013, "partner": 106}, {"g": "f", "item": "Paper+-Board Ex Newsprnt", "p": 1.0, "s": 3.0, "year": 2014, "partner": 106}, {"g": "f", "item": "Paper+-Board Ex Newsprnt", "p": 67.0, "s": 131.0, "year": 2008, "partner": 225}, {"g": "f", "item": "Sawnwood (C)", "p": 1866.0, "s": 84.0, "year": 1998, "partner": 108}, {"g": "f", "item": "Paper+-Board Ex Newsprnt", "p": 1.0, "s": 2.0, "year": 1998, "partner": 108}, {"g": "f", "item": "Ind Rwd Wir (NC) Other", "p": 110.0, "s": 2.0, "year": 1998, "partner": 108}, {"g": "f", "item": "Ind Rwd Wir (C)", "p": 475.0, "s": 33.0, "year": 1998, "partner": 108}, {"g": "f", "item": "Ind Rwd Wir (NC) Other", "p": 55.0, "s": 1.0, "year": 2000, "partner": 108}, {"g": "f", "item": "Veneer Sheets", "p": 4.0, "s": 2.0, "year": 2000, "partner": 108}, {"g": "f", "item": "Particle Board", "p": 28.0, "s": 2.0, "year": 2000, "partner": 108}, {"g": "f", "item": "Sawnwood (C)", "p": 3158.0, "s": 80.0, "year": 2000, "partner": 108}, {"g": "f", "item": "Newsprint", "p": 195.0, "s": 69.0, "year": 2000, "partner": 108}, {"g": "f", "item": "Ind Rwd Wir (C)", "p": 129.0, "s": 2.0, "year": 2000, "partner": 108}, {"g": "f", "item": "Paper+-Board Ex Newsprnt", "p": 1.0, "s": 1.0, "year": 2003, "partner": 108}, {"g": "f", "item": "Paper+-Board Ex Newsprnt", "p": 55.0, "s": 31.0, "year": 2006, "partner": 108}, {"g": "f", "item": "Particle Board", "p": 291.0, "s": 118.0, "year": 2006, "partner": 108}, {"g": "f", "item": "Paper+-Board Ex Newsprnt", "p": 139.0, "s": 51.0, "year": 2007, "partner": 108}, {"g": "f", "item": "Plywood", "p": 1.0, "s": 12.0, "year": 2007, "partner": 108}, {"g": "f", "item": "Paper+-Board Ex Newsprnt", "p": 347.0, "s": 161.0, "year": 2008, "partner": 108}, {"g": "f", "item": "Plywood", "p": 89.0, "s": 207.0, "year": 2008, "partner": 108}, {"g": "f", "item": "Paper+-Board Ex Newsprnt", "p": 180.0, "s": 62.0, "year": 2009, "partner": 108}, {"g": "f", "item": "Plywood", "p": 83.0, "s": 134.0, "year": 2009, "partner": 108}, {"g": "f", "item": "Paper+-Board Ex Newsprnt", "p": 674.0, "s": 721.0, "year": 2011, "partner": 108}, {"g": "f", "item": "Paper+-Board Ex Newsprnt", "p": 627.0, "s": 536.0, "year": 2012, "partner": 108}, {"g": "f", "item": "Plywood", "p": 23.0, "s": 60.0, "year": 2012, "partner": 108}, {"g": "f", "item": "Paper+-Board Ex Newsprnt", "p": 741.0, "s": 677.0, "year": 2013, "partner": 108}, {"g": "f", "item": "Plywood", "p": 21.0, "s": 25.0, "year": 2013, "partner": 108}, {"g": "f", "item": "Fibreboard", "p": 4.0, "s": 2.0, "year": 2013, "partner": 108}, {"g": "f", "item": "Paper+-Board Ex Newsprnt", "p": 439.0, "s": 509.0, "year": 2014, "partner": 108}, {"g": "f", "item": "Sawnwood (C)", "p": 34.0, "s": 17.0, "year": 2009, "partner": 110}, {"g": "f", "item": "Plywood", "p": 31.0, "s": 27.0, "year": 2009, "partner": 110}, {"g": "f", "item": "Sawnwood (C)", "p": 9.0, "s": 4.0, "year": 2014, "partner": 110}, {"g": "f", "item": "Plywood", "p": 17.0, "s": 20.0, "year": 2014, "partner": 110}, {"g": "f", "item": "Paper+-Board Ex Newsprnt", "p": 50.0, "s": 33.0, "year": 2003, "partner": 113}, {"g": "f", "item": "Sawnwood (C)", "p": 26.0, "s": 3.0, "year": 2005, "partner": 113}, {"g": "f", "item": "Paper+-Board Ex Newsprnt", "p": 68.0, "s": 51.0, "year": 2005, "partner": 113}, {"g": "f", "item": "Newsprint", "p": 7.0, "s": 5.0, "year": 2005, "partner": 113}, {"g": "f", "item": "Particle Board", "p": 1.0, "s": 0.0, "year": 2005, "partner": 113}, {"g": "f", "item": "Sawnwood (C)", "p": 16.0, "s": 3.0, "year": 2006, "partner": 113}, {"g": "f", "item": "Paper+-Board Ex Newsprnt", "p": 49.0, "s": 50.0, "year": 2006, "partner": 113}, {"g": "f", "item": "Plywood", "p": 2.0, "s": 1.0, "year": 2006, "partner": 113}, {"g": "f", "item": "Fibreboard", "p": 147.0, "s": 32.0, "year": 2006, "partner": 113}, {"g": "f", "item": "Sawnwood (C)", "p": 17.0, "s": 6.0, "year": 2007, "partner": 113}, {"g": "f", "item": "Paper+-Board Ex Newsprnt", "p": 102.0, "s": 101.0, "year": 2007, "partner": 113}, {"g": "f", "item": "Particle Board", "p": 5.0, "s": 4.0, "year": 2007, "partner": 113}, {"g": "f", "item": "Sawnwood (C)", "p": 4.0, "s": 2.0, "year": 2009, "partner": 113}, {"g": "f", "item": "Paper+-Board Ex Newsprnt", "p": 31.0, "s": 38.0, "year": 2009, "partner": 113}, {"g": "f", "item": "Sawnwood (NC)", "p": 1.0, "s": 0.0, "year": 2009, "partner": 113}, {"g": "f", "item": "Fibreboard", "p": 27.0, "s": 14.0, "year": 2009, "partner": 113}, {"g": "f", "item": "Paper+-Board Ex Newsprnt", "p": 5.0, "s": 7.0, "year": 2010, "partner": 113}, {"g": "f", "item": "Plywood", "p": 32.0, "s": 13.0, "year": 2010, "partner": 113}, {"g": "f", "item": "Paper+-Board Ex Newsprnt", "p": 13.0, "s": 6.0, "year": 2011, "partner": 113}, {"g": "f", "item": "Particle Board", "p": 30.0, "s": 8.0, "year": 2011, "partner": 113}, {"g": "f", "item": "Particle Board", "p": 5.0, "s": 1.0, "year": 2012, "partner": 113}, {"g": "f", "item": "Fibreboard", "p": 3.0, "s": 1.0, "year": 2012, "partner": 113}, {"g": "f", "item": "Paper+-Board Ex Newsprnt", "p": 21.0, "s": 34.0, "year": 2013, "partner": 113}, {"g": "f", "item": "Fibreboard", "p": 0.0, "s": 0.0, "year": 1997, "partner": 254}, {"g": "f", "item": "Ind Rwd Wir (NC) Other", "p": 0.0, "s": 0.0, "year": 1997, "partner": 254}, {"g": "f", "item": "Veneer Sheets", "p": 0.0, "s": -1.0, "year": 1997, "partner": 254}, {"g": "f", "item": "Particle Board", "p": -1482.0, "s": -244.0, "year": 1997, "partner": 254}, {"g": "f", "item": "Sawnwood (C)", "p": -20938.0, "s": -1131.0, "year": 1997, "partner": 254}, {"g": "f", "item": "Newsprint", "p": 0.0, "s": 0.0, "year": 1997, "partner": 254}, {"g": "f", "item": "Ind Rwd Wir (C)", "p": -5685.0, "s": -323.0, "year": 1997, "partner": 254}, {"g": "f", "item": "Sawnwood (NC)", "p": -101.0, "s": -6.0, "year": 1997, "partner": 254}, {"g": "f", "item": "Paper+-Board Ex Newsprnt", "p": -513.0, "s": -473.0, "year": 1997, "partner": 254}, {"g": "f", "item": "Plywood", "p": -202.0, "s": -85.0, "year": 1997, "partner": 254}, {"g": "f", "item": "Fibreboard", "p": 0.0, "s": 0.0, "year": 1998, "partner": 254}, {"g": "f", "item": "Ind Rwd Wir (NC) Other", "p": 0.0, "s": 0.0, "year": 1998, "partner": 254}, {"g": "f", "item": "Veneer Sheets", "p": 0.0, "s": 0.0, "year": 1998, "partner": 254}, {"g": "f", "item": "Particle Board", "p": 0.0, "s": 0.0, "year": 1998, "partner": 254}, {"g": "f", "item": "Sawnwood (C)", "p": 0.0, "s": 0.0, "year": 1998, "partner": 254}, {"g": "f", "item": "Newsprint", "p": 0.0, "s": 0.0, "year": 1998, "partner": 254}, {"g": "f", "item": "Ind Rwd Wir (C)", "p": 0.0, "s": 0.0, "year": 1998, "partner": 254}, {"g": "f", "item": "Sawnwood (NC)", "p": 0.0, "s": 0.0, "year": 1998, "partner": 254}, {"g": "f", "item": "Paper+-Board Ex Newsprnt", "p": 0.0, "s": -1.0, "year": 1998, "partner": 254}, {"g": "f", "item": "Plywood", "p": 0.0, "s": 0.0, "year": 1998, "partner": 254}, {"g": "f", "item": "Fibreboard", "p": 532.0, "s": 151.0, "year": 1999, "partner": 254}, {"g": "f", "item": "Ind Rwd Wir (NC) Other", "p": 1253.0, "s": 29.0, "year": 1999, "partner": 254}, {"g": "f", "item": "Veneer Sheets", "p": -3.0, "s": 0.0, "year": 1999, "partner": 254}, {"g": "f", "item": "Particle Board", "p": -3008.0, "s": 58.0, "year": 1999, "partner": 254}, {"g": "f", "item": "Sawnwood (C)", "p": 541.0, "s": 932.0, "year": 1999, "partner": 254}, {"g": "f", "item": "Newsprint", "p": 253.0, "s": 16.0, "year": 1999, "partner": 254}, {"g": "f", "item": "Ind Rwd Wir (C)", "p": 5025.0, "s": 290.0, "year": 1999, "partner": 254}, {"g": "f", "item": "Sawnwood (NC)", "p": -1537.0, "s": -30.0, "year": 1999, "partner": 254}, {"g": "f", "item": "Paper+-Board Ex Newsprnt", "p": 185.0, "s": 262.0, "year": 1999, "partner": 254}, {"g": "f", "item": "Plywood", "p": -138.0, "s": 15.0, "year": 1999, "partner": 254}, {"g": "f", "item": "Fibreboard", "p": -684.0, "s": -53.0, "year": 2000, "partner": 254}, {"g": "f", "item": "Ind Rwd Wir (NC) Other", "p": 0.0, "s": -17.0, "year": 2000, "partner": 254}, {"g": "f", "item": "Veneer Sheets", "p": -7.0, "s": -5.0, "year": 2000, "partner": 254}, {"g": "f", "item": "Particle Board", "p": -5212.0, "s": -135.0, "year": 2000, "partner": 254}, {"g": "f", "item": "Sawnwood (C)", "p": -13398.0, "s": 347.0, "year": 2000, "partner": 254}, {"g": "f", "item": "Newsprint", "p": 82.0, "s": -2.0, "year": 2000, "partner": 254}, {"g": "f", "item": "Ind Rwd Wir (C)", "p": 0.0, "s": 290.0, "year": 2000, "partner": 254}, {"g": "f", "item": "Sawnwood (NC)", "p": -4657.0, "s": -173.0, "year": 2000, "partner": 254}, {"g": "f", "item": "Paper+-Board Ex Newsprnt", "p": 111.0, "s": 150.0, "year": 2000, "partner": 254}, {"g": "f", "item": "Plywood", "p": -205.0, "s": 12.0, "year": 2000, "partner": 254}, {"g": "f", "item": "Wood Pulp", "p": 0.0, "s": 0.0, "year": 2001, "partner": 254}, {"g": "f", "item": "Fibreboard", "p": 5404.0, "s": 609.0, "year": 2001, "partner": 254}, {"g": "f", "item": "Veneer Sheets", "p": -7.0, "s": -2.0, "year": 2001, "partner": 254}, {"g": "f", "item": "Particle Board", "p": 2729.0, "s": 241.0, "year": 2001, "partner": 254}, {"g": "f", "item": "Sawnwood (C)", "p": 40363.0, "s": 1870.0, "year": 2001, "partner": 254}, {"g": "f", "item": "Newsprint", "p": 31.0, "s": -94.0, "year": 2001, "partner": 254}, {"g": "f", "item": "Plywood", "p": 156.0, "s": 86.0, "year": 2001, "partner": 254}, {"g": "f", "item": "Paper+-Board Ex Newsprnt", "p": 2.0, "s": 67.0, "year": 2001, "partner": 254}, {"g": "f", "item": "Fibreboard", "p": 4100.0, "s": 414.0, "year": 2002, "partner": 254}, {"g": "f", "item": "Ind Rwd Wir (NC) Other", "p": 0.0, "s": -66.0, "year": 2002, "partner": 254}, {"g": "f", "item": "Veneer Sheets", "p": -1.0, "s": 0.0, "year": 2002, "partner": 254}, {"g": "f", "item": "Particle Board", "p": 894.0, "s": 122.0, "year": 2002, "partner": 254}, {"g": "f", "item": "Sawnwood (C)", "p": -46905.0, "s": -1476.0, "year": 2002, "partner": 254}, {"g": "f", "item": "Newsprint", "p": 50.0, "s": -35.0, "year": 2002, "partner": 254}, {"g": "f", "item": "Ind Rwd Wir (C)", "p": 0.0, "s": 269.0, "year": 2002, "partner": 254}, {"g": "f", "item": "Sawnwood (NC)", "p": -4995.0, "s": -201.0, "year": 2002, "partner": 254}, {"g": "f", "item": "Paper+-Board Ex Newsprnt", "p": 229.0, "s": 317.0, "year": 2002, "partner": 254}, {"g": "f", "item": "Plywood", "p": -199.0, "s": 9.0, "year": 2002, "partner": 254}, {"g": "f", "item": "Fibreboard", "p": -1880.0, "s": -454.0, "year": 2003, "partner": 254}, {"g": "f", "item": "Ind Rwd Wir (NC) Other", "p": 0.0, "s": -148.0, "year": 2003, "partner": 254}, {"g": "f", "item": "Veneer Sheets", "p": -50.0, "s": -55.0, "year": 2003, "partner": 254}, {"g": "f", "item": "Particle Board", "p": -10624.0, "s": -1084.0, "year": 2003, "partner": 254}, {"g": "f", "item": "Sawnwood (C)", "p": -65573.0, "s": -6278.0, "year": 2003, "partner": 254}, {"g": "f", "item": "Newsprint", "p": -486.0, "s": -206.0, "year": 2003, "partner": 254}, {"g": "f", "item": "Ind Rwd Wir (C)", "p": 0.0, "s": 221.0, "year": 2003, "partner": 254}, {"g": "f", "item": "Sawnwood (NC)", "p": -4975.0, "s": -341.0, "year": 2003, "partner": 254}, {"g": "f", "item": "Paper+-Board Ex Newsprnt", "p": -521.0, "s": -239.0, "year": 2003, "partner": 254}, {"g": "f", "item": "Plywood", "p": -562.0, "s": -51.0, "year": 2003, "partner": 254}, {"g": "f", "item": "Fibreboard", "p": -6456.0, "s": -1620.0, "year": 2004, "partner": 254}, {"g": "f", "item": "Ind Rwd Wir (NC) Other", "p": 0.0, "s": -12.0, "year": 2004, "partner": 254}, {"g": "f", "item": "Veneer Sheets", "p": -31.0, "s": -3.0, "year": 2004, "partner": 254}, {"g": "f", "item": "Particle Board", "p": -16830.0, "s": -2219.0, "year": 2004, "partner": 254}, {"g": "f", "item": "Sawnwood (C)", "p": -136085.0, "s": -14231.0, "year": 2004, "partner": 254}, {"g": "f", "item": "Newsprint", "p": -374.0, "s": -199.0, "year": 2004, "partner": 254}, {"g": "f", "item": "Ind Rwd Wir (C)", "p": 0.0, "s": 142.0, "year": 2004, "partner": 254}, {"g": "f", "item": "Sawnwood (NC)", "p": -4858.0, "s": -416.0, "year": 2004, "partner": 254}, {"g": "f", "item": "Paper+-Board Ex Newsprnt", "p": -1259.0, "s": -1002.0, "year": 2004, "partner": 254}, {"g": "f", "item": "Plywood", "p": -360.0, "s": -81.0, "year": 2004, "partner": 254}, {"g": "f", "item": "Fibreboard", "p": -5873.0, "s": -2061.0, "year": 2005, "partner": 254}, {"g": "f", "item": "Veneer Sheets", "p": -6.0, "s": 0.0, "year": 2005, "partner": 254}, {"g": "f", "item": "Particle Board", "p": -13660.0, "s": -1722.0, "year": 2005, "partner": 254}, {"g": "f", "item": "Sawnwood (C)", "p": -341825.0, "s": -26454.0, "year": 2005, "partner": 254}, {"g": "f", "item": "Newsprint", "p": -250.0, "s": -223.0, "year": 2005, "partner": 254}, {"g": "f", "item": "Sawnwood (NC)", "p": -4760.0, "s": -299.0, "year": 2005, "partner": 254}, {"g": "f", "item": "Paper+-Board Ex Newsprnt", "p": -899.0, "s": -647.0, "year": 2005, "partner": 254}, {"g": "f", "item": "Plywood", "p": -332.0, "s": -85.0, "year": 2005, "partner": 254}, {"g": "f", "item": "Fibreboard", "p": -6885.0, "s": -2310.0, "year": 2006, "partner": 254}, {"g": "f", "item": "Veneer Sheets", "p": -278.0, "s": -26.0, "year": 2006, "partner": 254}, {"g": "f", "item": "Particle Board", "p": -13890.0, "s": -2189.0, "year": 2006, "partner": 254}, {"g": "f", "item": "Sawnwood (C)", "p": -477299.0, "s": -40978.0, "year": 2006, "partner": 254}, {"g": "f", "item": "Newsprint", "p": -322.0, "s": -377.0, "year": 2006, "partner": 254}, {"g": "f", "item": "Sawnwood (NC)", "p": -7000.0, "s": -598.0, "year": 2006, "partner": 254}, {"g": "f", "item": "Paper+-Board Ex Newsprnt", "p": -1402.0, "s": -1277.0, "year": 2006, "partner": 254}, {"g": "f", "item": "Plywood", "p": -1541.0, "s": -572.0, "year": 2006, "partner": 254}, {"g": "f", "item": "Sawnwood (C)", "p": -322168.0, "s": -54773.0, "year": 2007, "partner": 254}, {"g": "f", "item": "Paper+-Board Ex Newsprnt", "p": -1993.0, "s": -1814.0, "year": 2007, "partner": 254}, {"g": "f", "item": "Sawnwood (NC)", "p": 50250.0, "s": 8962.0, "year": 2007, "partner": 254}, {"g": "f", "item": "Sawnwood (C)", "p": -372566.0, "s": -87060.0, "year": 2008, "partner": 254}, {"g": "f", "item": "Paper+-Board Ex Newsprnt", "p": -2351.0, "s": -4356.0, "year": 2008, "partner": 254}, {"g": "f", "item": "Sawnwood (NC)", "p": 47143.0, "s": 8167.0, "year": 2008, "partner": 254}, {"g": "f", "item": "Sawnwood (C)", "p": -332879.0, "s": -59016.0, "year": 2009, "partner": 254}, {"g": "f", "item": "Paper+-Board Ex Newsprnt", "p": -2059.0, "s": -2327.0, "year": 2009, "partner": 254}, {"g": "f", "item": "Sawnwood (NC)", "p": 51491.0, "s": 8750.0, "year": 2009, "partner": 254}, {"g": "f", "item": "Sawnwood (C)", "p": -332356.0, "s": -60246.0, "year": 2010, "partner": 254}, {"g": "f", "item": "Paper+-Board Ex Newsprnt", "p": -2134.0, "s": -2388.0, "year": 2010, "partner": 254}, {"g": "f", "item": "Sawnwood (NC)", "p": 51716.0, "s": 8899.0, "year": 2010, "partner": 254}, {"g": "f", "item": "Sawnwood (C)", "p": -440352.0, "s": -81232.0, "year": 2011, "partner": 254}, {"g": "f", "item": "Paper+-Board Ex Newsprnt", "p": -3877.0, "s": -4124.0, "year": 2011, "partner": 254}, {"g": "f", "item": "Sawnwood (NC)", "p": -1302.0, "s": 0.0, "year": 2011, "partner": 254}, {"g": "f", "item": "Wood Pulp", "p": 0.0, "s": 0.0, "year": 2012, "partner": 254}, {"g": "f", "item": "Fibreboard", "p": 10307.0, "s": 35.0, "year": 2012, "partner": 254}, {"g": "f", "item": "Ind Rwd Wir (NC) Other", "p": 32.0, "s": 0.0, "year": 2012, "partner": 254}, {"g": "f", "item": "Veneer Sheets", "p": 42.0, "s": -20.0, "year": 2012, "partner": 254}, {"g": "f", "item": "Particle Board", "p": 57920.0, "s": 10804.0, "year": 2012, "partner": 254}, {"g": "f", "item": "Sawnwood (C)", "p": 360490.0, "s": 0.0, "year": 2012, "partner": 254}, {"g": "f", "item": "Newsprint", "p": 0.0, "s": 0.0, "year": 2012, "partner": 254}, {"g": "f", "item": "Ind Rwd Wir (C)", "p": 82.0, "s": 0.0, "year": 2012, "partner": 254}, {"g": "f", "item": "Sawnwood (NC)", "p": 3909.0, "s": 1.0, "year": 2012, "partner": 254}, {"g": "f", "item": "Paper+-Board Ex Newsprnt", "p": 646.0, "s": -663.0, "year": 2012, "partner": 254}, {"g": "f", "item": "Plywood", "p": 635.0, "s": -51.0, "year": 2012, "partner": 254}, {"g": "f", "item": "Wood Pulp", "p": 160.0, "s": 127.0, "year": 2013, "partner": 254}, {"g": "f", "item": "Fibreboard", "p": 9307.0, "s": -2560.0, "year": 2013, "partner": 254}, {"g": "f", "item": "Particle Board", "p": 56437.0, "s": 10243.0, "year": 2013, "partner": 254}, {"g": "f", "item": "Newsprint", "p": -166.0, "s": 606.0, "year": 2013, "partner": 254}, {"g": "f", "item": "Sawnwood (C)", "p": 294290.0, "s": -9706.0, "year": 2013, "partner": 254}, {"g": "f", "item": "Sawnwood (NC)", "p": 4434.0, "s": 145.0, "year": 2013, "partner": 254}, {"g": "f", "item": "Ind Rwd Wir (C)", "p": 2284.0, "s": 134.0, "year": 2013, "partner": 254}, {"g": "f", "item": "Paper+-Board Ex Newsprnt", "p": 818.0, "s": 12072.0, "year": 2013, "partner": 254}, {"g": "f", "item": "Plywood", "p": -2469.0, "s": -1064.0, "year": 2013, "partner": 254}, {"g": "f", "item": "Chips and Particles", "p": 0.0, "s": 0.0, "year": 2014, "partner": 254}, {"g": "f", "item": "Wood Pulp", "p": -123.0, "s": -6.0, "year": 2014, "partner": 254}, {"g": "f", "item": "Fibreboard", "p": 6498.0, "s": -4879.0, "year": 2014, "partner": 254}, {"g": "f", "item": "Particle Board", "p": 58973.0, "s": 11983.0, "year": 2014, "partner": 254}, {"g": "f", "item": "Sawnwood (C)", "p": 242141.0, "s": -5476.0, "year": 2014, "partner": 254}, {"g": "f", "item": "Newsprint", "p": 302.0, "s": 908.0, "year": 2014, "partner": 254}, {"g": "f", "item": "Ind Rwd Wir (C)", "p": 7257.0, "s": 437.0, "year": 2014, "partner": 254}, {"g": "f", "item": "Sawnwood (NC)", "p": 4786.0, "s": 200.0, "year": 2014, "partner": 254}, {"g": "f", "item": "Paper+-Board Ex Newsprnt", "p": -272.0, "s": 10095.0, "year": 2014, "partner": 254}, {"g": "f", "item": "Plywood", "p": -1776.0, "s": -1961.0, "year": 2014, "partner": 254}, {"g": "f", "item": "Sawnwood (C)", "p": 18.0, "s": 1.0, "year": 1997, "partner": 119}, {"g": "f", "item": "Particle Board", "p": 75.0, "s": 16.0, "year": 2004, "partner": 119}, {"g": "f", "item": "Particle Board", "p": 166.0, "s": 42.0, "year": 2006, "partner": 119}, {"g": "f", "item": "Particle Board", "p": 92.0, "s": 49.0, "year": 2007, "partner": 119}, {"g": "f", "item": "Particle Board", "p": 143.0, "s": 66.0, "year": 2008, "partner": 119}, {"g": "f", "item": "Sawnwood (C)", "p": 65.0, "s": 5.0, "year": 2009, "partner": 119}, {"g": "f", "item": "Particle Board", "p": 64.0, "s": 30.0, "year": 2012, "partner": 119}, {"g": "f", "item": "Particle Board", "p": 4.0, "s": 2.0, "year": 2014, "partner": 119}, {"g": "f", "item": "Paper+-Board Ex Newsprnt", "p": 3.0, "s": 3.0, "year": 1998, "partner": 126}, {"g": "f", "item": "Particle Board", "p": 29.0, "s": 23.0, "year": 1998, "partner": 126}, {"g": "f", "item": "Fibreboard", "p": 56.0, "s": 26.0, "year": 1998, "partner": 126}, {"g": "f", "item": "Particle Board", "p": 22.0, "s": 8.0, "year": 1999, "partner": 126}, {"g": "f", "item": "Fibreboard", "p": 2.0, "s": 1.0, "year": 1999, "partner": 126}, {"g": "f", "item": "Paper+-Board Ex Newsprnt", "p": 28.0, "s": 0.0, "year": 2001, "partner": 126}, {"g": "f", "item": "Particle Board", "p": 12.0, "s": 5.0, "year": 2001, "partner": 126}, {"g": "f", "item": "Fibreboard", "p": 5.0, "s": 6.0, "year": 2001, "partner": 126}, {"g": "f", "item": "Fibreboard", "p": 4.0, "s": 2.0, "year": 2003, "partner": 126}, {"g": "f", "item": "Ind Rwd Wir (C)", "p": 11.0, "s": 1.0, "year": 2004, "partner": 126}, {"g": "f", "item": "Paper+-Board Ex Newsprnt", "p": 1.0, "s": 4.0, "year": 2005, "partner": 126}, {"g": "f", "item": "Fibreboard", "p": 95.0, "s": 32.0, "year": 2005, "partner": 126}, {"g": "f", "item": "Fibreboard", "p": 72.0, "s": 32.0, "year": 2006, "partner": 126}, {"g": "f", "item": "Paper+-Board Ex Newsprnt", "p": 14.0, "s": 18.0, "year": 2007, "partner": 126}, {"g": "f", "item": "Fibreboard", "p": 96.0, "s": 84.0, "year": 2007, "partner": 126}, {"g": "f", "item": "Particle Board", "p": 163.0, "s": 95.0, "year": 2008, "partner": 126}, {"g": "f", "item": "Fibreboard", "p": 34.0, "s": 26.0, "year": 2008, "partner": 126}, {"g": "f", "item": "Fibreboard", "p": 20.0, "s": 21.0, "year": 2009, "partner": 126}, {"g": "f", "item": "Fibreboard", "p": 37.0, "s": 28.0, "year": 2010, "partner": 126}, {"g": "f", "item": "Paper+-Board Ex Newsprnt", "p": 1.0, "s": 3.0, "year": 2011, "partner": 126}, {"g": "f", "item": "Particle Board", "p": 109.0, "s": 32.0, "year": 2011, "partner": 126}, {"g": "f", "item": "Fibreboard", "p": 105.0, "s": 77.0, "year": 2011, "partner": 126}, {"g": "f", "item": "Fibreboard", "p": 552.0, "s": 416.0, "year": 2012, "partner": 126}, {"g": "f", "item": "Fibreboard", "p": 345.0, "s": 260.0, "year": 2013, "partner": 126}, {"g": "f", "item": "Sawnwood (NC)", "p": 2.0, "s": 13.0, "year": 2014, "partner": 126}, {"g": "f", "item": "Fibreboard", "p": 267.0, "s": 177.0, "year": 2014, "partner": 126}, {"g": "f", "item": "Paper+-Board Ex Newsprnt", "p": 5.0, "s": 17.0, "year": 2011, "partner": 255}, {"g": "f", "item": "Fibreboard", "p": 52.0, "s": 32.0, "year": 2013, "partner": 255}, {"g": "f", "item": "Fibreboard", "p": 147.0, "s": 93.0, "year": 2014, "partner": 255}]