[{"g": "m", "item": "Sawnwood (NC)", "p": 10.0, "s": 7.0, "year": 2002, "partner": 11}, {"g": "m", "item": "Ind Rwd Wir (C)", "p": 3601.0, "s": 112.0, "year": 2002, "partner": 11}, {"g": "m", "item": "Ind Rwd Wir (NC) Other", "p": 954.0, "s": 31.0, "year": 2004, "partner": 11}, {"g": "m", "item": "Sawnwood (NC)", "p": 21.0, "s": 9.0, "year": 2005, "partner": 11}, {"g": "m", "item": "Ind Rwd Wir (NC) Other", "p": 428.0, "s": 18.0, "year": 2006, "partner": 11}, {"g": "m", "item": "Ind Rwd Wir (C)", "p": 9399.0, "s": 498.0, "year": 2006, "partner": 11}, {"g": "m", "item": "Ind Rwd Wir (NC) Tropica", "p": 55.0, "s": 18.0, "year": 1997, "partner": 5009}, {"g": "m", "item": "Sawnwood (C)", "p": 42.0, "s": 17.0, "year": 1997, "partner": 5009}, {"g": "m", "item": "Paper+-Board Ex Newsprnt", "p": 0.0, "s": 0.0, "year": 1998, "partner": 5009}, {"g": "m", "item": "Sawnwood (NC)", "p": 100.0, "s": 37.0, "year": 1998, "partner": 5009}, {"g": "m", "item": "Sawnwood (NC)", "p": 500.0, "s": 592.0, "year": 1999, "partner": 5009}, {"g": "m", "item": "Plywood", "p": 0.0, "s": 0.0, "year": 1999, "partner": 5009}, {"g": "m", "item": "Paper+-Board Ex Newsprnt", "p": 0.0, "s": 0.0, "year": 2000, "partner": 5009}, {"g": "m", "item": "Plywood", "p": 0.0, "s": 0.0, "year": 2000, "partner": 5009}, {"g": "m", "item": "Paper+-Board Ex Newsprnt", "p": 0.0, "s": 0.0, "year": 2001, "partner": 5009}, {"g": "m", "item": "Sawnwood (NC)", "p": 0.0, "s": 0.0, "year": 2001, "partner": 5009}, {"g": "m", "item": "Ind Rwd Wir (NC) Tropica", "p": 1.0, "s": 2.0, "year": 2002, "partner": 5009}, {"g": "m", "item": "Wood Pulp", "p": 0.0, "s": 0.0, "year": 2002, "partner": 5009}, {"g": "m", "item": "Particle Board", "p": 39.0, "s": 5.0, "year": 2002, "partner": 5009}, {"g": "m", "item": "Sawnwood (NC)", "p": 11.0, "s": 10.0, "year": 2002, "partner": 5009}, {"g": "m", "item": "Ind Rwd Wir (C)", "p": 3601.0, "s": 112.0, "year": 2002, "partner": 5009}, {"g": "m", "item": "Ind Rwd Wir (NC) Tropica", "p": 743.0, "s": 233.0, "year": 2003, "partner": 5009}, {"g": "m", "item": "Sawnwood (C)", "p": 926.0, "s": 148.0, "year": 2003, "partner": 5009}, {"g": "m", "item": "Sawnwood (NC)", "p": 87.0, "s": 23.0, "year": 2003, "partner": 5009}, {"g": "m", "item": "Ind Rwd Wir (NC) Other", "p": 161.0, "s": 47.0, "year": 2003, "partner": 5009}, {"g": "m", "item": "Ind Rwd Wir (NC) Tropica", "p": 2729.0, "s": 398.0, "year": 2004, "partner": 5009}, {"g": "m", "item": "Sawnwood (C)", "p": 66.0, "s": 11.0, "year": 2004, "partner": 5009}, {"g": "m", "item": "Sawnwood (NC)", "p": 88.0, "s": 27.0, "year": 2004, "partner": 5009}, {"g": "m", "item": "Ind Rwd Wir (NC) Other", "p": 526.0, "s": 31.0, "year": 2004, "partner": 5009}, {"g": "m", "item": "Sawnwood (C)", "p": 66.0, "s": 11.0, "year": 2005, "partner": 5009}, {"g": "m", "item": "Paper+-Board Ex Newsprnt", "p": 22.0, "s": 23.0, "year": 2005, "partner": 5009}, {"g": "m", "item": "Sawnwood (NC)", "p": 88.0, "s": 27.0, "year": 2005, "partner": 5009}, {"g": "m", "item": "Ind Rwd Wir (NC) Other", "p": 526.0, "s": 31.0, "year": 2006, "partner": 5009}, {"g": "m", "item": "Ind Rwd Wir (C)", "p": 3601.0, "s": 112.0, "year": 2006, "partner": 5009}, {"g": "m", "item": "Ind Rwd Wir (NC) Other", "p": 41.0, "s": 38.0, "year": 2007, "partner": 5009}, {"g": "m", "item": "Sawnwood (NC)", "p": 23.0, "s": 30.0, "year": 2007, "partner": 5009}, {"g": "m", "item": "Ind Rwd Wir (C)", "p": 68.0, "s": 4.0, "year": 2007, "partner": 5009}, {"g": "m", "item": "Paper+-Board Ex Newsprnt", "p": 89.0, "s": 195.0, "year": 2007, "partner": 5009}, {"g": "m", "item": "Plywood", "p": 7.0, "s": 6.0, "year": 2007, "partner": 5009}, {"g": "m", "item": "Paper+-Board Ex Newsprnt", "p": 120.0, "s": 95.0, "year": 2008, "partner": 5009}, {"g": "m", "item": "Sawnwood (NC)", "p": 15.0, "s": 33.0, "year": 2008, "partner": 5009}, {"g": "m", "item": "Ind Rwd Wir (NC) Other", "p": 50.0, "s": 3.0, "year": 2008, "partner": 5009}, {"g": "m", "item": "Plywood", "p": 22.0, "s": 2.0, "year": 2008, "partner": 5009}, {"g": "m", "item": "Chips and Particles", "p": 35.0, "s": 10.0, "year": 2009, "partner": 5009}, {"g": "m", "item": "Ind Rwd Wir (NC) Other", "p": 110.0, "s": 14.0, "year": 2009, "partner": 5009}, {"g": "m", "item": "Veneer Sheets", "p": 10.0, "s": 3.0, "year": 2009, "partner": 5009}, {"g": "m", "item": "Particle Board", "p": 1.0, "s": 1.0, "year": 2009, "partner": 5009}, {"g": "m", "item": "Sawnwood (NC)", "p": 1078.0, "s": 76.0, "year": 2009, "partner": 5009}, {"g": "m", "item": "Paper+-Board Ex Newsprnt", "p": 153.0, "s": 153.0, "year": 2009, "partner": 5009}, {"g": "m", "item": "Paper+-Board Ex Newsprnt", "p": 321.0, "s": 810.0, "year": 2010, "partner": 5009}, {"g": "m", "item": "Sawnwood (NC)", "p": 154.0, "s": 107.0, "year": 2010, "partner": 5009}, {"g": "m", "item": "Ind Rwd Wir (NC) Other", "p": 36.0, "s": 23.0, "year": 2010, "partner": 5009}, {"g": "m", "item": "Sawnwood (NC)", "p": 18.0, "s": 4.0, "year": 2011, "partner": 5009}, {"g": "m", "item": "Ind Rwd Wir (NC) Other", "p": 7.0, "s": 2.0, "year": 2012, "partner": 5009}, {"g": "m", "item": "Particle Board", "p": 3.0, "s": 8.0, "year": 2012, "partner": 5009}, {"g": "m", "item": "Sawnwood (C)", "p": 27.0, "s": 17.0, "year": 2012, "partner": 5009}, {"g": "m", "item": "Newsprint", "p": 1.0, "s": 1.0, "year": 2012, "partner": 5009}, {"g": "m", "item": "Ind Rwd Wir (C)", "p": 96.0, "s": 5.0, "year": 2012, "partner": 5009}, {"g": "m", "item": "Sawnwood (NC)", "p": 68.0, "s": 25.0, "year": 2012, "partner": 5009}, {"g": "m", "item": "Paper+-Board Ex Newsprnt", "p": 321.0, "s": 875.0, "year": 2012, "partner": 5009}, {"g": "m", "item": "Sawnwood (C)", "p": 27.0, "s": 17.0, "year": 2013, "partner": 5009}, {"g": "m", "item": "Paper+-Board Ex Newsprnt", "p": 192.0, "s": 334.0, "year": 2014, "partner": 5009}, {"g": "m", "item": "Sawnwood (NC)", "p": 1.0, "s": 7.0, "year": 2014, "partner": 5009}, {"g": "m", "item": "Ind Rwd Wir (NC) Other", "p": 16.0, "s": 3.0, "year": 2014, "partner": 5009}, {"g": "m", "item": "Sawnwood (C)", "p": 42.0, "s": 17.0, "year": 1997, "partner": 150}, {"g": "m", "item": "Sawnwood (NC)", "p": 11.0, "s": 3.0, "year": 2001, "partner": 33}, {"g": "m", "item": "Sawnwood (NC)", "p": 15.0, "s": 33.0, "year": 2008, "partner": 173}, {"g": "m", "item": "Sawnwood (NC)", "p": 11.0, "s": 27.0, "year": 2004, "partner": 173}, {"g": "m", "item": "Sawnwood (NC)", "p": 9.0, "s": 19.0, "year": 2005, "partner": 173}, {"g": "m", "item": "Sawnwood (NC)", "p": 8.0, "s": 28.0, "year": 2007, "partner": 173}, {"g": "m", "item": "Ind Rwd Wir (NC) Tropica", "p": 55.0, "s": 18.0, "year": 1997, "partner": 174}, {"g": "m", "item": "Paper+-Board Ex Newsprnt", "p": 72.0, "s": 112.0, "year": 2010, "partner": 181}, {"g": "m", "item": "Paper+-Board Ex Newsprnt", "p": 19.0, "s": 18.0, "year": 2007, "partner": 184}, {"g": "m", "item": "Plywood", "p": 7.0, "s": 6.0, "year": 2007, "partner": 184}, {"g": "m", "item": "Paper+-Board Ex Newsprnt", "p": 2.0, "s": 1.0, "year": 2008, "partner": 184}, {"g": "m", "item": "Ind Rwd Wir (NC) Other", "p": 50.0, "s": 3.0, "year": 2008, "partner": 184}, {"g": "m", "item": "Plywood", "p": 22.0, "s": 2.0, "year": 2008, "partner": 184}, {"g": "m", "item": "Veneer Sheets", "p": 10.0, "s": 3.0, "year": 2009, "partner": 184}, {"g": "m", "item": "Sawnwood (NC)", "p": 25.0, "s": 1.0, "year": 2009, "partner": 184}, {"g": "m", "item": "Particle Board", "p": 1.0, "s": 1.0, "year": 2009, "partner": 184}, {"g": "m", "item": "Ind Rwd Wir (NC) Other", "p": 12.0, "s": 2.0, "year": 2010, "partner": 184}, {"g": "m", "item": "Sawnwood (NC)", "p": 6.0, "s": 1.0, "year": 2011, "partner": 184}, {"g": "m", "item": "Sawnwood (NC)", "p": 16.0, "s": 1.0, "year": 2012, "partner": 184}, {"g": "m", "item": "Sawnwood (C)", "p": 3.0, "s": 2.0, "year": 2013, "partner": 184}, {"g": "m", "item": "Paper+-Board Ex Newsprnt", "p": 19.0, "s": 38.0, "year": 2000, "partner": 68}, {"g": "m", "item": "Paper+-Board Ex Newsprnt", "p": 3.0, "s": 5.0, "year": 2001, "partner": 68}, {"g": "m", "item": "Particle Board", "p": 39.0, "s": 5.0, "year": 2002, "partner": 68}, {"g": "m", "item": "Sawnwood (C)", "p": 19.0, "s": 17.0, "year": 2003, "partner": 68}, {"g": "m", "item": "Paper+-Board Ex Newsprnt", "p": 1.0, "s": 2.0, "year": 2005, "partner": 68}, {"g": "m", "item": "Sawnwood (NC)", "p": 2.0, "s": 3.0, "year": 2009, "partner": 68}, {"g": "m", "item": "Sawnwood (NC)", "p": 1.0, "s": 7.0, "year": 2014, "partner": 68}, {"g": "m", "item": "Ind Rwd Wir (NC) Tropica", "p": 1.0, "s": 2.0, "year": 2002, "partner": 199}, {"g": "m", "item": "Sawnwood (NC)", "p": 2.0, "s": 2.0, "year": 2005, "partner": 199}, {"g": "m", "item": "Paper+-Board Ex Newsprnt", "p": 15.0, "s": 5.0, "year": 2010, "partner": 226}, {"g": "m", "item": "Sawnwood (NC)", "p": 65.0, "s": 12.0, "year": 2010, "partner": 226}, {"g": "m", "item": "Ind Rwd Wir (NC) Other", "p": 24.0, "s": 21.0, "year": 2010, "partner": 226}, {"g": "m", "item": "Sawnwood (NC)", "p": 12.0, "s": 3.0, "year": 2011, "partner": 226}, {"g": "m", "item": "Particle Board", "p": 3.0, "s": 8.0, "year": 2012, "partner": 226}, {"g": "m", "item": "Wood Pulp", "p": 24.0, "s": 11.0, "year": 2002, "partner": 79}, {"g": "m", "item": "Sawnwood (C)", "p": 907.0, "s": 130.0, "year": 2003, "partner": 79}, {"g": "m", "item": "Sawnwood (NC)", "p": 63.0, "s": 8.0, "year": 2003, "partner": 79}, {"g": "m", "item": "Sawnwood (C)", "p": 49.0, "s": 11.0, "year": 2004, "partner": 79}, {"g": "m", "item": "Sawnwood (C)", "p": 76.0, "s": 6.0, "year": 2005, "partner": 79}, {"g": "m", "item": "Veneer Sheets", "p": 79.0, "s": 20.0, "year": 2005, "partner": 79}, {"g": "m", "item": "Ind Rwd Wir (NC) Other", "p": 41.0, "s": 38.0, "year": 2007, "partner": 79}, {"g": "m", "item": "Ind Rwd Wir (NC) Other", "p": 45.0, "s": 10.0, "year": 2009, "partner": 79}, {"g": "m", "item": "Sawnwood (NC)", "p": 50.0, "s": 70.0, "year": 1998, "partner": 210}, {"g": "m", "item": "Paper+-Board Ex Newsprnt", "p": 28.0, "s": 24.0, "year": 1998, "partner": 211}, {"g": "m", "item": "Paper+-Board Ex Newsprnt", "p": 44.0, "s": 138.0, "year": 2007, "partner": 213}, {"g": "m", "item": "Chips and Particles", "p": 35.0, "s": 10.0, "year": 2009, "partner": 215}, {"g": "m", "item": "Sawnwood (NC)", "p": 723.0, "s": 63.0, "year": 2009, "partner": 215}, {"g": "m", "item": "Ind Rwd Wir (NC) Other", "p": 65.0, "s": 4.0, "year": 2009, "partner": 215}, {"g": "m", "item": "Sawnwood (NC)", "p": 45.0, "s": 61.0, "year": 2010, "partner": 215}, {"g": "m", "item": "Sawnwood (NC)", "p": 21.0, "s": 3.0, "year": 2012, "partner": 215}, {"g": "m", "item": "Paper+-Board Ex Newsprnt", "p": 2.0, "s": 6.0, "year": 2014, "partner": 215}, {"g": "m", "item": "Ind Rwd Wir (NC) Other", "p": 5.0, "s": 1.0, "year": 2014, "partner": 215}, {"g": "m", "item": "Sawnwood (NC)", "p": 44.0, "s": 15.0, "year": 1998, "partner": 222}, {"g": "m", "item": "Sawnwood (NC)", "p": 44.0, "s": 34.0, "year": 2010, "partner": 351}, {"g": "m", "item": "Paper+-Board Ex Newsprnt", "p": 15.0, "s": 9.0, "year": 2010, "partner": 225}, {"g": "m", "item": "Sawnwood (NC)", "p": 1.0, "s": 3.0, "year": 2002, "partner": 98}, {"g": "m", "item": "Plywood", "p": 43.0, "s": 20.0, "year": 2000, "partner": 229}, {"g": "m", "item": "Plywood", "p": 32.0, "s": 18.0, "year": 1999, "partner": 229}, {"g": "m", "item": "Ind Rwd Wir (NC) Tropica", "p": 743.0, "s": 233.0, "year": 2003, "partner": 100}, {"g": "m", "item": "Ind Rwd Wir (NC) Other", "p": 161.0, "s": 47.0, "year": 2003, "partner": 100}, {"g": "m", "item": "Ind Rwd Wir (NC) Tropica", "p": 1085.0, "s": 398.0, "year": 2004, "partner": 100}, {"g": "m", "item": "Paper+-Board Ex Newsprnt", "p": 4.0, "s": 66.0, "year": 2012, "partner": 230}, {"g": "m", "item": "Paper+-Board Ex Newsprnt", "p": 2.0, "s": 2.0, "year": 2014, "partner": 231}, {"g": "m", "item": "Paper+-Board Ex Newsprnt", "p": 1.0, "s": 10.0, "year": 2007, "partner": 231}, {"g": "m", "item": "Sawnwood (NC)", "p": 29.0, "s": 6.0, "year": 1999, "partner": 106}, {"g": "m", "item": "Sawnwood (NC)", "p": 24.0, "s": 15.0, "year": 2003, "partner": 106}, {"g": "m", "item": "Ind Rwd Wir (C)", "p": 68.0, "s": 4.0, "year": 2007, "partner": 106}, {"g": "m", "item": "Sawnwood (NC)", "p": 325.0, "s": 5.0, "year": 2009, "partner": 114}, {"g": "m", "item": "Paper+-Board Ex Newsprnt", "p": 93.0, "s": 59.0, "year": 2008, "partner": 250}, {"g": "m", "item": "Paper+-Board Ex Newsprnt", "p": 127.0, "s": 119.0, "year": 2009, "partner": 250}, {"g": "m", "item": "Paper+-Board Ex Newsprnt", "p": 194.0, "s": 649.0, "year": 2010, "partner": 250}, {"g": "m", "item": "Paper+-Board Ex Newsprnt", "p": 60.0, "s": 99.0, "year": 2014, "partner": 250}, {"g": "m", "item": "Ind Rwd Wir (NC) Other", "p": 11.0, "s": 2.0, "year": 2014, "partner": 250}, {"g": "m", "item": "Paper+-Board Ex Newsprnt", "p": 13.0, "s": 17.0, "year": 2007, "partner": 250}, {"g": "m", "item": "Sawnwood (NC)", "p": 15.0, "s": 2.0, "year": 2007, "partner": 250}, {"g": "m", "item": "Sawnwood (C)", "p": 27.0, "s": 17.0, "year": 2012, "partner": 252}, {"g": "m", "item": "Sawnwood (NC)", "p": 31.0, "s": 21.0, "year": 2012, "partner": 252}, {"g": "m", "item": "Ind Rwd Wir (NC) Other", "p": 7.0, "s": 2.0, "year": 2012, "partner": 252}, {"g": "m", "item": "Ind Rwd Wir (C)", "p": 96.0, "s": 5.0, "year": 2012, "partner": 252}, {"g": "m", "item": "Ind Rwd Wir (NC) Tropica", "p": 0.0, "s": 0.0, "year": 1997, "partner": 254}, {"g": "m", "item": "Sawnwood (C)", "p": 0.0, "s": 0.0, "year": 1997, "partner": 254}, {"g": "m", "item": "Paper+-Board Ex Newsprnt", "p": 0.0, "s": 0.0, "year": 1998, "partner": 254}, {"g": "m", "item": "Sawnwood (NC)", "p": 6.0, "s": -48.0, "year": 1998, "partner": 254}, {"g": "m", "item": "Sawnwood (NC)", "p": 471.0, "s": 586.0, "year": 1999, "partner": 254}, {"g": "m", "item": "Plywood", "p": 0.0, "s": 0.0, "year": 1999, "partner": 254}, {"g": "m", "item": "Paper+-Board Ex Newsprnt", "p": 0.0, "s": 0.0, "year": 2000, "partner": 254}, {"g": "m", "item": "Plywood", "p": 0.0, "s": 0.0, "year": 2000, "partner": 254}, {"g": "m", "item": "Paper+-Board Ex Newsprnt", "p": 0.0, "s": 0.0, "year": 2001, "partner": 254}, {"g": "m", "item": "Sawnwood (NC)", "p": 0.0, "s": 0.0, "year": 2001, "partner": 254}, {"g": "m", "item": "Ind Rwd Wir (NC) Tropica", "p": 0.0, "s": 0.0, "year": 2002, "partner": 254}, {"g": "m", "item": "Wood Pulp", "p": 0.0, "s": 0.0, "year": 2002, "partner": 254}, {"g": "m", "item": "Particle Board", "p": 0.0, "s": 0.0, "year": 2002, "partner": 254}, {"g": "m", "item": "Sawnwood (NC)", "p": 0.0, "s": 0.0, "year": 2002, "partner": 254}, {"g": "m", "item": "Ind Rwd Wir (C)", "p": 0.0, "s": 0.0, "year": 2002, "partner": 254}, {"g": "m", "item": "Ind Rwd Wir (NC) Tropica", "p": 0.0, "s": 0.0, "year": 2003, "partner": 254}, {"g": "m", "item": "Sawnwood (C)", "p": 0.0, "s": 1.0, "year": 2003, "partner": 254}, {"g": "m", "item": "Sawnwood (NC)", "p": 0.0, "s": 0.0, "year": 2003, "partner": 254}, {"g": "m", "item": "Ind Rwd Wir (NC) Other", "p": 0.0, "s": 0.0, "year": 2003, "partner": 254}, {"g": "m", "item": "Ind Rwd Wir (NC) Tropica", "p": 1644.0, "s": 0.0, "year": 2004, "partner": 254}, {"g": "m", "item": "Sawnwood (C)", "p": 17.0, "s": 0.0, "year": 2004, "partner": 254}, {"g": "m", "item": "Sawnwood (NC)", "p": 77.0, "s": 0.0, "year": 2004, "partner": 254}, {"g": "m", "item": "Ind Rwd Wir (NC) Other", "p": -428.0, "s": 0.0, "year": 2004, "partner": 254}, {"g": "m", "item": "Sawnwood (C)", "p": -10.0, "s": 5.0, "year": 2005, "partner": 254}, {"g": "m", "item": "Paper+-Board Ex Newsprnt", "p": 21.0, "s": 21.0, "year": 2005, "partner": 254}, {"g": "m", "item": "Sawnwood (NC)", "p": 56.0, "s": -3.0, "year": 2005, "partner": 254}, {"g": "m", "item": "Ind Rwd Wir (NC) Other", "p": 98.0, "s": 13.0, "year": 2006, "partner": 254}, {"g": "m", "item": "Ind Rwd Wir (C)", "p": -5798.0, "s": -386.0, "year": 2006, "partner": 254}, {"g": "m", "item": "Paper+-Board Ex Newsprnt", "p": 12.0, "s": 12.0, "year": 2007, "partner": 254}, {"g": "m", "item": "Paper+-Board Ex Newsprnt", "p": 25.0, "s": 34.0, "year": 2008, "partner": 254}, {"g": "m", "item": "Sawnwood (NC)", "p": 0.0, "s": 0.0, "year": 2008, "partner": 254}, {"g": "m", "item": "Ind Rwd Wir (NC) Other", "p": 0.0, "s": 0.0, "year": 2008, "partner": 254}, {"g": "m", "item": "Plywood", "p": 0.0, "s": 0.0, "year": 2008, "partner": 254}, {"g": "m", "item": "Chips and Particles", "p": 0.0, "s": 0.0, "year": 2009, "partner": 254}, {"g": "m", "item": "Ind Rwd Wir (NC) Other", "p": 0.0, "s": 0.0, "year": 2009, "partner": 254}, {"g": "m", "item": "Veneer Sheets", "p": 0.0, "s": 0.0, "year": 2009, "partner": 254}, {"g": "m", "item": "Particle Board", "p": 0.0, "s": 0.0, "year": 2009, "partner": 254}, {"g": "m", "item": "Sawnwood (NC)", "p": 0.0, "s": 0.0, "year": 2009, "partner": 254}, {"g": "m", "item": "Paper+-Board Ex Newsprnt", "p": 26.0, "s": 34.0, "year": 2009, "partner": 254}, {"g": "m", "item": "Paper+-Board Ex Newsprnt", "p": 26.0, "s": 34.0, "year": 2010, "partner": 254}, {"g": "m", "item": "Sawnwood (NC)", "p": 0.0, "s": 0.0, "year": 2010, "partner": 254}, {"g": "m", "item": "Ind Rwd Wir (NC) Other", "p": 0.0, "s": 0.0, "year": 2010, "partner": 254}, {"g": "m", "item": "Sawnwood (NC)", "p": 0.0, "s": 0.0, "year": 2011, "partner": 254}, {"g": "m", "item": "Ind Rwd Wir (NC) Other", "p": 0.0, "s": 0.0, "year": 2012, "partner": 254}, {"g": "m", "item": "Particle Board", "p": 1.0, "s": 0.0, "year": 2012, "partner": 254}, {"g": "m", "item": "Sawnwood (C)", "p": 1.0, "s": 0.0, "year": 2012, "partner": 254}, {"g": "m", "item": "Newsprint", "p": 0.0, "s": 0.0, "year": 2012, "partner": 254}, {"g": "m", "item": "Ind Rwd Wir (C)", "p": 0.0, "s": 0.0, "year": 2012, "partner": 254}, {"g": "m", "item": "Sawnwood (NC)", "p": 0.0, "s": 0.0, "year": 2012, "partner": 254}, {"g": "m", "item": "Paper+-Board Ex Newsprnt", "p": 317.0, "s": 809.0, "year": 2012, "partner": 254}, {"g": "m", "item": "Sawnwood (C)", "p": 24.0, "s": 15.0, "year": 2013, "partner": 254}, {"g": "m", "item": "Paper+-Board Ex Newsprnt", "p": 128.0, "s": 226.0, "year": 2014, "partner": 254}, {"g": "m", "item": "Sawnwood (NC)", "p": 0.0, "s": 0.0, "year": 2014, "partner": 254}, {"g": "m", "item": "Ind Rwd Wir (NC) Other", "p": 0.0, "s": 0.0, "year": 2014, "partner": 254}, {"g": "m", "item": "Sawnwood (NC)", "p": 4.0, "s": 4.0, "year": 2009, "partner": 255}, {"g": "m", "item": "Newsprint", "p": 1.0, "s": 1.0, "year": 2012, "partner": 255}, {"g": "f", "item": "Fibreboard", "p": 77.0, "s": 18.0, "year": 2004, "partner": 131}, {"g": "f", "item": "Plywood", "p": 12.0, "s": 10.0, "year": 2007, "partner": 131}, {"g": "f", "item": "Fibreboard", "p": 44.0, "s": 35.0, "year": 2007, "partner": 131}, {"g": "f", "item": "Plywood", "p": 29.0, "s": 28.0, "year": 2008, "partner": 131}, {"g": "f", "item": "Plywood", "p": 26.0, "s": 31.0, "year": 2009, "partner": 131}, {"g": "f", "item": "Fibreboard", "p": 81.0, "s": 75.0, "year": 2009, "partner": 131}, {"g": "f", "item": "Paper+-Board Ex Newsprnt", "p": 13.0, "s": 10.0, "year": 2010, "partner": 131}, {"g": "f", "item": "Plywood", "p": 25.0, "s": 58.0, "year": 2010, "partner": 131}, {"g": "f", "item": "Plywood", "p": 21.0, "s": 20.0, "year": 2012, "partner": 131}, {"g": "f", "item": "Paper+-Board Ex Newsprnt", "p": 1.0, "s": 7.0, "year": 2014, "partner": 131}, {"g": "f", "item": "Plywood", "p": 4.0, "s": 3.0, "year": 2008, "partner": 137}, {"g": "f", "item": "Paper+-Board Ex Newsprnt", "p": 13.0, "s": 5.0, "year": 2000, "partner": 11}, {"g": "f", "item": "Paper+-Board Ex Newsprnt", "p": 3.0, "s": 2.0, "year": 2001, "partner": 11}, {"g": "f", "item": "Paper+-Board Ex Newsprnt", "p": 24.0, "s": 12.0, "year": 2004, "partner": 11}, {"g": "f", "item": "Paper+-Board Ex Newsprnt", "p": 13.0, "s": 22.0, "year": 2014, "partner": 11}, {"g": "f", "item": "Paper+-Board Ex Newsprnt", "p": 391.0, "s": 612.0, "year": 2000, "partner": 15}, {"g": "f", "item": "Fibreboard", "p": 212.0, "s": 15.0, "year": 2000, "partner": 15}, {"g": "f", "item": "Paper+-Board Ex Newsprnt", "p": 135.0, "s": 195.0, "year": 1997, "partner": 15}, {"g": "f", "item": "Wood Pulp", "p": 49.0, "s": 35.0, "year": 1997, "partner": 15}, {"g": "f", "item": "Paper+-Board Ex Newsprnt", "p": 166.0, "s": 349.0, "year": 1998, "partner": 15}, {"g": "f", "item": "Paper+-Board Ex Newsprnt", "p": 102.0, "s": 117.0, "year": 1999, "partner": 15}, {"g": "f", "item": "Particle Board", "p": 6.0, "s": 1.0, "year": 1999, "partner": 15}, {"g": "f", "item": "Fibreboard", "p": 4.0, "s": 2.0, "year": 1999, "partner": 15}, {"g": "f", "item": "Paper+-Board Ex Newsprnt", "p": 176.0, "s": 280.0, "year": 1997, "partner": 5009}, {"g": "f", "item": "Wood Pulp", "p": 148.0, "s": 95.0, "year": 1997, "partner": 5009}, {"g": "f", "item": "Paper+-Board Ex Newsprnt", "p": 176.0, "s": 280.0, "year": 1998, "partner": 5009}, {"g": "f", "item": "Newsprint", "p": 200.0, "s": 404.0, "year": 1998, "partner": 5009}, {"g": "f", "item": "Wood Pulp", "p": 0.0, "s": 0.0, "year": 1999, "partner": 5009}, {"g": "f", "item": "Fibreboard", "p": 0.0, "s": 0.0, "year": 1999, "partner": 5009}, {"g": "f", "item": "Particle Board", "p": 0.0, "s": 0.0, "year": 1999, "partner": 5009}, {"g": "f", "item": "Plywood", "p": 0.0, "s": 0.0, "year": 1999, "partner": 5009}, {"g": "f", "item": "Paper+-Board Ex Newsprnt", "p": 1400.0, "s": 1700.0, "year": 1999, "partner": 5009}, {"g": "f", "item": "Wood Pulp", "p": 0.0, "s": 0.0, "year": 2000, "partner": 5009}, {"g": "f", "item": "Fibreboard", "p": 0.0, "s": 0.0, "year": 2000, "partner": 5009}, {"g": "f", "item": "Particle Board", "p": 0.0, "s": 0.0, "year": 2000, "partner": 5009}, {"g": "f", "item": "Plywood", "p": 600.0, "s": 638.0, "year": 2000, "partner": 5009}, {"g": "f", "item": "Paper+-Board Ex Newsprnt", "p": 1600.0, "s": 2089.0, "year": 2000, "partner": 5009}, {"g": "f", "item": "Paper+-Board Ex Newsprnt", "p": 200.0, "s": 224.0, "year": 2001, "partner": 5009}, {"g": "f", "item": "Newsprint", "p": 0.0, "s": 0.0, "year": 2001, "partner": 5009}, {"g": "f", "item": "Wood Pulp", "p": 0.0, "s": 0.0, "year": 2002, "partner": 5009}, {"g": "f", "item": "Fibreboard", "p": 0.0, "s": 0.0, "year": 2002, "partner": 5009}, {"g": "f", "item": "Particle Board", "p": 0.0, "s": 0.0, "year": 2002, "partner": 5009}, {"g": "f", "item": "Newsprint", "p": 0.0, "s": 0.0, "year": 2002, "partner": 5009}, {"g": "f", "item": "Plywood", "p": 600.0, "s": 638.0, "year": 2002, "partner": 5009}, {"g": "f", "item": "Paper+-Board Ex Newsprnt", "p": 228.0, "s": 181.0, "year": 2002, "partner": 5009}, {"g": "f", "item": "Wood Pulp", "p": 46.0, "s": 33.0, "year": 2003, "partner": 5009}, {"g": "f", "item": "Fibreboard", "p": 264.0, "s": 70.0, "year": 2003, "partner": 5009}, {"g": "f", "item": "Veneer Sheets", "p": 28.0, "s": 26.0, "year": 2003, "partner": 5009}, {"g": "f", "item": "Particle Board", "p": 67.0, "s": 16.0, "year": 2003, "partner": 5009}, {"g": "f", "item": "Newsprint", "p": 31.0, "s": 26.0, "year": 2003, "partner": 5009}, {"g": "f", "item": "Plywood", "p": 298.0, "s": 200.0, "year": 2003, "partner": 5009}, {"g": "f", "item": "Paper+-Board Ex Newsprnt", "p": 680.0, "s": 583.0, "year": 2003, "partner": 5009}, {"g": "f", "item": "Wood Pulp", "p": 174.0, "s": 67.0, "year": 2004, "partner": 5009}, {"g": "f", "item": "Fibreboard", "p": 430.0, "s": 142.0, "year": 2004, "partner": 5009}, {"g": "f", "item": "Particle Board", "p": 430.0, "s": 71.0, "year": 2004, "partner": 5009}, {"g": "f", "item": "Veneer Sheets", "p": 1.0, "s": 1.0, "year": 2004, "partner": 5009}, {"g": "f", "item": "Newsprint", "p": 67.0, "s": 34.0, "year": 2004, "partner": 5009}, {"g": "f", "item": "Sawnwood (NC)", "p": 1.0, "s": 0.0, "year": 2004, "partner": 5009}, {"g": "f", "item": "Ind Rwd Wir (C)", "p": 234.0, "s": 14.0, "year": 2004, "partner": 5009}, {"g": "f", "item": "Paper+-Board Ex Newsprnt", "p": 2614.0, "s": 2073.0, "year": 2004, "partner": 5009}, {"g": "f", "item": "Plywood", "p": 36.0, "s": 13.0, "year": 2004, "partner": 5009}, {"g": "f", "item": "Fibreboard", "p": 430.0, "s": 142.0, "year": 2005, "partner": 5009}, {"g": "f", "item": "Particle Board", "p": 430.0, "s": 71.0, "year": 2005, "partner": 5009}, {"g": "f", "item": "Newsprint", "p": 67.0, "s": 34.0, "year": 2005, "partner": 5009}, {"g": "f", "item": "Plywood", "p": 36.0, "s": 13.0, "year": 2005, "partner": 5009}, {"g": "f", "item": "Paper+-Board Ex Newsprnt", "p": 2614.0, "s": 2073.0, "year": 2005, "partner": 5009}, {"g": "f", "item": "Fibreboard", "p": 430.0, "s": 142.0, "year": 2006, "partner": 5009}, {"g": "f", "item": "Particle Board", "p": 430.0, "s": 71.0, "year": 2006, "partner": 5009}, {"g": "f", "item": "Newsprint", "p": 67.0, "s": 34.0, "year": 2006, "partner": 5009}, {"g": "f", "item": "Plywood", "p": 36.0, "s": 13.0, "year": 2006, "partner": 5009}, {"g": "f", "item": "Paper+-Board Ex Newsprnt", "p": 2614.0, "s": 2073.0, "year": 2006, "partner": 5009}, {"g": "f", "item": "Wood Pulp", "p": 47.0, "s": 48.0, "year": 2007, "partner": 5009}, {"g": "f", "item": "Fibreboard", "p": 683.0, "s": 512.0, "year": 2007, "partner": 5009}, {"g": "f", "item": "Particle Board", "p": 314.0, "s": 162.0, "year": 2007, "partner": 5009}, {"g": "f", "item": "Veneer Sheets", "p": 22.0, "s": 25.0, "year": 2007, "partner": 5009}, {"g": "f", "item": "Newsprint", "p": 85.0, "s": 80.0, "year": 2007, "partner": 5009}, {"g": "f", "item": "Sawnwood (NC)", "p": 20.0, "s": 3.0, "year": 2007, "partner": 5009}, {"g": "f", "item": "Ind Rwd Wir (C)", "p": 1463.0, "s": 89.0, "year": 2007, "partner": 5009}, {"g": "f", "item": "Paper+-Board Ex Newsprnt", "p": 1176.0, "s": 1676.0, "year": 2007, "partner": 5009}, {"g": "f", "item": "Plywood", "p": 481.0, "s": 508.0, "year": 2007, "partner": 5009}, {"g": "f", "item": "Wood Pulp", "p": 71.0, "s": 103.0, "year": 2008, "partner": 5009}, {"g": "f", "item": "Fibreboard", "p": 670.0, "s": 447.0, "year": 2008, "partner": 5009}, {"g": "f", "item": "Veneer Sheets", "p": 44.0, "s": 33.0, "year": 2008, "partner": 5009}, {"g": "f", "item": "Particle Board", "p": 48.0, "s": 34.0, "year": 2008, "partner": 5009}, {"g": "f", "item": "Sawnwood (C)", "p": 2.0, "s": 1.0, "year": 2008, "partner": 5009}, {"g": "f", "item": "Newsprint", "p": 37.0, "s": 30.0, "year": 2008, "partner": 5009}, {"g": "f", "item": "Ind Rwd Wir (C)", "p": 43.0, "s": 3.0, "year": 2008, "partner": 5009}, {"g": "f", "item": "Paper+-Board Ex Newsprnt", "p": 1967.0, "s": 2506.0, "year": 2008, "partner": 5009}, {"g": "f", "item": "Plywood", "p": 667.0, "s": 619.0, "year": 2008, "partner": 5009}, {"g": "f", "item": "Fibreboard", "p": 297.0, "s": 214.0, "year": 2009, "partner": 5009}, {"g": "f", "item": "Ind Rwd Wir (NC) Other", "p": 245.0, "s": 75.0, "year": 2009, "partner": 5009}, {"g": "f", "item": "Veneer Sheets", "p": 10.0, "s": 4.0, "year": 2009, "partner": 5009}, {"g": "f", "item": "Particle Board", "p": 147.0, "s": 71.0, "year": 2009, "partner": 5009}, {"g": "f", "item": "Sawnwood (C)", "p": 8.0, "s": 1.0, "year": 2009, "partner": 5009}, {"g": "f", "item": "Newsprint", "p": 17.0, "s": 11.0, "year": 2009, "partner": 5009}, {"g": "f", "item": "Ind Rwd Wir (C)", "p": 389.0, "s": 24.0, "year": 2009, "partner": 5009}, {"g": "f", "item": "Sawnwood (NC)", "p": 142.0, "s": 26.0, "year": 2009, "partner": 5009}, {"g": "f", "item": "Paper+-Board Ex Newsprnt", "p": 5863.0, "s": 4225.0, "year": 2009, "partner": 5009}, {"g": "f", "item": "Plywood", "p": 1001.0, "s": 559.0, "year": 2009, "partner": 5009}, {"g": "f", "item": "Chips and Particles", "p": 9.0, "s": 12.0, "year": 2010, "partner": 5009}, {"g": "f", "item": "Ind Rwd Wir (NC) Tropica", "p": 1.0, "s": 6.0, "year": 2010, "partner": 5009}, {"g": "f", "item": "Fibreboard", "p": 1713.0, "s": 1306.0, "year": 2010, "partner": 5009}, {"g": "f", "item": "Veneer Sheets", "p": 43.0, "s": 35.0, "year": 2010, "partner": 5009}, {"g": "f", "item": "Particle Board", "p": 131.0, "s": 122.0, "year": 2010, "partner": 5009}, {"g": "f", "item": "Sawnwood (C)", "p": 11.0, "s": 4.0, "year": 2010, "partner": 5009}, {"g": "f", "item": "Newsprint", "p": 122.0, "s": 108.0, "year": 2010, "partner": 5009}, {"g": "f", "item": "Ind Rwd Wir (C)", "p": 94.0, "s": 6.0, "year": 2010, "partner": 5009}, {"g": "f", "item": "Sawnwood (NC)", "p": 27.0, "s": 9.0, "year": 2010, "partner": 5009}, {"g": "f", "item": "Paper+-Board Ex Newsprnt", "p": 3907.0, "s": 4020.0, "year": 2010, "partner": 5009}, {"g": "f", "item": "Plywood", "p": 1274.0, "s": 1826.0, "year": 2010, "partner": 5009}, {"g": "f", "item": "Particle Board", "p": 52.0, "s": 22.0, "year": 2011, "partner": 5009}, {"g": "f", "item": "Sawnwood (C)", "p": 14.0, "s": 6.0, "year": 2011, "partner": 5009}, {"g": "f", "item": "Sawnwood (NC)", "p": 57.0, "s": 144.0, "year": 2011, "partner": 5009}, {"g": "f", "item": "Plywood", "p": 567.0, "s": 530.0, "year": 2011, "partner": 5009}, {"g": "f", "item": "Paper+-Board Ex Newsprnt", "p": 2942.0, "s": 1969.0, "year": 2011, "partner": 5009}, {"g": "f", "item": "Ind Rwd Wir (NC) Tropica", "p": 1.0, "s": 0.0, "year": 2012, "partner": 5009}, {"g": "f", "item": "Wood Pulp", "p": 48.0, "s": 61.0, "year": 2012, "partner": 5009}, {"g": "f", "item": "Fibreboard", "p": 605.0, "s": 808.0, "year": 2012, "partner": 5009}, {"g": "f", "item": "Particle Board", "p": 65.0, "s": 111.0, "year": 2012, "partner": 5009}, {"g": "f", "item": "Veneer Sheets", "p": 5.0, "s": 65.0, "year": 2012, "partner": 5009}, {"g": "f", "item": "Newsprint", "p": 252.0, "s": 136.0, "year": 2012, "partner": 5009}, {"g": "f", "item": "Sawnwood (NC)", "p": 128.0, "s": 46.0, "year": 2012, "partner": 5009}, {"g": "f", "item": "Ind Rwd Wir (C)", "p": 3.0, "s": 0.0, "year": 2012, "partner": 5009}, {"g": "f", "item": "Paper+-Board Ex Newsprnt", "p": 4444.0, "s": 3340.0, "year": 2012, "partner": 5009}, {"g": "f", "item": "Plywood", "p": 720.0, "s": 552.0, "year": 2012, "partner": 5009}, {"g": "f", "item": "Paper+-Board Ex Newsprnt", "p": 9497.0, "s": 16368.0, "year": 2013, "partner": 5009}, {"g": "f", "item": "Newsprint", "p": 252.0, "s": 136.0, "year": 2013, "partner": 5009}, {"g": "f", "item": "Plywood", "p": 1984.0, "s": 1332.0, "year": 2013, "partner": 5009}, {"g": "f", "item": "Fibreboard", "p": 1026.0, "s": 567.0, "year": 2013, "partner": 5009}, {"g": "f", "item": "Wood Pulp", "p": 26.0, "s": 31.0, "year": 2014, "partner": 5009}, {"g": "f", "item": "Fibreboard", "p": 1139.0, "s": 518.0, "year": 2014, "partner": 5009}, {"g": "f", "item": "Ind Rwd Wir (NC) Other", "p": 1139.0, "s": 777.0, "year": 2014, "partner": 5009}, {"g": "f", "item": "Veneer Sheets", "p": 81.0, "s": 72.0, "year": 2014, "partner": 5009}, {"g": "f", "item": "Particle Board", "p": 5.0, "s": 4.0, "year": 2014, "partner": 5009}, {"g": "f", "item": "Sawnwood (C)", "p": 3.0, "s": 5.0, "year": 2014, "partner": 5009}, {"g": "f", "item": "Newsprint", "p": 156.0, "s": 104.0, "year": 2014, "partner": 5009}, {"g": "f", "item": "Plywood", "p": 400.0, "s": 344.0, "year": 2014, "partner": 5009}, {"g": "f", "item": "Sawnwood (NC)", "p": 145.0, "s": 21.0, "year": 2014, "partner": 5009}, {"g": "f", "item": "Paper+-Board Ex Newsprnt", "p": 3578.0, "s": 2579.0, "year": 2014, "partner": 5009}, {"g": "f", "item": "Paper+-Board Ex Newsprnt", "p": 17.0, "s": 13.0, "year": 2000, "partner": 21}, {"g": "f", "item": "Paper+-Board Ex Newsprnt", "p": 18.0, "s": 15.0, "year": 2001, "partner": 21}, {"g": "f", "item": "Paper+-Board Ex Newsprnt", "p": 36.0, "s": 27.0, "year": 2003, "partner": 21}, {"g": "f", "item": "Paper+-Board Ex Newsprnt", "p": 20.0, "s": 22.0, "year": 2004, "partner": 21}, {"g": "f", "item": "Paper+-Board Ex Newsprnt", "p": 54.0, "s": 38.0, "year": 1999, "partner": 21}, {"g": "f", "item": "Paper+-Board Ex Newsprnt", "p": 21.0, "s": 19.0, "year": 2009, "partner": 33}, {"g": "f", "item": "Particle Board", "p": 6.0, "s": 0.0, "year": 2009, "partner": 33}, {"g": "f", "item": "Plywood", "p": 27.0, "s": 9.0, "year": 2006, "partner": 33}, {"g": "f", "item": "Particle Board", "p": 66.0, "s": 15.0, "year": 2003, "partner": 167}, {"g": "f", "item": "Particle Board", "p": 30.0, "s": 5.0, "year": 2004, "partner": 167}, {"g": "f", "item": "Particle Board", "p": 187.0, "s": 77.0, "year": 2007, "partner": 167}, {"g": "f", "item": "Plywood", "p": 289.0, "s": 138.0, "year": 2003, "partner": 171}, {"g": "f", "item": "Paper+-Board Ex Newsprnt", "p": 14.0, "s": 48.0, "year": 2014, "partner": 171}, {"g": "f", "item": "Paper+-Board Ex Newsprnt", "p": 4.0, "s": 20.0, "year": 2006, "partner": 171}, {"g": "f", "item": "Fibreboard", "p": 23.0, "s": 5.0, "year": 2004, "partner": 173}, {"g": "f", "item": "Paper+-Board Ex Newsprnt", "p": 16.0, "s": 13.0, "year": 1999, "partner": 174}, {"g": "f", "item": "Paper+-Board Ex Newsprnt", "p": 100.0, "s": 105.0, "year": 2000, "partner": 181}, {"g": "f", "item": "Paper+-Board Ex Newsprnt", "p": 125.0, "s": 124.0, "year": 2004, "partner": 181}, {"g": "f", "item": "Paper+-Board Ex Newsprnt", "p": 108.0, "s": 132.0, "year": 2007, "partner": 181}, {"g": "f", "item": "Paper+-Board Ex Newsprnt", "p": 85.0, "s": 112.0, "year": 2008, "partner": 181}, {"g": "f", "item": "Paper+-Board Ex Newsprnt", "p": 54.0, "s": 76.0, "year": 2009, "partner": 181}, {"g": "f", "item": "Paper+-Board Ex Newsprnt", "p": 90.0, "s": 293.0, "year": 2010, "partner": 181}, {"g": "f", "item": "Paper+-Board Ex Newsprnt", "p": 36.0, "s": 57.0, "year": 2011, "partner": 181}, {"g": "f", "item": "Paper+-Board Ex Newsprnt", "p": 72.0, "s": 119.0, "year": 2012, "partner": 181}, {"g": "f", "item": "Paper+-Board Ex Newsprnt", "p": 53.0, "s": 82.0, "year": 2014, "partner": 181}, {"g": "f", "item": "Paper+-Board Ex Newsprnt", "p": 1.0, "s": 2.0, "year": 2003, "partner": 184}, {"g": "f", "item": "Newsprint", "p": 2.0, "s": 1.0, "year": 2004, "partner": 184}, {"g": "f", "item": "Paper+-Board Ex Newsprnt", "p": 6.0, "s": 12.0, "year": 2007, "partner": 184}, {"g": "f", "item": "Plywood", "p": 12.0, "s": 12.0, "year": 2008, "partner": 184}, {"g": "f", "item": "Paper+-Board Ex Newsprnt", "p": 2439.0, "s": 585.0, "year": 2009, "partner": 184}, {"g": "f", "item": "Plywood", "p": 84.0, "s": 42.0, "year": 2009, "partner": 184}, {"g": "f", "item": "Paper+-Board Ex Newsprnt", "p": 81.0, "s": 84.0, "year": 2010, "partner": 184}, {"g": "f", "item": "Newsprint", "p": 1.0, "s": 1.0, "year": 2010, "partner": 184}, {"g": "f", "item": "Plywood", "p": 3.0, "s": 5.0, "year": 2010, "partner": 184}, {"g": "f", "item": "Paper+-Board Ex Newsprnt", "p": 10.0, "s": 13.0, "year": 2012, "partner": 184}, {"g": "f", "item": "Paper+-Board Ex Newsprnt", "p": 9.0, "s": 4.0, "year": 2013, "partner": 184}, {"g": "f", "item": "Paper+-Board Ex Newsprnt", "p": 17.0, "s": 16.0, "year": 2014, "partner": 184}, {"g": "f", "item": "Sawnwood (NC)", "p": 7.0, "s": 5.0, "year": 2014, "partner": 184}, {"g": "f", "item": "Fibreboard", "p": 13.0, "s": 10.0, "year": 2014, "partner": 184}, {"g": "f", "item": "Paper+-Board Ex Newsprnt", "p": 15.0, "s": 13.0, "year": 2004, "partner": 185}, {"g": "f", "item": "Paper+-Board Ex Newsprnt", "p": 20.0, "s": 17.0, "year": 2004, "partner": 59}, {"g": "f", "item": "Paper+-Board Ex Newsprnt", "p": 61.0, "s": 59.0, "year": 2008, "partner": 59}, {"g": "f", "item": "Paper+-Board Ex Newsprnt", "p": 8.0, "s": 4.0, "year": 2009, "partner": 59}, {"g": "f", "item": "Particle Board", "p": 25.0, "s": 21.0, "year": 2011, "partner": 59}, {"g": "f", "item": "Particle Board", "p": 3.0, "s": 8.0, "year": 2012, "partner": 59}, {"g": "f", "item": "Paper+-Board Ex Newsprnt", "p": 23.0, "s": 33.0, "year": 2013, "partner": 59}, {"g": "f", "item": "Paper+-Board Ex Newsprnt", "p": 10.0, "s": 5.0, "year": 2014, "partner": 59}, {"g": "f", "item": "Newsprint", "p": 16.0, "s": 8.0, "year": 2014, "partner": 59}, {"g": "f", "item": "Paper+-Board Ex Newsprnt", "p": 596.0, "s": 417.0, "year": 1998, "partner": 202}, {"g": "f", "item": "Newsprint", "p": 22.0, "s": 9.0, "year": 1998, "partner": 202}, {"g": "f", "item": "Paper+-Board Ex Newsprnt", "p": 118.0, "s": 78.0, "year": 1999, "partner": 202}, {"g": "f", "item": "Particle Board", "p": 1.0, "s": 0.0, "year": 1999, "partner": 202}, {"g": "f", "item": "Fibreboard", "p": 24.0, "s": 5.0, "year": 1999, "partner": 202}, {"g": "f", "item": "Paper+-Board Ex Newsprnt", "p": 25.0, "s": 19.0, "year": 2002, "partner": 202}, {"g": "f", "item": "Fibreboard", "p": 253.0, "s": 52.0, "year": 2002, "partner": 202}, {"g": "f", "item": "Paper+-Board Ex Newsprnt", "p": 119.0, "s": 168.0, "year": 2003, "partner": 202}, {"g": "f", "item": "Newsprint", "p": 14.0, "s": 8.0, "year": 2003, "partner": 202}, {"g": "f", "item": "Particle Board", "p": 1.0, "s": 1.0, "year": 2003, "partner": 202}, {"g": "f", "item": "Fibreboard", "p": 72.0, "s": 14.0, "year": 2003, "partner": 202}, {"g": "f", "item": "Paper+-Board Ex Newsprnt", "p": 189.0, "s": 214.0, "year": 2004, "partner": 202}, {"g": "f", "item": "Newsprint", "p": 18.0, "s": 11.0, "year": 2004, "partner": 202}, {"g": "f", "item": "Paper+-Board Ex Newsprnt", "p": 228.0, "s": 159.0, "year": 2005, "partner": 202}, {"g": "f", "item": "Newsprint", "p": 18.0, "s": 12.0, "year": 2005, "partner": 202}, {"g": "f", "item": "Particle Board", "p": 1.0, "s": 2.0, "year": 2005, "partner": 202}, {"g": "f", "item": "Paper+-Board Ex Newsprnt", "p": 93.0, "s": 72.0, "year": 2006, "partner": 202}, {"g": "f", "item": "Newsprint", "p": 2.0, "s": 1.0, "year": 2006, "partner": 202}, {"g": "f", "item": "Fibreboard", "p": 6.0, "s": 3.0, "year": 2007, "partner": 202}, {"g": "f", "item": "Paper+-Board Ex Newsprnt", "p": 172.0, "s": 123.0, "year": 2008, "partner": 202}, {"g": "f", "item": "Particle Board", "p": 4.0, "s": 3.0, "year": 2008, "partner": 202}, {"g": "f", "item": "Paper+-Board Ex Newsprnt", "p": 1013.0, "s": 677.0, "year": 2009, "partner": 202}, {"g": "f", "item": "Paper+-Board Ex Newsprnt", "p": 63.0, "s": 143.0, "year": 2010, "partner": 202}, {"g": "f", "item": "Sawnwood (C)", "p": 14.0, "s": 6.0, "year": 2011, "partner": 202}, {"g": "f", "item": "Plywood", "p": 10.0, "s": 11.0, "year": 2011, "partner": 202}, {"g": "f", "item": "Paper+-Board Ex Newsprnt", "p": 60.0, "s": 49.0, "year": 2012, "partner": 202}, {"g": "f", "item": "Newsprint", "p": 32.0, "s": 32.0, "year": 2012, "partner": 202}, {"g": "f", "item": "Fibreboard", "p": 1.0, "s": 2.0, "year": 2012, "partner": 202}, {"g": "f", "item": "Paper+-Board Ex Newsprnt", "p": 20.0, "s": 21.0, "year": 2014, "partner": 202}, {"g": "f", "item": "Ind Rwd Wir (NC) Other", "p": 650.0, "s": 435.0, "year": 2014, "partner": 202}, {"g": "f", "item": "Paper+-Board Ex Newsprnt", "p": 1.0, "s": 5.0, "year": 2011, "partner": 63}, {"g": "f", "item": "Ind Rwd Wir (C)", "p": 329.0, "s": 20.0, "year": 2009, "partner": 194}, {"g": "f", "item": "Wood Pulp", "p": 49.0, "s": 34.0, "year": 2000, "partner": 67}, {"g": "f", "item": "Wood Pulp", "p": 99.0, "s": 60.0, "year": 1997, "partner": 67}, {"g": "f", "item": "Wood Pulp", "p": 97.0, "s": 62.0, "year": 1999, "partner": 67}, {"g": "f", "item": "Paper+-Board Ex Newsprnt", "p": 11.0, "s": 10.0, "year": 1997, "partner": 68}, {"g": "f", "item": "Paper+-Board Ex Newsprnt", "p": 19.0, "s": 22.0, "year": 1998, "partner": 68}, {"g": "f", "item": "Paper+-Board Ex Newsprnt", "p": 23.0, "s": 18.0, "year": 1999, "partner": 68}, {"g": "f", "item": "Paper+-Board Ex Newsprnt", "p": 25.0, "s": 20.0, "year": 2000, "partner": 68}, {"g": "f", "item": "Paper+-Board Ex Newsprnt", "p": 2.0, "s": 1.0, "year": 2001, "partner": 68}, {"g": "f", "item": "Paper+-Board Ex Newsprnt", "p": 73.0, "s": 59.0, "year": 2003, "partner": 68}, {"g": "f", "item": "Paper+-Board Ex Newsprnt", "p": 434.0, "s": 344.0, "year": 2004, "partner": 68}, {"g": "f", "item": "Paper+-Board Ex Newsprnt", "p": 1.0, "s": 3.0, "year": 2006, "partner": 68}, {"g": "f", "item": "Paper+-Board Ex Newsprnt", "p": 71.0, "s": 106.0, "year": 2007, "partner": 68}, {"g": "f", "item": "Paper+-Board Ex Newsprnt", "p": 20.0, "s": 49.0, "year": 2008, "partner": 68}, {"g": "f", "item": "Paper+-Board Ex Newsprnt", "p": 15.0, "s": 37.0, "year": 2010, "partner": 68}, {"g": "f", "item": "Paper+-Board Ex Newsprnt", "p": 13.0, "s": 17.0, "year": 2012, "partner": 68}, {"g": "f", "item": "Sawnwood (C)", "p": 2.0, "s": 5.0, "year": 2014, "partner": 68}, {"g": "f", "item": "Paper+-Board Ex Newsprnt", "p": 24.0, "s": 39.0, "year": 2014, "partner": 68}, {"g": "f", "item": "Fibreboard", "p": 20.0, "s": 10.0, "year": 2004, "partner": 225}, {"g": "f", "item": "Particle Board", "p": 5.0, "s": 2.0, "year": 2004, "partner": 225}, {"g": "f", "item": "Newsprint", "p": 9.0, "s": 8.0, "year": 2004, "partner": 225}, {"g": "f", "item": "Plywood", "p": 11.0, "s": 1.0, "year": 2004, "partner": 225}, {"g": "f", "item": "Paper+-Board Ex Newsprnt", "p": 350.0, "s": 255.0, "year": 2004, "partner": 225}, {"g": "f", "item": "Fibreboard", "p": 2.0, "s": 3.0, "year": 2007, "partner": 225}, {"g": "f", "item": "Particle Board", "p": 3.0, "s": 2.0, "year": 2007, "partner": 225}, {"g": "f", "item": "Newsprint", "p": 2.0, "s": 4.0, "year": 2007, "partner": 225}, {"g": "f", "item": "Plywood", "p": 5.0, "s": 1.0, "year": 2007, "partner": 225}, {"g": "f", "item": "Paper+-Board Ex Newsprnt", "p": 254.0, "s": 168.0, "year": 2007, "partner": 225}, {"g": "f", "item": "Fibreboard", "p": 5.0, "s": 3.0, "year": 2008, "partner": 225}, {"g": "f", "item": "Particle Board", "p": 2.0, "s": 1.0, "year": 2008, "partner": 225}, {"g": "f", "item": "Newsprint", "p": 2.0, "s": 3.0, "year": 2008, "partner": 225}, {"g": "f", "item": "Plywood", "p": 22.0, "s": 11.0, "year": 2008, "partner": 225}, {"g": "f", "item": "Paper+-Board Ex Newsprnt", "p": 484.0, "s": 399.0, "year": 2008, "partner": 225}, {"g": "f", "item": "Fibreboard", "p": 9.0, "s": 8.0, "year": 2009, "partner": 225}, {"g": "f", "item": "Veneer Sheets", "p": 3.0, "s": 2.0, "year": 2009, "partner": 225}, {"g": "f", "item": "Particle Board", "p": 14.0, "s": 3.0, "year": 2009, "partner": 225}, {"g": "f", "item": "Newsprint", "p": 16.0, "s": 8.0, "year": 2009, "partner": 225}, {"g": "f", "item": "Ind Rwd Wir (C)", "p": 2.0, "s": 0.0, "year": 2009, "partner": 225}, {"g": "f", "item": "Paper+-Board Ex Newsprnt", "p": 229.0, "s": 193.0, "year": 2009, "partner": 225}, {"g": "f", "item": "Plywood", "p": 16.0, "s": 14.0, "year": 2009, "partner": 225}, {"g": "f", "item": "Chips and Particles", "p": 2.0, "s": 1.0, "year": 2010, "partner": 225}, {"g": "f", "item": "Fibreboard", "p": 4.0, "s": 10.0, "year": 2010, "partner": 225}, {"g": "f", "item": "Veneer Sheets", "p": 10.0, "s": 2.0, "year": 2010, "partner": 225}, {"g": "f", "item": "Particle Board", "p": 3.0, "s": 5.0, "year": 2010, "partner": 225}, {"g": "f", "item": "Newsprint", "p": 90.0, "s": 86.0, "year": 2010, "partner": 225}, {"g": "f", "item": "Plywood", "p": 17.0, "s": 14.0, "year": 2010, "partner": 225}, {"g": "f", "item": "Paper+-Board Ex Newsprnt", "p": 402.0, "s": 656.0, "year": 2010, "partner": 225}, {"g": "f", "item": "Wood Pulp", "p": 1.0, "s": 0.0, "year": 2012, "partner": 225}, {"g": "f", "item": "Particle Board", "p": 4.0, "s": 3.0, "year": 2012, "partner": 225}, {"g": "f", "item": "Newsprint", "p": 147.0, "s": 76.0, "year": 2012, "partner": 225}, {"g": "f", "item": "Plywood", "p": 7.0, "s": 4.0, "year": 2012, "partner": 225}, {"g": "f", "item": "Paper+-Board Ex Newsprnt", "p": 274.0, "s": 372.0, "year": 2012, "partner": 225}, {"g": "f", "item": "Paper+-Board Ex Newsprnt", "p": 73.0, "s": 70.0, "year": 2014, "partner": 225}, {"g": "f", "item": "Newsprint", "p": 80.0, "s": 61.0, "year": 2014, "partner": 225}, {"g": "f", "item": "Plywood", "p": 20.0, "s": 14.0, "year": 2014, "partner": 225}, {"g": "f", "item": "Plywood", "p": 21.0, "s": 9.0, "year": 1999, "partner": 200}, {"g": "f", "item": "Fibreboard", "p": 6.0, "s": 7.0, "year": 1999, "partner": 200}, {"g": "f", "item": "Plywood", "p": 48.0, "s": 62.0, "year": 2007, "partner": 200}, {"g": "f", "item": "Paper+-Board Ex Newsprnt", "p": 39.0, "s": 38.0, "year": 2008, "partner": 200}, {"g": "f", "item": "Plywood", "p": 81.0, "s": 80.0, "year": 2008, "partner": 200}, {"g": "f", "item": "Fibreboard", "p": 15.0, "s": 12.0, "year": 2008, "partner": 200}, {"g": "f", "item": "Plywood", "p": 52.0, "s": 106.0, "year": 2010, "partner": 200}, {"g": "f", "item": "Plywood", "p": 14.0, "s": 25.0, "year": 2011, "partner": 200}, {"g": "f", "item": "Paper+-Board Ex Newsprnt", "p": 50.0, "s": 63.0, "year": 2012, "partner": 200}, {"g": "f", "item": "Plywood", "p": 12.0, "s": 13.0, "year": 2012, "partner": 200}, {"g": "f", "item": "Ind Rwd Wir (NC) Tropica", "p": 8.0, "s": 0.0, "year": 2006, "partner": 74}, {"g": "f", "item": "Paper+-Board Ex Newsprnt", "p": 40.0, "s": 41.0, "year": 1998, "partner": 203}, {"g": "f", "item": "Paper+-Board Ex Newsprnt", "p": 73.0, "s": 73.0, "year": 1999, "partner": 203}, {"g": "f", "item": "Paper+-Board Ex Newsprnt", "p": 128.0, "s": 109.0, "year": 2000, "partner": 203}, {"g": "f", "item": "Paper+-Board Ex Newsprnt", "p": 40.0, "s": 37.0, "year": 2001, "partner": 203}, {"g": "f", "item": "Paper+-Board Ex Newsprnt", "p": 9.0, "s": 13.0, "year": 2002, "partner": 203}, {"g": "f", "item": "Paper+-Board Ex Newsprnt", "p": 15.0, "s": 17.0, "year": 2003, "partner": 203}, {"g": "f", "item": "Paper+-Board Ex Newsprnt", "p": 79.0, "s": 119.0, "year": 2004, "partner": 203}, {"g": "f", "item": "Paper+-Board Ex Newsprnt", "p": 1.0, "s": 1.0, "year": 2005, "partner": 203}, {"g": "f", "item": "Paper+-Board Ex Newsprnt", "p": 14.0, "s": 19.0, "year": 1997, "partner": 79}, {"g": "f", "item": "Paper+-Board Ex Newsprnt", "p": 18.0, "s": 19.0, "year": 1998, "partner": 79}, {"g": "f", "item": "Paper+-Board Ex Newsprnt", "p": 43.0, "s": 37.0, "year": 1999, "partner": 79}, {"g": "f", "item": "Paper+-Board Ex Newsprnt", "p": 262.0, "s": 83.0, "year": 2000, "partner": 79}, {"g": "f", "item": "Paper+-Board Ex Newsprnt", "p": 350.0, "s": 83.0, "year": 2002, "partner": 79}, {"g": "f", "item": "Veneer Sheets", "p": 2.0, "s": 9.0, "year": 2003, "partner": 79}, {"g": "f", "item": "Paper+-Board Ex Newsprnt", "p": 249.0, "s": 89.0, "year": 2003, "partner": 79}, {"g": "f", "item": "Paper+-Board Ex Newsprnt", "p": 123.0, "s": 162.0, "year": 2004, "partner": 79}, {"g": "f", "item": "Fibreboard", "p": 23.0, "s": 17.0, "year": 2004, "partner": 79}, {"g": "f", "item": "Paper+-Board Ex Newsprnt", "p": 18.0, "s": 57.0, "year": 2005, "partner": 79}, {"g": "f", "item": "Newsprint", "p": 176.0, "s": 100.0, "year": 2005, "partner": 79}, {"g": "f", "item": "Fibreboard", "p": 42.0, "s": 17.0, "year": 2005, "partner": 79}, {"g": "f", "item": "Paper+-Board Ex Newsprnt", "p": 128.0, "s": 235.0, "year": 2006, "partner": 79}, {"g": "f", "item": "Newsprint", "p": 129.0, "s": 83.0, "year": 2006, "partner": 79}, {"g": "f", "item": "Fibreboard", "p": 84.0, "s": 34.0, "year": 2006, "partner": 79}, {"g": "f", "item": "Paper+-Board Ex Newsprnt", "p": 142.0, "s": 540.0, "year": 2007, "partner": 79}, {"g": "f", "item": "Newsprint", "p": 64.0, "s": 42.0, "year": 2007, "partner": 79}, {"g": "f", "item": "Fibreboard", "p": 134.0, "s": 124.0, "year": 2007, "partner": 79}, {"g": "f", "item": "Paper+-Board Ex Newsprnt", "p": 58.0, "s": 264.0, "year": 2008, "partner": 79}, {"g": "f", "item": "Newsprint", "p": 1.0, "s": 3.0, "year": 2008, "partner": 79}, {"g": "f", "item": "Plywood", "p": 16.0, "s": 20.0, "year": 2008, "partner": 79}, {"g": "f", "item": "Paper+-Board Ex Newsprnt", "p": 132.0, "s": 548.0, "year": 2009, "partner": 79}, {"g": "f", "item": "Paper+-Board Ex Newsprnt", "p": 30.0, "s": 239.0, "year": 2010, "partner": 79}, {"g": "f", "item": "Paper+-Board Ex Newsprnt", "p": 62.0, "s": 187.0, "year": 2011, "partner": 79}, {"g": "f", "item": "Paper+-Board Ex Newsprnt", "p": 1.0, "s": 1.0, "year": 2012, "partner": 79}, {"g": "f", "item": "Paper+-Board Ex Newsprnt", "p": 13.0, "s": 31.0, "year": 2014, "partner": 79}, {"g": "f", "item": "Wood Pulp", "p": 1.0, "s": 1.0, "year": 2014, "partner": 79}, {"g": "f", "item": "Paper+-Board Ex Newsprnt", "p": 26.0, "s": 16.0, "year": 2001, "partner": 210}, {"g": "f", "item": "Paper+-Board Ex Newsprnt", "p": 5.0, "s": 5.0, "year": 2002, "partner": 210}, {"g": "f", "item": "Paper+-Board Ex Newsprnt", "p": 5.0, "s": 6.0, "year": 2003, "partner": 210}, {"g": "f", "item": "Paper+-Board Ex Newsprnt", "p": 5.0, "s": 8.0, "year": 2004, "partner": 210}, {"g": "f", "item": "Paper+-Board Ex Newsprnt", "p": 5.0, "s": 8.0, "year": 2005, "partner": 210}, {"g": "f", "item": "Wood Pulp", "p": 24.0, "s": 29.0, "year": 2007, "partner": 210}, {"g": "f", "item": "Paper+-Board Ex Newsprnt", "p": 20.0, "s": 30.0, "year": 2008, "partner": 210}, {"g": "f", "item": "Paper+-Board Ex Newsprnt", "p": 13.0, "s": 13.0, "year": 2012, "partner": 210}, {"g": "f", "item": "Paper+-Board Ex Newsprnt", "p": 3.0, "s": 9.0, "year": 2008, "partner": 211}, {"g": "f", "item": "Plywood", "p": 11.0, "s": 19.0, "year": 2009, "partner": 211}, {"g": "f", "item": "Plywood", "p": 16.0, "s": 8.0, "year": 2010, "partner": 211}, {"g": "f", "item": "Paper+-Board Ex Newsprnt", "p": 4.0, "s": 10.0, "year": 2012, "partner": 211}, {"g": "f", "item": "Particle Board", "p": 1.0, "s": 2.0, "year": 2012, "partner": 211}, {"g": "f", "item": "Chips and Particles", "p": 1.0, "s": 0.0, "year": 2005, "partner": 215}, {"g": "f", "item": "Particle Board", "p": 2.0, "s": 1.0, "year": 2005, "partner": 215}, {"g": "f", "item": "Paper+-Board Ex Newsprnt", "p": 2.0, "s": 0.0, "year": 2006, "partner": 215}, {"g": "f", "item": "Particle Board", "p": 6.0, "s": 4.0, "year": 2006, "partner": 215}, {"g": "f", "item": "Fibreboard", "p": 2.0, "s": 0.0, "year": 2006, "partner": 215}, {"g": "f", "item": "Paper+-Board Ex Newsprnt", "p": 32.0, "s": 62.0, "year": 2007, "partner": 215}, {"g": "f", "item": "Fibreboard", "p": 20.0, "s": 17.0, "year": 2007, "partner": 215}, {"g": "f", "item": "Paper+-Board Ex Newsprnt", "p": 26.0, "s": 17.0, "year": 2008, "partner": 215}, {"g": "f", "item": "Plywood", "p": 26.0, "s": 31.0, "year": 2008, "partner": 215}, {"g": "f", "item": "Paper+-Board Ex Newsprnt", "p": 16282.0, "s": 4231.0, "year": 2009, "partner": 215}, {"g": "f", "item": "Ind Rwd Wir (NC) Other", "p": 10.0, "s": 10.0, "year": 2009, "partner": 215}, {"g": "f", "item": "Plywood", "p": 25.0, "s": 3.0, "year": 2009, "partner": 215}, {"g": "f", "item": "Particle Board", "p": 2.0, "s": 1.0, "year": 2010, "partner": 215}, {"g": "f", "item": "Paper+-Board Ex Newsprnt", "p": 42.0, "s": 34.0, "year": 2012, "partner": 215}, {"g": "f", "item": "Veneer Sheets", "p": 3.0, "s": 3.0, "year": 2012, "partner": 215}, {"g": "f", "item": "Newsprint", "p": 25.0, "s": 6.0, "year": 2012, "partner": 215}, {"g": "f", "item": "Plywood", "p": 5.0, "s": 3.0, "year": 2012, "partner": 215}, {"g": "f", "item": "Paper+-Board Ex Newsprnt", "p": 300.0, "s": 228.0, "year": 2013, "partner": 215}, {"g": "f", "item": "Paper+-Board Ex Newsprnt", "p": 1.0, "s": 2.0, "year": 2014, "partner": 215}, {"g": "f", "item": "Plywood", "p": 25.0, "s": 24.0, "year": 2014, "partner": 215}, {"g": "f", "item": "Fibreboard", "p": 23.0, "s": 4.0, "year": 1999, "partner": 216}, {"g": "f", "item": "Paper+-Board Ex Newsprnt", "p": 47.0, "s": 38.0, "year": 2004, "partner": 216}, {"g": "f", "item": "Paper+-Board Ex Newsprnt", "p": 144.0, "s": 109.0, "year": 2005, "partner": 216}, {"g": "f", "item": "Paper+-Board Ex Newsprnt", "p": 36.0, "s": 28.0, "year": 2006, "partner": 216}, {"g": "f", "item": "Paper+-Board Ex Newsprnt", "p": 185.0, "s": 170.0, "year": 2007, "partner": 216}, {"g": "f", "item": "Particle Board", "p": 2.0, "s": 2.0, "year": 2007, "partner": 216}, {"g": "f", "item": "Paper+-Board Ex Newsprnt", "p": 265.0, "s": 255.0, "year": 2008, "partner": 216}, {"g": "f", "item": "Paper+-Board Ex Newsprnt", "p": 98.0, "s": 96.0, "year": 2009, "partner": 216}, {"g": "f", "item": "Paper+-Board Ex Newsprnt", "p": 286.0, "s": 404.0, "year": 2010, "partner": 216}, {"g": "f", "item": "Newsprint", "p": 15.0, "s": 4.0, "year": 2010, "partner": 216}, {"g": "f", "item": "Paper+-Board Ex Newsprnt", "p": 144.0, "s": 161.0, "year": 2011, "partner": 216}, {"g": "f", "item": "Paper+-Board Ex Newsprnt", "p": 1143.0, "s": 927.0, "year": 2012, "partner": 216}, {"g": "f", "item": "Paper+-Board Ex Newsprnt", "p": 469.0, "s": 491.0, "year": 2013, "partner": 216}, {"g": "f", "item": "Paper+-Board Ex Newsprnt", "p": 181.0, "s": 187.0, "year": 2014, "partner": 216}, {"g": "f", "item": "Paper+-Board Ex Newsprnt", "p": 13.0, "s": 13.0, "year": 2012, "partner": 222}, {"g": "f", "item": "Plywood", "p": 17.0, "s": 6.0, "year": 2002, "partner": 351}, {"g": "f", "item": "Fibreboard", "p": 71.0, "s": 8.0, "year": 2003, "partner": 351}, {"g": "f", "item": "Paper+-Board Ex Newsprnt", "p": 24.0, "s": 33.0, "year": 2004, "partner": 351}, {"g": "f", "item": "Fibreboard", "p": 117.0, "s": 15.0, "year": 2004, "partner": 351}, {"g": "f", "item": "Paper+-Board Ex Newsprnt", "p": 13.0, "s": 18.0, "year": 2005, "partner": 351}, {"g": "f", "item": "Plywood", "p": 115.0, "s": 38.0, "year": 2005, "partner": 351}, {"g": "f", "item": "Fibreboard", "p": 155.0, "s": 8.0, "year": 2005, "partner": 351}, {"g": "f", "item": "Plywood", "p": 67.0, "s": 22.0, "year": 2006, "partner": 351}, {"g": "f", "item": "Paper+-Board Ex Newsprnt", "p": 133.0, "s": 80.0, "year": 2007, "partner": 351}, {"g": "f", "item": "Veneer Sheets", "p": 21.0, "s": 24.0, "year": 2007, "partner": 351}, {"g": "f", "item": "Plywood", "p": 141.0, "s": 131.0, "year": 2007, "partner": 351}, {"g": "f", "item": "Fibreboard", "p": 8.0, "s": 5.0, "year": 2007, "partner": 351}, {"g": "f", "item": "Paper+-Board Ex Newsprnt", "p": 159.0, "s": 91.0, "year": 2008, "partner": 351}, {"g": "f", "item": "Plywood", "p": 341.0, "s": 353.0, "year": 2008, "partner": 351}, {"g": "f", "item": "Fibreboard", "p": 49.0, "s": 35.0, "year": 2008, "partner": 351}, {"g": "f", "item": "Fibreboard", "p": 3.0, "s": 2.0, "year": 2009, "partner": 351}, {"g": "f", "item": "Veneer Sheets", "p": 4.0, "s": 1.0, "year": 2009, "partner": 351}, {"g": "f", "item": "Particle Board", "p": 65.0, "s": 27.0, "year": 2009, "partner": 351}, {"g": "f", "item": "Plywood", "p": 289.0, "s": 219.0, "year": 2009, "partner": 351}, {"g": "f", "item": "Paper+-Board Ex Newsprnt", "p": 183.0, "s": 123.0, "year": 2009, "partner": 351}, {"g": "f", "item": "Chips and Particles", "p": 7.0, "s": 11.0, "year": 2010, "partner": 351}, {"g": "f", "item": "Fibreboard", "p": 112.0, "s": 127.0, "year": 2010, "partner": 351}, {"g": "f", "item": "Veneer Sheets", "p": 23.0, "s": 19.0, "year": 2010, "partner": 351}, {"g": "f", "item": "Particle Board", "p": 88.0, "s": 84.0, "year": 2010, "partner": 351}, {"g": "f", "item": "Newsprint", "p": 10.0, "s": 8.0, "year": 2010, "partner": 351}, {"g": "f", "item": "Plywood", "p": 568.0, "s": 747.0, "year": 2010, "partner": 351}, {"g": "f", "item": "Paper+-Board Ex Newsprnt", "p": 327.0, "s": 280.0, "year": 2010, "partner": 351}, {"g": "f", "item": "Ind Rwd Wir (NC) Tropica", "p": 1.0, "s": 0.0, "year": 2012, "partner": 351}, {"g": "f", "item": "Fibreboard", "p": 29.0, "s": 11.0, "year": 2012, "partner": 351}, {"g": "f", "item": "Particle Board", "p": 55.0, "s": 65.0, "year": 2012, "partner": 351}, {"g": "f", "item": "Newsprint", "p": 15.0, "s": 4.0, "year": 2012, "partner": 351}, {"g": "f", "item": "Sawnwood (NC)", "p": 27.0, "s": 34.0, "year": 2012, "partner": 351}, {"g": "f", "item": "Plywood", "p": 234.0, "s": 171.0, "year": 2012, "partner": 351}, {"g": "f", "item": "Paper+-Board Ex Newsprnt", "p": 78.0, "s": 94.0, "year": 2012, "partner": 351}, {"g": "f", "item": "Plywood", "p": 27.0, "s": 26.0, "year": 2013, "partner": 351}, {"g": "f", "item": "Fibreboard", "p": 1.0, "s": 1.0, "year": 2013, "partner": 351}, {"g": "f", "item": "Paper+-Board Ex Newsprnt", "p": 78.0, "s": 85.0, "year": 2014, "partner": 351}, {"g": "f", "item": "Newsprint", "p": 50.0, "s": 29.0, "year": 2014, "partner": 351}, {"g": "f", "item": "Plywood", "p": 203.0, "s": 169.0, "year": 2014, "partner": 351}, {"g": "f", "item": "Fibreboard", "p": 322.0, "s": 125.0, "year": 2014, "partner": 351}, {"g": "f", "item": "Paper+-Board Ex Newsprnt", "p": 2.0, "s": 2.0, "year": 2005, "partner": 97}, {"g": "f", "item": "Particle Board", "p": 47.0, "s": 14.0, "year": 2006, "partner": 97}, {"g": "f", "item": "Fibreboard", "p": 22.0, "s": 7.0, "year": 2006, "partner": 97}, {"g": "f", "item": "Paper+-Board Ex Newsprnt", "p": 110.0, "s": 99.0, "year": 2004, "partner": 226}, {"g": "f", "item": "Newsprint", "p": 1.0, "s": 4.0, "year": 2004, "partner": 226}, {"g": "f", "item": "Paper+-Board Ex Newsprnt", "p": 168.0, "s": 209.0, "year": 2005, "partner": 226}, {"g": "f", "item": "Newsprint", "p": 10.0, "s": 22.0, "year": 2005, "partner": 226}, {"g": "f", "item": "Plywood", "p": 170.0, "s": 103.0, "year": 2005, "partner": 226}, {"g": "f", "item": "Paper+-Board Ex Newsprnt", "p": 55.0, "s": 39.0, "year": 2006, "partner": 226}, {"g": "f", "item": "Plywood", "p": 185.0, "s": 102.0, "year": 2006, "partner": 226}, {"g": "f", "item": "Paper+-Board Ex Newsprnt", "p": 29.0, "s": 16.0, "year": 2007, "partner": 226}, {"g": "f", "item": "Newsprint", "p": 19.0, "s": 34.0, "year": 2007, "partner": 226}, {"g": "f", "item": "Plywood", "p": 242.0, "s": 278.0, "year": 2007, "partner": 226}, {"g": "f", "item": "Veneer Sheets", "p": 3.0, "s": 4.0, "year": 2008, "partner": 226}, {"g": "f", "item": "Sawnwood (C)", "p": 2.0, "s": 1.0, "year": 2008, "partner": 226}, {"g": "f", "item": "Newsprint", "p": 4.0, "s": 1.0, "year": 2008, "partner": 226}, {"g": "f", "item": "Ind Rwd Wir (C)", "p": 43.0, "s": 3.0, "year": 2008, "partner": 226}, {"g": "f", "item": "Paper+-Board Ex Newsprnt", "p": 38.0, "s": 35.0, "year": 2008, "partner": 226}, {"g": "f", "item": "Plywood", "p": 1.0, "s": 3.0, "year": 2008, "partner": 226}, {"g": "f", "item": "Fibreboard", "p": 36.0, "s": 22.0, "year": 2009, "partner": 226}, {"g": "f", "item": "Ind Rwd Wir (NC) Other", "p": 34.0, "s": 64.0, "year": 2009, "partner": 226}, {"g": "f", "item": "Newsprint", "p": 1.0, "s": 2.0, "year": 2009, "partner": 226}, {"g": "f", "item": "Sawnwood (NC)", "p": 88.0, "s": 20.0, "year": 2009, "partner": 226}, {"g": "f", "item": "Plywood", "p": 496.0, "s": 177.0, "year": 2009, "partner": 226}, {"g": "f", "item": "Paper+-Board Ex Newsprnt", "p": 58305.0, "s": 16241.0, "year": 2009, "partner": 226}, {"g": "f", "item": "Ind Rwd Wir (NC) Tropica", "p": 1.0, "s": 6.0, "year": 2010, "partner": 226}, {"g": "f", "item": "Paper+-Board Ex Newsprnt", "p": 33.0, "s": 45.0, "year": 2010, "partner": 226}, {"g": "f", "item": "Plywood", "p": 365.0, "s": 655.0, "year": 2010, "partner": 226}, {"g": "f", "item": "Fibreboard", "p": 218.0, "s": 374.0, "year": 2010, "partner": 226}, {"g": "f", "item": "Paper+-Board Ex Newsprnt", "p": 91.0, "s": 155.0, "year": 2011, "partner": 226}, {"g": "f", "item": "Sawnwood (NC)", "p": 56.0, "s": 141.0, "year": 2011, "partner": 226}, {"g": "f", "item": "Plywood", "p": 542.0, "s": 492.0, "year": 2011, "partner": 226}, {"g": "f", "item": "Paper+-Board Ex Newsprnt", "p": 66.0, "s": 47.0, "year": 2012, "partner": 226}, {"g": "f", "item": "Newsprint", "p": 4.0, "s": 5.0, "year": 2012, "partner": 226}, {"g": "f", "item": "Plywood", "p": 269.0, "s": 226.0, "year": 2012, "partner": 226}, {"g": "f", "item": "Paper+-Board Ex Newsprnt", "p": 148.0, "s": 157.0, "year": 2013, "partner": 226}, {"g": "f", "item": "Newsprint", "p": 4.0, "s": 3.0, "year": 2013, "partner": 226}, {"g": "f", "item": "Plywood", "p": 299.0, "s": 272.0, "year": 2013, "partner": 226}, {"g": "f", "item": "Paper+-Board Ex Newsprnt", "p": 62.0, "s": 52.0, "year": 2014, "partner": 226}, {"g": "f", "item": "Veneer Sheets", "p": 80.0, "s": 53.0, "year": 2014, "partner": 226}, {"g": "f", "item": "Newsprint", "p": 1.0, "s": 0.0, "year": 2014, "partner": 226}, {"g": "f", "item": "Plywood", "p": 125.0, "s": 112.0, "year": 2014, "partner": 226}, {"g": "f", "item": "Paper+-Board Ex Newsprnt", "p": 1.0, "s": 7.0, "year": 1997, "partner": 229}, {"g": "f", "item": "Paper+-Board Ex Newsprnt", "p": 4.0, "s": 3.0, "year": 1998, "partner": 229}, {"g": "f", "item": "Paper+-Board Ex Newsprnt", "p": 1698.0, "s": 1245.0, "year": 1999, "partner": 229}, {"g": "f", "item": "Paper+-Board Ex Newsprnt", "p": 15.0, "s": 44.0, "year": 2000, "partner": 229}, {"g": "f", "item": "Paper+-Board Ex Newsprnt", "p": 63.0, "s": 99.0, "year": 2004, "partner": 229}, {"g": "f", "item": "Paper+-Board Ex Newsprnt", "p": 2.0, "s": 7.0, "year": 2005, "partner": 229}, {"g": "f", "item": "Veneer Sheets", "p": 26.0, "s": 17.0, "year": 2003, "partner": 100}, {"g": "f", "item": "Paper+-Board Ex Newsprnt", "p": 30.0, "s": 41.0, "year": 2003, "partner": 100}, {"g": "f", "item": "Paper+-Board Ex Newsprnt", "p": 74.0, "s": 70.0, "year": 2004, "partner": 100}, {"g": "f", "item": "Fibreboard", "p": 23.0, "s": 6.0, "year": 2004, "partner": 100}, {"g": "f", "item": "Paper+-Board Ex Newsprnt", "p": 86.0, "s": 128.0, "year": 2008, "partner": 100}, {"g": "f", "item": "Plywood", "p": 22.0, "s": 31.0, "year": 2008, "partner": 100}, {"g": "f", "item": "Paper+-Board Ex Newsprnt", "p": 40.0, "s": 43.0, "year": 2009, "partner": 100}, {"g": "f", "item": "Paper+-Board Ex Newsprnt", "p": 34.0, "s": 61.0, "year": 2010, "partner": 100}, {"g": "f", "item": "Plywood", "p": 20.0, "s": 43.0, "year": 2010, "partner": 100}, {"g": "f", "item": "Paper+-Board Ex Newsprnt", "p": 20.0, "s": 18.0, "year": 2011, "partner": 100}, {"g": "f", "item": "Paper+-Board Ex Newsprnt", "p": 80.0, "s": 67.0, "year": 2012, "partner": 100}, {"g": "f", "item": "Newsprint", "p": 25.0, "s": 8.0, "year": 2012, "partner": 100}, {"g": "f", "item": "Plywood", "p": 79.0, "s": 69.0, "year": 2012, "partner": 100}, {"g": "f", "item": "Paper+-Board Ex Newsprnt", "p": 30.0, "s": 28.0, "year": 2013, "partner": 100}, {"g": "f", "item": "Paper+-Board Ex Newsprnt", "p": 241.0, "s": 224.0, "year": 2014, "partner": 100}, {"g": "f", "item": "Plywood", "p": 26.0, "s": 23.0, "year": 2014, "partner": 100}, {"g": "f", "item": "Paper+-Board Ex Newsprnt", "p": 37.0, "s": 29.0, "year": 2003, "partner": 101}, {"g": "f", "item": "Paper+-Board Ex Newsprnt", "p": 38.0, "s": 39.0, "year": 2004, "partner": 101}, {"g": "f", "item": "Paper+-Board Ex Newsprnt", "p": 35.0, "s": 39.0, "year": 2007, "partner": 101}, {"g": "f", "item": "Paper+-Board Ex Newsprnt", "p": 140.0, "s": 161.0, "year": 2008, "partner": 101}, {"g": "f", "item": "Paper+-Board Ex Newsprnt", "p": 105.0, "s": 65.0, "year": 2009, "partner": 101}, {"g": "f", "item": "Paper+-Board Ex Newsprnt", "p": 44.0, "s": 36.0, "year": 2010, "partner": 101}, {"g": "f", "item": "Paper+-Board Ex Newsprnt", "p": 20.0, "s": 13.0, "year": 2012, "partner": 101}, {"g": "f", "item": "Paper+-Board Ex Newsprnt", "p": 18.0, "s": 125.0, "year": 2012, "partner": 230}, {"g": "f", "item": "Paper+-Board Ex Newsprnt", "p": 27.0, "s": 23.0, "year": 2009, "partner": 223}, {"g": "f", "item": "Ind Rwd Wir (C)", "p": 58.0, "s": 4.0, "year": 2009, "partner": 223}, {"g": "f", "item": "Ind Rwd Wir (C)", "p": 94.0, "s": 6.0, "year": 2010, "partner": 223}, {"g": "f", "item": "Paper+-Board Ex Newsprnt", "p": 3.0, "s": 3.0, "year": 2011, "partner": 223}, {"g": "f", "item": "Paper+-Board Ex Newsprnt", "p": 50.0, "s": 39.0, "year": 2014, "partner": 223}, {"g": "f", "item": "Paper+-Board Ex Newsprnt", "p": 15.0, "s": 49.0, "year": 1997, "partner": 106}, {"g": "f", "item": "Paper+-Board Ex Newsprnt", "p": 25.0, "s": 22.0, "year": 1998, "partner": 106}, {"g": "f", "item": "Paper+-Board Ex Newsprnt", "p": 6.0, "s": 9.0, "year": 1999, "partner": 106}, {"g": "f", "item": "Paper+-Board Ex Newsprnt", "p": 56.0, "s": 93.0, "year": 2000, "partner": 106}, {"g": "f", "item": "Fibreboard", "p": 28.0, "s": 2.0, "year": 2000, "partner": 106}, {"g": "f", "item": "Paper+-Board Ex Newsprnt", "p": 28.0, "s": 40.0, "year": 2001, "partner": 106}, {"g": "f", "item": "Paper+-Board Ex Newsprnt", "p": 33.0, "s": 22.0, "year": 2002, "partner": 106}, {"g": "f", "item": "Paper+-Board Ex Newsprnt", "p": 24.0, "s": 17.0, "year": 2003, "partner": 106}, {"g": "f", "item": "Paper+-Board Ex Newsprnt", "p": 13.0, "s": 11.0, "year": 2004, "partner": 106}, {"g": "f", "item": "Particle Board", "p": 21.0, "s": 4.0, "year": 2004, "partner": 106}, {"g": "f", "item": "Fibreboard", "p": 17.0, "s": 3.0, "year": 2004, "partner": 106}, {"g": "f", "item": "Fibreboard", "p": 14.0, "s": 4.0, "year": 2005, "partner": 106}, {"g": "f", "item": "Paper+-Board Ex Newsprnt", "p": 77.0, "s": 141.0, "year": 2006, "partner": 106}, {"g": "f", "item": "Plywood", "p": 2.0, "s": 2.0, "year": 2006, "partner": 106}, {"g": "f", "item": "Fibreboard", "p": 4.0, "s": 18.0, "year": 2006, "partner": 106}, {"g": "f", "item": "Paper+-Board Ex Newsprnt", "p": 26.0, "s": 47.0, "year": 2007, "partner": 106}, {"g": "f", "item": "Particle Board", "p": 2.0, "s": 1.0, "year": 2007, "partner": 106}, {"g": "f", "item": "Paper+-Board Ex Newsprnt", "p": 13.0, "s": 35.0, "year": 2008, "partner": 106}, {"g": "f", "item": "Particle Board", "p": 2.0, "s": 12.0, "year": 2009, "partner": 106}, {"g": "f", "item": "Plywood", "p": 2.0, "s": 4.0, "year": 2010, "partner": 106}, {"g": "f", "item": "Fibreboard", "p": 26.0, "s": 54.0, "year": 2010, "partner": 106}, {"g": "f", "item": "Paper+-Board Ex Newsprnt", "p": 6.0, "s": 3.0, "year": 2012, "partner": 106}, {"g": "f", "item": "Paper+-Board Ex Newsprnt", "p": 1.0, "s": 2.0, "year": 2013, "partner": 106}, {"g": "f", "item": "Paper+-Board Ex Newsprnt", "p": 2.0, "s": 5.0, "year": 2010, "partner": 231}, {"g": "f", "item": "Wood Pulp", "p": 23.0, "s": 31.0, "year": 2012, "partner": 231}, {"g": "f", "item": "Paper+-Board Ex Newsprnt", "p": 9.0, "s": 52.0, "year": 2006, "partner": 231}, {"g": "f", "item": "Paper+-Board Ex Newsprnt", "p": 2.0, "s": 7.0, "year": 2007, "partner": 231}, {"g": "f", "item": "Paper+-Board Ex Newsprnt", "p": 4.0, "s": 16.0, "year": 2014, "partner": 237}, {"g": "f", "item": "Ind Rwd Wir (NC) Other", "p": 490.0, "s": 342.0, "year": 2014, "partner": 237}, {"g": "f", "item": "Paper+-Board Ex Newsprnt", "p": 2.0, "s": 1.0, "year": 2009, "partner": 110}, {"g": "f", "item": "Particle Board", "p": 96.0, "s": 13.0, "year": 2000, "partner": 114}, {"g": "f", "item": "Plywood", "p": 247.0, "s": 64.0, "year": 2000, "partner": 114}, {"g": "f", "item": "Fibreboard", "p": 320.0, "s": 125.0, "year": 2000, "partner": 114}, {"g": "f", "item": "Particle Board", "p": 5.0, "s": 1.0, "year": 2002, "partner": 114}, {"g": "f", "item": "Plywood", "p": 90.0, "s": 129.0, "year": 2002, "partner": 114}, {"g": "f", "item": "Fibreboard", "p": 402.0, "s": 153.0, "year": 2002, "partner": 114}, {"g": "f", "item": "Paper+-Board Ex Newsprnt", "p": 1.0, "s": 3.0, "year": 2003, "partner": 114}, {"g": "f", "item": "Plywood", "p": 9.0, "s": 38.0, "year": 2003, "partner": 114}, {"g": "f", "item": "Fibreboard", "p": 121.0, "s": 48.0, "year": 2003, "partner": 114}, {"g": "f", "item": "Fibreboard", "p": 131.0, "s": 66.0, "year": 2004, "partner": 114}, {"g": "f", "item": "Particle Board", "p": 204.0, "s": 57.0, "year": 2004, "partner": 114}, {"g": "f", "item": "Newsprint", "p": 10.0, "s": 6.0, "year": 2004, "partner": 114}, {"g": "f", "item": "Ind Rwd Wir (C)", "p": 45.0, "s": 14.0, "year": 2004, "partner": 114}, {"g": "f", "item": "Paper+-Board Ex Newsprnt", "p": 240.0, "s": 45.0, "year": 2004, "partner": 114}, {"g": "f", "item": "Plywood", "p": 28.0, "s": 11.0, "year": 2004, "partner": 114}, {"g": "f", "item": "Fibreboard", "p": 462.0, "s": 316.0, "year": 2007, "partner": 114}, {"g": "f", "item": "Particle Board", "p": 120.0, "s": 79.0, "year": 2007, "partner": 114}, {"g": "f", "item": "Ind Rwd Wir (C)", "p": 1463.0, "s": 89.0, "year": 2007, "partner": 114}, {"g": "f", "item": "Paper+-Board Ex Newsprnt", "p": 82.0, "s": 93.0, "year": 2007, "partner": 114}, {"g": "f", "item": "Plywood", "p": 32.0, "s": 27.0, "year": 2007, "partner": 114}, {"g": "f", "item": "Fibreboard", "p": 590.0, "s": 383.0, "year": 2008, "partner": 114}, {"g": "f", "item": "Veneer Sheets", "p": 40.0, "s": 29.0, "year": 2008, "partner": 114}, {"g": "f", "item": "Particle Board", "p": 42.0, "s": 30.0, "year": 2008, "partner": 114}, {"g": "f", "item": "Newsprint", "p": 31.0, "s": 23.0, "year": 2008, "partner": 114}, {"g": "f", "item": "Plywood", "p": 114.0, "s": 42.0, "year": 2008, "partner": 114}, {"g": "f", "item": "Paper+-Board Ex Newsprnt", "p": 94.0, "s": 180.0, "year": 2008, "partner": 114}, {"g": "f", "item": "Fibreboard", "p": 168.0, "s": 106.0, "year": 2009, "partner": 114}, {"g": "f", "item": "Ind Rwd Wir (NC) Other", "p": 201.0, "s": 0.0, "year": 2009, "partner": 114}, {"g": "f", "item": "Particle Board", "p": 59.0, "s": 27.0, "year": 2009, "partner": 114}, {"g": "f", "item": "Sawnwood (NC)", "p": 8.0, "s": 3.0, "year": 2009, "partner": 114}, {"g": "f", "item": "Plywood", "p": 55.0, "s": 52.0, "year": 2009, "partner": 114}, {"g": "f", "item": "Paper+-Board Ex Newsprnt", "p": 241.0, "s": 227.0, "year": 2009, "partner": 114}, {"g": "f", "item": "Fibreboard", "p": 1353.0, "s": 742.0, "year": 2010, "partner": 114}, {"g": "f", "item": "Veneer Sheets", "p": 10.0, "s": 14.0, "year": 2010, "partner": 114}, {"g": "f", "item": "Particle Board", "p": 39.0, "s": 32.0, "year": 2010, "partner": 114}, {"g": "f", "item": "Newsprint", "p": 6.0, "s": 8.0, "year": 2010, "partner": 114}, {"g": "f", "item": "Plywood", "p": 204.0, "s": 183.0, "year": 2010, "partner": 114}, {"g": "f", "item": "Paper+-Board Ex Newsprnt", "p": 210.0, "s": 378.0, "year": 2010, "partner": 114}, {"g": "f", "item": "Paper+-Board Ex Newsprnt", "p": 178.0, "s": 180.0, "year": 2012, "partner": 114}, {"g": "f", "item": "Newsprint", "p": 4.0, "s": 3.0, "year": 2012, "partner": 114}, {"g": "f", "item": "Plywood", "p": 80.0, "s": 41.0, "year": 2012, "partner": 114}, {"g": "f", "item": "Paper+-Board Ex Newsprnt", "p": 47.0, "s": 59.0, "year": 2014, "partner": 114}, {"g": "f", "item": "Fibreboard", "p": 803.0, "s": 381.0, "year": 2014, "partner": 114}, {"g": "f", "item": "Paper+-Board Ex Newsprnt", "p": 20.0, "s": 26.0, "year": 2008, "partner": 117}, {"g": "f", "item": "Sawnwood (NC)", "p": 20.0, "s": 2.0, "year": 2007, "partner": 250}, {"g": "f", "item": "Paper+-Board Ex Newsprnt", "p": 3.0, "s": 6.0, "year": 2008, "partner": 250}, {"g": "f", "item": "Sawnwood (C)", "p": 8.0, "s": 1.0, "year": 2009, "partner": 250}, {"g": "f", "item": "Sawnwood (NC)", "p": 46.0, "s": 3.0, "year": 2009, "partner": 250}, {"g": "f", "item": "Sawnwood (C)", "p": 11.0, "s": 4.0, "year": 2010, "partner": 250}, {"g": "f", "item": "Sawnwood (NC)", "p": 27.0, "s": 9.0, "year": 2010, "partner": 250}, {"g": "f", "item": "Sawnwood (NC)", "p": 100.0, "s": 11.0, "year": 2012, "partner": 250}, {"g": "f", "item": "Ind Rwd Wir (C)", "p": 3.0, "s": 0.0, "year": 2012, "partner": 250}, {"g": "f", "item": "Sawnwood (NC)", "p": 137.0, "s": 16.0, "year": 2014, "partner": 250}, {"g": "f", "item": "Paper+-Board Ex Newsprnt", "p": 3.0, "s": 1.0, "year": 2014, "partner": 250}, {"g": "f", "item": "Newsprint", "p": 9.0, "s": 5.0, "year": 2014, "partner": 250}, {"g": "f", "item": "Paper+-Board Ex Newsprnt", "p": 20.0, "s": 24.0, "year": 2004, "partner": 251}, {"g": "f", "item": "Paper+-Board Ex Newsprnt", "p": 36.0, "s": 43.0, "year": 2007, "partner": 251}, {"g": "f", "item": "Paper+-Board Ex Newsprnt", "p": 23.0, "s": 28.0, "year": 2008, "partner": 251}, {"g": "f", "item": "Paper+-Board Ex Newsprnt", "p": 24803.0, "s": 6506.0, "year": 2009, "partner": 251}, {"g": "f", "item": "Paper+-Board Ex Newsprnt", "p": 54.0, "s": 173.0, "year": 2010, "partner": 251}, {"g": "f", "item": "Paper+-Board Ex Newsprnt", "p": 36.0, "s": 54.0, "year": 2014, "partner": 251}, {"g": "f", "item": "Paper+-Board Ex Newsprnt", "p": 391.0, "s": 612.0, "year": 2000, "partner": 252}, {"g": "f", "item": "Fibreboard", "p": 212.0, "s": 15.0, "year": 2000, "partner": 252}, {"g": "f", "item": "Paper+-Board Ex Newsprnt", "p": 250.0, "s": 230.0, "year": 2001, "partner": 252}, {"g": "f", "item": "Newsprint", "p": 5.0, "s": 4.0, "year": 2001, "partner": 252}, {"g": "f", "item": "Fibreboard", "p": 7.0, "s": 0.0, "year": 2004, "partner": 252}, {"g": "f", "item": "Veneer Sheets", "p": 5.0, "s": 0.0, "year": 2004, "partner": 252}, {"g": "f", "item": "Particle Board", "p": 2.0, "s": 1.0, "year": 2004, "partner": 252}, {"g": "f", "item": "Sawnwood (NC)", "p": 1.0, "s": 0.0, "year": 2004, "partner": 252}, {"g": "f", "item": "Plywood", "p": 7.0, "s": 0.0, "year": 2004, "partner": 252}, {"g": "f", "item": "Paper+-Board Ex Newsprnt", "p": 16.0, "s": 7.0, "year": 2004, "partner": 252}, {"g": "f", "item": "Paper+-Board Ex Newsprnt", "p": 0.0, "s": 0.0, "year": 1997, "partner": 254}, {"g": "f", "item": "Wood Pulp", "p": 0.0, "s": 0.0, "year": 1997, "partner": 254}, {"g": "f", "item": "Paper+-Board Ex Newsprnt", "p": -692.0, "s": -593.0, "year": 1998, "partner": 254}, {"g": "f", "item": "Newsprint", "p": 178.0, "s": 395.0, "year": 1998, "partner": 254}, {"g": "f", "item": "Wood Pulp", "p": 0.0, "s": 0.0, "year": 1999, "partner": 254}, {"g": "f", "item": "Fibreboard", "p": 0.0, "s": 0.0, "year": 1999, "partner": 254}, {"g": "f", "item": "Particle Board", "p": 0.0, "s": 0.0, "year": 1999, "partner": 254}, {"g": "f", "item": "Plywood", "p": 0.0, "s": 0.0, "year": 1999, "partner": 254}, {"g": "f", "item": "Paper+-Board Ex Newsprnt", "p": -733.0, "s": 71.0, "year": 1999, "partner": 254}, {"g": "f", "item": "Wood Pulp", "p": 0.0, "s": 0.0, "year": 2000, "partner": 254}, {"g": "f", "item": "Fibreboard", "p": 0.0, "s": 0.0, "year": 2000, "partner": 254}, {"g": "f", "item": "Particle Board", "p": 0.0, "s": 0.0, "year": 2000, "partner": 254}, {"g": "f", "item": "Plywood", "p": 353.0, "s": 574.0, "year": 2000, "partner": 254}, {"g": "f", "item": "Paper+-Board Ex Newsprnt", "p": 593.0, "s": 1004.0, "year": 2000, "partner": 254}, {"g": "f", "item": "Paper+-Board Ex Newsprnt", "p": -128.0, "s": -116.0, "year": 2001, "partner": 254}, {"g": "f", "item": "Newsprint", "p": 0.0, "s": 0.0, "year": 2001, "partner": 254}, {"g": "f", "item": "Wood Pulp", "p": 0.0, "s": 0.0, "year": 2002, "partner": 254}, {"g": "f", "item": "Fibreboard", "p": 0.0, "s": 0.0, "year": 2002, "partner": 254}, {"g": "f", "item": "Particle Board", "p": 0.0, "s": 0.0, "year": 2002, "partner": 254}, {"g": "f", "item": "Newsprint", "p": 0.0, "s": 0.0, "year": 2002, "partner": 254}, {"g": "f", "item": "Plywood", "p": 493.0, "s": 504.0, "year": 2002, "partner": 254}, {"g": "f", "item": "Paper+-Board Ex Newsprnt", "p": -209.0, "s": 4.0, "year": 2002, "partner": 254}, {"g": "f", "item": "Wood Pulp", "p": 0.0, "s": 0.0, "year": 2003, "partner": 254}, {"g": "f", "item": "Fibreboard", "p": 0.0, "s": 0.0, "year": 2003, "partner": 254}, {"g": "f", "item": "Veneer Sheets", "p": 0.0, "s": 0.0, "year": 2003, "partner": 254}, {"g": "f", "item": "Particle Board", "p": 0.0, "s": 0.0, "year": 2003, "partner": 254}, {"g": "f", "item": "Newsprint", "p": 0.0, "s": 0.0, "year": 2003, "partner": 254}, {"g": "f", "item": "Plywood", "p": 0.0, "s": 24.0, "year": 2003, "partner": 254}, {"g": "f", "item": "Paper+-Board Ex Newsprnt", "p": 0.0, "s": 2.0, "year": 2003, "partner": 254}, {"g": "f", "item": "Wood Pulp", "p": 77.0, "s": 0.0, "year": 2004, "partner": 254}, {"g": "f", "item": "Fibreboard", "p": -8.0, "s": 1.0, "year": 2004, "partner": 254}, {"g": "f", "item": "Particle Board", "p": 167.0, "s": 1.0, "year": 2004, "partner": 254}, {"g": "f", "item": "Veneer Sheets", "p": -4.0, "s": 1.0, "year": 2004, "partner": 254}, {"g": "f", "item": "Newsprint", "p": 23.0, "s": 1.0, "year": 2004, "partner": 254}, {"g": "f", "item": "Sawnwood (NC)", "p": 0.0, "s": 0.0, "year": 2004, "partner": 254}, {"g": "f", "item": "Ind Rwd Wir (C)", "p": 189.0, "s": 0.0, "year": 2004, "partner": 254}, {"g": "f", "item": "Paper+-Board Ex Newsprnt", "p": 506.0, "s": 214.0, "year": 2004, "partner": 254}, {"g": "f", "item": "Plywood", "p": -10.0, "s": 0.0, "year": 2004, "partner": 254}, {"g": "f", "item": "Fibreboard", "p": 219.0, "s": 112.0, "year": 2005, "partner": 254}, {"g": "f", "item": "Particle Board", "p": 427.0, "s": 68.0, "year": 2005, "partner": 254}, {"g": "f", "item": "Newsprint", "p": -137.0, "s": -100.0, "year": 2005, "partner": 254}, {"g": "f", "item": "Plywood", "p": -249.0, "s": -128.0, "year": 2005, "partner": 254}, {"g": "f", "item": "Paper+-Board Ex Newsprnt", "p": 2026.0, "s": 1474.0, "year": 2005, "partner": 254}, {"g": "f", "item": "Fibreboard", "p": 318.0, "s": 82.0, "year": 2006, "partner": 254}, {"g": "f", "item": "Particle Board", "p": 377.0, "s": 53.0, "year": 2006, "partner": 254}, {"g": "f", "item": "Newsprint", "p": -64.0, "s": -50.0, "year": 2006, "partner": 254}, {"g": "f", "item": "Plywood", "p": -245.0, "s": -122.0, "year": 2006, "partner": 254}, {"g": "f", "item": "Paper+-Board Ex Newsprnt", "p": 2175.0, "s": 1223.0, "year": 2006, "partner": 254}, {"g": "f", "item": "Fibreboard", "p": 2.0, "s": 4.0, "year": 2007, "partner": 254}, {"g": "f", "item": "Veneer Sheets", "p": 1.0, "s": 1.0, "year": 2007, "partner": 254}, {"g": "f", "item": "Particle Board", "p": 0.0, "s": 1.0, "year": 2007, "partner": 254}, {"g": "f", "item": "Sawnwood (NC)", "p": 0.0, "s": 1.0, "year": 2007, "partner": 254}, {"g": "f", "item": "Plywood", "p": 1.0, "s": 0.0, "year": 2007, "partner": 254}, {"g": "f", "item": "Paper+-Board Ex Newsprnt", "p": 4.0, "s": 47.0, "year": 2007, "partner": 254}, {"g": "f", "item": "Wood Pulp", "p": 24.0, "s": 29.0, "year": 2008, "partner": 254}, {"g": "f", "item": "Fibreboard", "p": 12.0, "s": 15.0, "year": 2008, "partner": 254}, {"g": "f", "item": "Veneer Sheets", "p": 0.0, "s": 0.0, "year": 2008, "partner": 254}, {"g": "f", "item": "Particle Board", "p": 0.0, "s": 1.0, "year": 2008, "partner": 254}, {"g": "f", "item": "Sawnwood (C)", "p": 1.0, "s": 0.0, "year": 2008, "partner": 254}, {"g": "f", "item": "Newsprint", "p": 0.0, "s": 0.0, "year": 2008, "partner": 254}, {"g": "f", "item": "Ind Rwd Wir (C)", "p": 0.0, "s": 0.0, "year": 2008, "partner": 254}, {"g": "f", "item": "Paper+-Board Ex Newsprnt", "p": 5.0, "s": 102.0, "year": 2008, "partner": 254}, {"g": "f", "item": "Plywood", "p": 0.0, "s": 5.0, "year": 2008, "partner": 254}, {"g": "f", "item": "Fibreboard", "p": 0.0, "s": 1.0, "year": 2009, "partner": 254}, {"g": "f", "item": "Ind Rwd Wir (NC) Other", "p": 0.0, "s": 1.0, "year": 2009, "partner": 254}, {"g": "f", "item": "Veneer Sheets", "p": 0.0, "s": 0.0, "year": 2009, "partner": 254}, {"g": "f", "item": "Particle Board", "p": 1.0, "s": 2.0, "year": 2009, "partner": 254}, {"g": "f", "item": "Sawnwood (C)", "p": 0.0, "s": 0.0, "year": 2009, "partner": 254}, {"g": "f", "item": "Newsprint", "p": 0.0, "s": 1.0, "year": 2009, "partner": 254}, {"g": "f", "item": "Ind Rwd Wir (C)", "p": 0.0, "s": 0.0, "year": 2009, "partner": 254}, {"g": "f", "item": "Sawnwood (NC)", "p": 0.0, "s": 0.0, "year": 2009, "partner": 254}, {"g": "f", "item": "Paper+-Board Ex Newsprnt", "p": -98138.0, "s": -25459.0, "year": 2009, "partner": 254}, {"g": "f", "item": "Plywood", "p": 0.0, "s": 1.0, "year": 2009, "partner": 254}, {"g": "f", "item": "Chips and Particles", "p": 0.0, "s": 1.0, "year": 2010, "partner": 254}, {"g": "f", "item": "Ind Rwd Wir (NC) Tropica", "p": 0.0, "s": 0.0, "year": 2010, "partner": 254}, {"g": "f", "item": "Fibreboard", "p": 0.0, "s": 0.0, "year": 2010, "partner": 254}, {"g": "f", "item": "Veneer Sheets", "p": 0.0, "s": 0.0, "year": 2010, "partner": 254}, {"g": "f", "item": "Particle Board", "p": 0.0, "s": 1.0, "year": 2010, "partner": 254}, {"g": "f", "item": "Sawnwood (C)", "p": 0.0, "s": 0.0, "year": 2010, "partner": 254}, {"g": "f", "item": "Newsprint", "p": 0.0, "s": 1.0, "year": 2010, "partner": 254}, {"g": "f", "item": "Ind Rwd Wir (C)", "p": 0.0, "s": 0.0, "year": 2010, "partner": 254}, {"g": "f", "item": "Sawnwood (NC)", "p": 0.0, "s": 0.0, "year": 2010, "partner": 254}, {"g": "f", "item": "Paper+-Board Ex Newsprnt", "p": 2209.0, "s": 1077.0, "year": 2010, "partner": 254}, {"g": "f", "item": "Plywood", "p": 1.0, "s": 3.0, "year": 2010, "partner": 254}, {"g": "f", "item": "Particle Board", "p": 28.0, "s": 1.0, "year": 2011, "partner": 254}, {"g": "f", "item": "Sawnwood (C)", "p": 0.0, "s": 0.0, "year": 2011, "partner": 254}, {"g": "f", "item": "Sawnwood (NC)", "p": 1.0, "s": 3.0, "year": 2011, "partner": 254}, {"g": "f", "item": "Plywood", "p": 1.0, "s": 2.0, "year": 2011, "partner": 254}, {"g": "f", "item": "Paper+-Board Ex Newsprnt", "p": 2459.0, "s": 1312.0, "year": 2011, "partner": 254}, {"g": "f", "item": "Wood Pulp", "p": 24.0, "s": 30.0, "year": 2012, "partner": 254}, {"g": "f", "item": "Fibreboard", "p": 575.0, "s": 794.0, "year": 2012, "partner": 254}, {"g": "f", "item": "Particle Board", "p": 2.0, "s": 33.0, "year": 2012, "partner": 254}, {"g": "f", "item": "Veneer Sheets", "p": 2.0, "s": 62.0, "year": 2012, "partner": 254}, {"g": "f", "item": "Newsprint", "p": 0.0, "s": 2.0, "year": 2012, "partner": 254}, {"g": "f", "item": "Sawnwood (NC)", "p": 1.0, "s": 1.0, "year": 2012, "partner": 254}, {"g": "f", "item": "Paper+-Board Ex Newsprnt", "p": 2284.0, "s": 1130.0, "year": 2012, "partner": 254}, {"g": "f", "item": "Plywood", "p": 3.0, "s": 4.0, "year": 2012, "partner": 254}, {"g": "f", "item": "Paper+-Board Ex Newsprnt", "p": 8506.0, "s": 15383.0, "year": 2013, "partner": 254}, {"g": "f", "item": "Newsprint", "p": 248.0, "s": 133.0, "year": 2013, "partner": 254}, {"g": "f", "item": "Plywood", "p": 1658.0, "s": 1034.0, "year": 2013, "partner": 254}, {"g": "f", "item": "Fibreboard", "p": 1025.0, "s": 566.0, "year": 2013, "partner": 254}, {"g": "f", "item": "Wood Pulp", "p": 25.0, "s": 30.0, "year": 2014, "partner": 254}, {"g": "f", "item": "Fibreboard", "p": 1.0, "s": 1.0, "year": 2014, "partner": 254}, {"g": "f", "item": "Ind Rwd Wir (NC) Other", "p": 0.0, "s": 0.0, "year": 2014, "partner": 254}, {"g": "f", "item": "Veneer Sheets", "p": 1.0, "s": 19.0, "year": 2014, "partner": 254}, {"g": "f", "item": "Particle Board", "p": 1.0, "s": 2.0, "year": 2014, "partner": 254}, {"g": "f", "item": "Sawnwood (C)", "p": 1.0, "s": 0.0, "year": 2014, "partner": 254}, {"g": "f", "item": "Newsprint", "p": 0.0, "s": 1.0, "year": 2014, "partner": 254}, {"g": "f", "item": "Plywood", "p": 1.0, "s": 2.0, "year": 2014, "partner": 254}, {"g": "f", "item": "Sawnwood (NC)", "p": 1.0, "s": 0.0, "year": 2014, "partner": 254}, {"g": "f", "item": "Paper+-Board Ex Newsprnt", "p": 2275.0, "s": 1186.0, "year": 2014, "partner": 254}, {"g": "f", "item": "Paper+-Board Ex Newsprnt", "p": 211.0, "s": 222.0, "year": 2001, "partner": 255}, {"g": "f", "item": "Newsprint", "p": 5.0, "s": 4.0, "year": 2001, "partner": 255}, {"g": "f", "item": "Paper+-Board Ex Newsprnt", "p": 15.0, "s": 34.0, "year": 2002, "partner": 255}, {"g": "f", "item": "Newsprint", "p": 29.0, "s": 26.0, "year": 2002, "partner": 255}, {"g": "f", "item": "Wood Pulp", "p": 93.0, "s": 58.0, "year": 2002, "partner": 255}, {"g": "f", "item": "Paper+-Board Ex Newsprnt", "p": 90.0, "s": 123.0, "year": 2003, "partner": 255}, {"g": "f", "item": "Newsprint", "p": 17.0, "s": 19.0, "year": 2003, "partner": 255}, {"g": "f", "item": "Wood Pulp", "p": 46.0, "s": 33.0, "year": 2003, "partner": 255}, {"g": "f", "item": "Paper+-Board Ex Newsprnt", "p": 79.0, "s": 103.0, "year": 2004, "partner": 255}, {"g": "f", "item": "Newsprint", "p": 4.0, "s": 4.0, "year": 2004, "partner": 255}, {"g": "f", "item": "Particle Board", "p": 1.0, "s": 1.0, "year": 2004, "partner": 255}, {"g": "f", "item": "Wood Pulp", "p": 97.0, "s": 67.0, "year": 2004, "partner": 255}, {"g": "f", "item": "Paper+-Board Ex Newsprnt", "p": 7.0, "s": 29.0, "year": 2005, "partner": 255}, {"g": "f", "item": "Paper+-Board Ex Newsprnt", "p": 34.0, "s": 260.0, "year": 2006, "partner": 255}, {"g": "f", "item": "Paper+-Board Ex Newsprnt", "p": 32.0, "s": 114.0, "year": 2007, "partner": 255}, {"g": "f", "item": "Fibreboard", "p": 6.0, "s": 6.0, "year": 2007, "partner": 255}, {"g": "f", "item": "Wood Pulp", "p": 23.0, "s": 19.0, "year": 2007, "partner": 255}, {"g": "f", "item": "Paper+-Board Ex Newsprnt", "p": 154.0, "s": 360.0, "year": 2008, "partner": 255}, {"g": "f", "item": "Wood Pulp", "p": 47.0, "s": 74.0, "year": 2008, "partner": 255}, {"g": "f", "item": "Veneer Sheets", "p": 3.0, "s": 1.0, "year": 2009, "partner": 255}, {"g": "f", "item": "Paper+-Board Ex Newsprnt", "p": 19.0, "s": 26.0, "year": 2009, "partner": 255}, {"g": "f", "item": "Paper+-Board Ex Newsprnt", "p": 13.0, "s": 99.0, "year": 2010, "partner": 255}, {"g": "f", "item": "Paper+-Board Ex Newsprnt", "p": 127.0, "s": 73.0, "year": 2011, "partner": 255}, {"g": "f", "item": "Paper+-Board Ex Newsprnt", "p": 19.0, "s": 51.0, "year": 2012, "partner": 255}, {"g": "f", "item": "Plywood", "p": 11.0, "s": 1.0, "year": 2012, "partner": 255}, {"g": "f", "item": "Paper+-Board Ex Newsprnt", "p": 11.0, "s": 42.0, "year": 2013, "partner": 255}, {"g": "f", "item": "Paper+-Board Ex Newsprnt", "p": 361.0, "s": 333.0, "year": 2014, "partner": 255}, {"g": "f", "item": "Particle Board", "p": 4.0, "s": 2.0, "year": 2014, "partner": 255}]