[{"g": "m", "item": "Sawnwood (NC)", "p": 2.0, "s": 3.0, "year": 2009, "partner": 131}, {"g": "m", "item": "Ind Rwd Wir (NC) Other", "p": 4459.0, "s": 516.0, "year": 1999, "partner": 131}, {"g": "m", "item": "Sawnwood (NC)", "p": 20.0, "s": 20.0, "year": 2011, "partner": 10}, {"g": "m", "item": "Sawnwood (NC)", "p": 34.0, "s": 4.0, "year": 2000, "partner": 11}, {"g": "m", "item": "Sawnwood (C)", "p": 180.0, "s": 31.0, "year": 1997, "partner": 5009}, {"g": "m", "item": "Paper+-Board Ex Newsprnt", "p": 160.0, "s": 123.0, "year": 1997, "partner": 5009}, {"g": "m", "item": "Wood Pulp", "p": 23.0, "s": 9.0, "year": 1997, "partner": 5009}, {"g": "m", "item": "Paper+-Board Ex Newsprnt", "p": 143.0, "s": 92.0, "year": 1998, "partner": 5009}, {"g": "m", "item": "Newsprint", "p": 74.0, "s": 30.0, "year": 1999, "partner": 5009}, {"g": "m", "item": "Ind Rwd Wir (NC) Other", "p": 4459.0, "s": 516.0, "year": 1999, "partner": 5009}, {"g": "m", "item": "Paper+-Board Ex Newsprnt", "p": 149.0, "s": 100.0, "year": 2000, "partner": 5009}, {"g": "m", "item": "Sawnwood (NC)", "p": 34.0, "s": 4.0, "year": 2000, "partner": 5009}, {"g": "m", "item": "Chips and Particles", "p": 0.0, "s": 0.0, "year": 2001, "partner": 5009}, {"g": "m", "item": "Sawnwood (C)", "p": 180.0, "s": 31.0, "year": 2001, "partner": 5009}, {"g": "m", "item": "Paper+-Board Ex Newsprnt", "p": 143.0, "s": 92.0, "year": 2001, "partner": 5009}, {"g": "m", "item": "Sawnwood (NC)", "p": 34.0, "s": 4.0, "year": 2001, "partner": 5009}, {"g": "m", "item": "Paper+-Board Ex Newsprnt", "p": 149.0, "s": 94.0, "year": 2002, "partner": 5009}, {"g": "m", "item": "Wood Pulp", "p": 20.0, "s": 7.0, "year": 2002, "partner": 5009}, {"g": "m", "item": "Ind Rwd Wir (NC) Tropica", "p": 68.0, "s": 36.0, "year": 2003, "partner": 5009}, {"g": "m", "item": "Wood Pulp", "p": 73.0, "s": 44.0, "year": 2003, "partner": 5009}, {"g": "m", "item": "Ind Rwd Wir (NC) Other", "p": 3415.0, "s": 455.0, "year": 2003, "partner": 5009}, {"g": "m", "item": "Ind Rwd Wir (C)", "p": 195.0, "s": 10.0, "year": 2003, "partner": 5009}, {"g": "m", "item": "Paper+-Board Ex Newsprnt", "p": 45.0, "s": 26.0, "year": 2003, "partner": 5009}, {"g": "m", "item": "Sawnwood (C)", "p": 3.0, "s": 1.0, "year": 2004, "partner": 5009}, {"g": "m", "item": "Paper+-Board Ex Newsprnt", "p": 49.0, "s": 28.0, "year": 2004, "partner": 5009}, {"g": "m", "item": "Ind Rwd Wir (NC) Other", "p": 4724.0, "s": 279.0, "year": 2004, "partner": 5009}, {"g": "m", "item": "Ind Rwd Wir (C)", "p": 31.0, "s": 2.0, "year": 2004, "partner": 5009}, {"g": "m", "item": "Ind Rwd Wir (C)", "p": 31.0, "s": 2.0, "year": 2005, "partner": 5009}, {"g": "m", "item": "Ind Rwd Wir (C)", "p": 90.0, "s": 5.0, "year": 2007, "partner": 5009}, {"g": "m", "item": "Paper+-Board Ex Newsprnt", "p": 55.0, "s": 91.0, "year": 2008, "partner": 5009}, {"g": "m", "item": "Ind Rwd Wir (NC) Other", "p": 17.0, "s": 2.0, "year": 2008, "partner": 5009}, {"g": "m", "item": "Ind Rwd Wir (C)", "p": 124.0, "s": 7.0, "year": 2008, "partner": 5009}, {"g": "m", "item": "Sawnwood (NC)", "p": 2.0, "s": 3.0, "year": 2009, "partner": 5009}, {"g": "m", "item": "Ind Rwd Wir (C)", "p": 269.0, "s": 14.0, "year": 2010, "partner": 5009}, {"g": "m", "item": "Paper+-Board Ex Newsprnt", "p": 77.0, "s": 129.0, "year": 2011, "partner": 5009}, {"g": "m", "item": "Sawnwood (NC)", "p": 20.0, "s": 20.0, "year": 2011, "partner": 5009}, {"g": "m", "item": "Ind Rwd Wir (NC) Other", "p": 41.0, "s": 4.0, "year": 2011, "partner": 5009}, {"g": "m", "item": "Paper+-Board Ex Newsprnt", "p": 77.0, "s": 130.0, "year": 2012, "partner": 5009}, {"g": "m", "item": "Ind Rwd Wir (NC) Other", "p": 91.0, "s": 57.0, "year": 2012, "partner": 5009}, {"g": "m", "item": "Ind Rwd Wir (C)", "p": 269.0, "s": 14.0, "year": 2012, "partner": 5009}, {"g": "m", "item": "Ind Rwd Wir (NC) Other", "p": 122.0, "s": 21.0, "year": 2014, "partner": 5009}, {"g": "m", "item": "Paper+-Board Ex Newsprnt", "p": 23.0, "s": 31.0, "year": 2011, "partner": 156}, {"g": "m", "item": "Ind Rwd Wir (NC) Other", "p": 91.0, "s": 58.0, "year": 2012, "partner": 156}, {"g": "m", "item": "Paper+-Board Ex Newsprnt", "p": 13.0, "s": 67.0, "year": 2008, "partner": 159}, {"g": "m", "item": "Chips and Particles", "p": 39.0, "s": 4.0, "year": 2001, "partner": 179}, {"g": "m", "item": "Ind Rwd Wir (C)", "p": 78.0, "s": 4.0, "year": 2008, "partner": 179}, {"g": "m", "item": "Ind Rwd Wir (C)", "p": 269.0, "s": 14.0, "year": 2010, "partner": 179}, {"g": "m", "item": "Paper+-Board Ex Newsprnt", "p": 6.0, "s": 8.0, "year": 2000, "partner": 68}, {"g": "m", "item": "Paper+-Board Ex Newsprnt", "p": 3.0, "s": 14.0, "year": 2001, "partner": 68}, {"g": "m", "item": "Paper+-Board Ex Newsprnt", "p": 6.0, "s": 2.0, "year": 2002, "partner": 68}, {"g": "m", "item": "Paper+-Board Ex Newsprnt", "p": 25.0, "s": 12.0, "year": 2003, "partner": 68}, {"g": "m", "item": "Paper+-Board Ex Newsprnt", "p": 4.0, "s": 2.0, "year": 2004, "partner": 68}, {"g": "m", "item": "Paper+-Board Ex Newsprnt", "p": 24.0, "s": 19.0, "year": 2011, "partner": 68}, {"g": "m", "item": "Paper+-Board Ex Newsprnt", "p": 4.0, "s": 3.0, "year": 2012, "partner": 68}, {"g": "m", "item": "Sawnwood (C)", "p": 44.0, "s": 8.0, "year": 2001, "partner": 198}, {"g": "m", "item": "Sawnwood (NC)", "p": 1.0, "s": 1.0, "year": 2001, "partner": 199}, {"g": "m", "item": "Paper+-Board Ex Newsprnt", "p": 13.0, "s": 10.0, "year": 2003, "partner": 215}, {"g": "m", "item": "Newsprint", "p": 74.0, "s": 30.0, "year": 1999, "partner": 216}, {"g": "m", "item": "Paper+-Board Ex Newsprnt", "p": 7.0, "s": 4.0, "year": 1998, "partner": 351}, {"g": "m", "item": "Paper+-Board Ex Newsprnt", "p": 98.0, "s": 49.0, "year": 1997, "partner": 351}, {"g": "m", "item": "Ind Rwd Wir (NC) Other", "p": 122.0, "s": 21.0, "year": 2014, "partner": 351}, {"g": "m", "item": "Paper+-Board Ex Newsprnt", "p": 14.0, "s": 8.0, "year": 2001, "partner": 98}, {"g": "m", "item": "Ind Rwd Wir (NC) Tropica", "p": 68.0, "s": 36.0, "year": 2003, "partner": 100}, {"g": "m", "item": "Wood Pulp", "p": 8381.0, "s": 4725.0, "year": 2003, "partner": 100}, {"g": "m", "item": "Wood Pulp", "p": 20.0, "s": 7.0, "year": 2002, "partner": 231}, {"g": "m", "item": "Sawnwood (C)", "p": 181.0, "s": 31.0, "year": 1997, "partner": 231}, {"g": "m", "item": "Paper+-Board Ex Newsprnt", "p": 29.0, "s": 32.0, "year": 1997, "partner": 231}, {"g": "m", "item": "Paper+-Board Ex Newsprnt", "p": 9.0, "s": 6.0, "year": 1997, "partner": 106}, {"g": "m", "item": "Wood Pulp", "p": 23.0, "s": 9.0, "year": 1997, "partner": 106}, {"g": "m", "item": "Ind Rwd Wir (NC) Other", "p": 15.0, "s": 1.0, "year": 2003, "partner": 106}, {"g": "m", "item": "Ind Rwd Wir (C)", "p": 195.0, "s": 10.0, "year": 2003, "partner": 106}, {"g": "m", "item": "Ind Rwd Wir (C)", "p": 17.0, "s": 2.0, "year": 2004, "partner": 106}, {"g": "m", "item": "Ind Rwd Wir (C)", "p": 102.0, "s": 5.0, "year": 2005, "partner": 106}, {"g": "m", "item": "Ind Rwd Wir (C)", "p": 90.0, "s": 5.0, "year": 2007, "partner": 106}, {"g": "m", "item": "Ind Rwd Wir (NC) Other", "p": 17.0, "s": 2.0, "year": 2008, "partner": 106}, {"g": "m", "item": "Ind Rwd Wir (C)", "p": 46.0, "s": 2.0, "year": 2008, "partner": 106}, {"g": "m", "item": "Ind Rwd Wir (NC) Other", "p": 41.0, "s": 4.0, "year": 2011, "partner": 106}, {"g": "m", "item": "Ind Rwd Wir (C)", "p": 48.0, "s": 3.0, "year": 2012, "partner": 106}, {"g": "m", "item": "Sawnwood (C)", "p": 4.0, "s": 1.0, "year": 2004, "partner": 114}, {"g": "m", "item": "Ind Rwd Wir (NC) Other", "p": 3400.0, "s": 453.0, "year": 2003, "partner": 117}, {"g": "m", "item": "Ind Rwd Wir (NC) Other", "p": 1882.0, "s": 279.0, "year": 2004, "partner": 117}, {"g": "m", "item": "Sawnwood (C)", "p": -1.0, "s": 0.0, "year": 1997, "partner": 254}, {"g": "m", "item": "Paper+-Board Ex Newsprnt", "p": 24.0, "s": 35.0, "year": 1997, "partner": 254}, {"g": "m", "item": "Wood Pulp", "p": 0.0, "s": 0.0, "year": 1997, "partner": 254}, {"g": "m", "item": "Paper+-Board Ex Newsprnt", "p": 136.0, "s": 88.0, "year": 1998, "partner": 254}, {"g": "m", "item": "Newsprint", "p": 0.0, "s": 0.0, "year": 1999, "partner": 254}, {"g": "m", "item": "Ind Rwd Wir (NC) Other", "p": 0.0, "s": 0.0, "year": 1999, "partner": 254}, {"g": "m", "item": "Paper+-Board Ex Newsprnt", "p": 143.0, "s": 92.0, "year": 2000, "partner": 254}, {"g": "m", "item": "Sawnwood (NC)", "p": 0.0, "s": 0.0, "year": 2000, "partner": 254}, {"g": "m", "item": "Chips and Particles", "p": 0.0, "s": 0.0, "year": 2001, "partner": 254}, {"g": "m", "item": "Sawnwood (C)", "p": 136.0, "s": 23.0, "year": 2001, "partner": 254}, {"g": "m", "item": "Paper+-Board Ex Newsprnt", "p": 126.0, "s": 70.0, "year": 2001, "partner": 254}, {"g": "m", "item": "Sawnwood (NC)", "p": 33.0, "s": 3.0, "year": 2001, "partner": 254}, {"g": "m", "item": "Paper+-Board Ex Newsprnt", "p": 143.0, "s": 92.0, "year": 2002, "partner": 254}, {"g": "m", "item": "Wood Pulp", "p": 0.0, "s": 0.0, "year": 2002, "partner": 254}, {"g": "m", "item": "Ind Rwd Wir (NC) Tropica", "p": 0.0, "s": 0.0, "year": 2003, "partner": 254}, {"g": "m", "item": "Wood Pulp", "p": -8308.0, "s": -4681.0, "year": 2003, "partner": 254}, {"g": "m", "item": "Ind Rwd Wir (NC) Other", "p": 0.0, "s": 0.0, "year": 2003, "partner": 254}, {"g": "m", "item": "Ind Rwd Wir (C)", "p": 0.0, "s": 0.0, "year": 2003, "partner": 254}, {"g": "m", "item": "Paper+-Board Ex Newsprnt", "p": 7.0, "s": 3.0, "year": 2003, "partner": 254}, {"g": "m", "item": "Sawnwood (C)", "p": -1.0, "s": 0.0, "year": 2004, "partner": 254}, {"g": "m", "item": "Paper+-Board Ex Newsprnt", "p": 45.0, "s": 26.0, "year": 2004, "partner": 254}, {"g": "m", "item": "Ind Rwd Wir (NC) Other", "p": 2842.0, "s": 0.0, "year": 2004, "partner": 254}, {"g": "m", "item": "Ind Rwd Wir (C)", "p": 14.0, "s": 0.0, "year": 2004, "partner": 254}, {"g": "m", "item": "Ind Rwd Wir (C)", "p": -71.0, "s": -3.0, "year": 2005, "partner": 254}, {"g": "m", "item": "Paper+-Board Ex Newsprnt", "p": 42.0, "s": 24.0, "year": 2008, "partner": 254}, {"g": "m", "item": "Ind Rwd Wir (NC) Other", "p": 0.0, "s": 0.0, "year": 2008, "partner": 254}, {"g": "m", "item": "Ind Rwd Wir (C)", "p": 0.0, "s": 0.0, "year": 2008, "partner": 254}, {"g": "m", "item": "Sawnwood (NC)", "p": 0.0, "s": 0.0, "year": 2009, "partner": 254}, {"g": "m", "item": "Ind Rwd Wir (C)", "p": 0.0, "s": 0.0, "year": 2010, "partner": 254}, {"g": "m", "item": "Paper+-Board Ex Newsprnt", "p": 30.0, "s": 78.0, "year": 2011, "partner": 254}, {"g": "m", "item": "Sawnwood (NC)", "p": 0.0, "s": 0.0, "year": 2011, "partner": 254}, {"g": "m", "item": "Ind Rwd Wir (NC) Other", "p": 0.0, "s": 0.0, "year": 2011, "partner": 254}, {"g": "m", "item": "Paper+-Board Ex Newsprnt", "p": 73.0, "s": 127.0, "year": 2012, "partner": 254}, {"g": "m", "item": "Ind Rwd Wir (NC) Other", "p": 0.0, "s": -1.0, "year": 2012, "partner": 254}, {"g": "m", "item": "Ind Rwd Wir (C)", "p": 221.0, "s": 11.0, "year": 2012, "partner": 254}, {"g": "m", "item": "Ind Rwd Wir (NC) Other", "p": 0.0, "s": 0.0, "year": 2014, "partner": 254}, {"g": "f", "item": "Sawnwood (C)", "p": 84.0, "s": 5.0, "year": 2007, "partner": 130}, {"g": "f", "item": "Fibreboard", "p": 12.0, "s": 14.0, "year": 2008, "partner": 131}, {"g": "f", "item": "Fibreboard", "p": 84.0, "s": 13.0, "year": 2001, "partner": 131}, {"g": "f", "item": "Paper+-Board Ex Newsprnt", "p": 19.0, "s": 54.0, "year": 2005, "partner": 131}, {"g": "f", "item": "Paper+-Board Ex Newsprnt", "p": 20.0, "s": 22.0, "year": 2014, "partner": 131}, {"g": "f", "item": "Sawnwood (C)", "p": 808.0, "s": 110.0, "year": 1998, "partner": 11}, {"g": "f", "item": "Sawnwood (C)", "p": 33.0, "s": 6.0, "year": 1999, "partner": 11}, {"g": "f", "item": "Sawnwood (C)", "p": 13.0, "s": 1.0, "year": 2000, "partner": 11}, {"g": "f", "item": "Paper+-Board Ex Newsprnt", "p": 7.0, "s": 32.0, "year": 2001, "partner": 11}, {"g": "f", "item": "Sawnwood (C)", "p": 192.0, "s": 76.0, "year": 2004, "partner": 11}, {"g": "f", "item": "Sawnwood (C)", "p": 393.0, "s": 90.0, "year": 2005, "partner": 11}, {"g": "f", "item": "Sawnwood (C)", "p": 192.0, "s": 104.0, "year": 2008, "partner": 11}, {"g": "f", "item": "Sawnwood (C)", "p": 1342.0, "s": 763.0, "year": 2010, "partner": 11}, {"g": "f", "item": "Sawnwood (C)", "p": 917.0, "s": 323.0, "year": 2011, "partner": 11}, {"g": "f", "item": "Sawnwood (C)", "p": 480.0, "s": 306.0, "year": 2012, "partner": 11}, {"g": "f", "item": "Sawnwood (C)", "p": 836.0, "s": 587.0, "year": 2013, "partner": 11}, {"g": "f", "item": "Sawnwood (C)", "p": 840.0, "s": 523.0, "year": 2014, "partner": 11}, {"g": "f", "item": "Paper+-Board Ex Newsprnt", "p": 18.0, "s": 11.0, "year": 1997, "partner": 15}, {"g": "f", "item": "Sawnwood (C)", "p": 4.0, "s": 1.0, "year": 1997, "partner": 5009}, {"g": "f", "item": "Paper+-Board Ex Newsprnt", "p": 23.0, "s": 13.0, "year": 1997, "partner": 5009}, {"g": "f", "item": "Newsprint", "p": 198.0, "s": 36.0, "year": 1997, "partner": 5009}, {"g": "f", "item": "Fibreboard", "p": 118.0, "s": 26.0, "year": 1997, "partner": 5009}, {"g": "f", "item": "Ind Rwd Wir (NC) Tropica", "p": 173.0, "s": 15.0, "year": 1998, "partner": 5009}, {"g": "f", "item": "Sawnwood (C)", "p": 808.0, "s": 110.0, "year": 1998, "partner": 5009}, {"g": "f", "item": "Veneer Sheets", "p": 112.0, "s": 46.0, "year": 1998, "partner": 5009}, {"g": "f", "item": "Paper+-Board Ex Newsprnt", "p": 20.0, "s": 12.0, "year": 1998, "partner": 5009}, {"g": "f", "item": "Ind Rwd Wir (NC) Other", "p": 61.0, "s": 8.0, "year": 1999, "partner": 5009}, {"g": "f", "item": "Particle Board", "p": 23.0, "s": 5.0, "year": 1999, "partner": 5009}, {"g": "f", "item": "Sawnwood (C)", "p": 33.0, "s": 6.0, "year": 1999, "partner": 5009}, {"g": "f", "item": "Ind Rwd Wir (C)", "p": 713.0, "s": 64.0, "year": 1999, "partner": 5009}, {"g": "f", "item": "Paper+-Board Ex Newsprnt", "p": 499.0, "s": 365.0, "year": 1999, "partner": 5009}, {"g": "f", "item": "Fibreboard", "p": 119.0, "s": 26.0, "year": 2000, "partner": 5009}, {"g": "f", "item": "Veneer Sheets", "p": 159.0, "s": 46.0, "year": 2000, "partner": 5009}, {"g": "f", "item": "Particle Board", "p": 3.0, "s": 0.0, "year": 2000, "partner": 5009}, {"g": "f", "item": "Sawnwood (C)", "p": 13.0, "s": 1.0, "year": 2000, "partner": 5009}, {"g": "f", "item": "Sawnwood (NC)", "p": 40.0, "s": 2.0, "year": 2000, "partner": 5009}, {"g": "f", "item": "Plywood", "p": 523.0, "s": 107.0, "year": 2000, "partner": 5009}, {"g": "f", "item": "Paper+-Board Ex Newsprnt", "p": 2317.0, "s": 1409.0, "year": 2000, "partner": 5009}, {"g": "f", "item": "Paper+-Board Ex Newsprnt", "p": 1303.0, "s": 791.0, "year": 2001, "partner": 5009}, {"g": "f", "item": "Ind Rwd Wir (NC) Other", "p": 61.0, "s": 8.0, "year": 2001, "partner": 5009}, {"g": "f", "item": "Plywood", "p": 523.0, "s": 107.0, "year": 2001, "partner": 5009}, {"g": "f", "item": "Fibreboard", "p": 119.0, "s": 26.0, "year": 2001, "partner": 5009}, {"g": "f", "item": "Paper+-Board Ex Newsprnt", "p": 1304.0, "s": 793.0, "year": 2002, "partner": 5009}, {"g": "f", "item": "Newsprint", "p": 198.0, "s": 36.0, "year": 2002, "partner": 5009}, {"g": "f", "item": "Sawnwood (C)", "p": 11.0, "s": 11.0, "year": 2003, "partner": 5009}, {"g": "f", "item": "Paper+-Board Ex Newsprnt", "p": 88.0, "s": 45.0, "year": 2003, "partner": 5009}, {"g": "f", "item": "Particle Board", "p": 5.0, "s": 2.0, "year": 2003, "partner": 5009}, {"g": "f", "item": "Fibreboard", "p": 85.0, "s": 9.0, "year": 2003, "partner": 5009}, {"g": "f", "item": "Fibreboard", "p": 170.0, "s": 22.0, "year": 2004, "partner": 5009}, {"g": "f", "item": "Veneer Sheets", "p": 52.0, "s": 41.0, "year": 2004, "partner": 5009}, {"g": "f", "item": "Sawnwood (C)", "p": 435.0, "s": 76.0, "year": 2004, "partner": 5009}, {"g": "f", "item": "Plywood", "p": 133.0, "s": 47.0, "year": 2004, "partner": 5009}, {"g": "f", "item": "Paper+-Board Ex Newsprnt", "p": 210.0, "s": 141.0, "year": 2004, "partner": 5009}, {"g": "f", "item": "Sawnwood (C)", "p": 435.0, "s": 76.0, "year": 2005, "partner": 5009}, {"g": "f", "item": "Paper+-Board Ex Newsprnt", "p": 210.0, "s": 141.0, "year": 2005, "partner": 5009}, {"g": "f", "item": "Sawnwood (NC)", "p": 40.0, "s": 2.0, "year": 2005, "partner": 5009}, {"g": "f", "item": "Fibreboard", "p": 170.0, "s": 22.0, "year": 2005, "partner": 5009}, {"g": "f", "item": "Fibreboard", "p": 170.0, "s": 22.0, "year": 2006, "partner": 5009}, {"g": "f", "item": "Sawnwood (C)", "p": 435.0, "s": 76.0, "year": 2006, "partner": 5009}, {"g": "f", "item": "Newsprint", "p": 198.0, "s": 36.0, "year": 2006, "partner": 5009}, {"g": "f", "item": "Plywood", "p": 133.0, "s": 47.0, "year": 2006, "partner": 5009}, {"g": "f", "item": "Paper+-Board Ex Newsprnt", "p": 210.0, "s": 141.0, "year": 2006, "partner": 5009}, {"g": "f", "item": "Fibreboard", "p": 408.0, "s": 108.0, "year": 2007, "partner": 5009}, {"g": "f", "item": "Veneer Sheets", "p": 2.0, "s": 2.0, "year": 2007, "partner": 5009}, {"g": "f", "item": "Sawnwood (C)", "p": 107.0, "s": 23.0, "year": 2007, "partner": 5009}, {"g": "f", "item": "Newsprint", "p": 1.0, "s": 9.0, "year": 2007, "partner": 5009}, {"g": "f", "item": "Ind Rwd Wir (C)", "p": 6.0, "s": 0.0, "year": 2007, "partner": 5009}, {"g": "f", "item": "Paper+-Board Ex Newsprnt", "p": 100.0, "s": 143.0, "year": 2007, "partner": 5009}, {"g": "f", "item": "Plywood", "p": 6.0, "s": 2.0, "year": 2007, "partner": 5009}, {"g": "f", "item": "Wood Pulp", "p": 45.0, "s": 6.0, "year": 2008, "partner": 5009}, {"g": "f", "item": "Fibreboard", "p": 1985.0, "s": 897.0, "year": 2008, "partner": 5009}, {"g": "f", "item": "Ind Rwd Wir (NC) Other", "p": 33.0, "s": 56.0, "year": 2008, "partner": 5009}, {"g": "f", "item": "Veneer Sheets", "p": 21.0, "s": 11.0, "year": 2008, "partner": 5009}, {"g": "f", "item": "Newsprint", "p": 2.0, "s": 5.0, "year": 2008, "partner": 5009}, {"g": "f", "item": "Sawnwood (C)", "p": 5107.0, "s": 2232.0, "year": 2008, "partner": 5009}, {"g": "f", "item": "Sawnwood (NC)", "p": 6344.0, "s": 2358.0, "year": 2008, "partner": 5009}, {"g": "f", "item": "Ind Rwd Wir (C)", "p": 1114.0, "s": 68.0, "year": 2008, "partner": 5009}, {"g": "f", "item": "Paper+-Board Ex Newsprnt", "p": 250.0, "s": 319.0, "year": 2008, "partner": 5009}, {"g": "f", "item": "Plywood", "p": 1186.0, "s": 681.0, "year": 2008, "partner": 5009}, {"g": "f", "item": "Fibreboard", "p": 2930.0, "s": 1149.0, "year": 2009, "partner": 5009}, {"g": "f", "item": "Particle Board", "p": 57.0, "s": 23.0, "year": 2009, "partner": 5009}, {"g": "f", "item": "Sawnwood (C)", "p": 120.0, "s": 76.0, "year": 2009, "partner": 5009}, {"g": "f", "item": "Plywood", "p": 101.0, "s": 57.0, "year": 2009, "partner": 5009}, {"g": "f", "item": "Paper+-Board Ex Newsprnt", "p": 325.0, "s": 276.0, "year": 2009, "partner": 5009}, {"g": "f", "item": "Fibreboard", "p": 2354.0, "s": 950.0, "year": 2010, "partner": 5009}, {"g": "f", "item": "Ind Rwd Wir (NC) Other", "p": 254.0, "s": 158.0, "year": 2010, "partner": 5009}, {"g": "f", "item": "Particle Board", "p": 2.0, "s": 4.0, "year": 2010, "partner": 5009}, {"g": "f", "item": "Sawnwood (C)", "p": 2435.0, "s": 1581.0, "year": 2010, "partner": 5009}, {"g": "f", "item": "Sawnwood (NC)", "p": 169.0, "s": 105.0, "year": 2010, "partner": 5009}, {"g": "f", "item": "Plywood", "p": 258.0, "s": 223.0, "year": 2010, "partner": 5009}, {"g": "f", "item": "Paper+-Board Ex Newsprnt", "p": 282.0, "s": 265.0, "year": 2010, "partner": 5009}, {"g": "f", "item": "Fibreboard", "p": 4216.0, "s": 2029.0, "year": 2011, "partner": 5009}, {"g": "f", "item": "Sawnwood (C)", "p": 789.0, "s": 590.0, "year": 2011, "partner": 5009}, {"g": "f", "item": "Newsprint", "p": 72.0, "s": 74.0, "year": 2011, "partner": 5009}, {"g": "f", "item": "Plywood", "p": 417.0, "s": 294.0, "year": 2011, "partner": 5009}, {"g": "f", "item": "Paper+-Board Ex Newsprnt", "p": 808.0, "s": 876.0, "year": 2011, "partner": 5009}, {"g": "f", "item": "Fibreboard", "p": 4494.0, "s": 2203.0, "year": 2012, "partner": 5009}, {"g": "f", "item": "Sawnwood (C)", "p": 665.0, "s": 364.0, "year": 2012, "partner": 5009}, {"g": "f", "item": "Sawnwood (NC)", "p": 265.0, "s": 141.0, "year": 2012, "partner": 5009}, {"g": "f", "item": "Plywood", "p": 599.0, "s": 484.0, "year": 2012, "partner": 5009}, {"g": "f", "item": "Paper+-Board Ex Newsprnt", "p": 593.0, "s": 570.0, "year": 2012, "partner": 5009}, {"g": "f", "item": "Fibreboard", "p": 6881.0, "s": 3110.0, "year": 2013, "partner": 5009}, {"g": "f", "item": "Sawnwood (C)", "p": 3468.0, "s": 2239.0, "year": 2013, "partner": 5009}, {"g": "f", "item": "Sawnwood (NC)", "p": 124.0, "s": 49.0, "year": 2013, "partner": 5009}, {"g": "f", "item": "Plywood", "p": 519.0, "s": 393.0, "year": 2013, "partner": 5009}, {"g": "f", "item": "Paper+-Board Ex Newsprnt", "p": 993.0, "s": 1017.0, "year": 2013, "partner": 5009}, {"g": "f", "item": "Sawnwood (C)", "p": 2976.0, "s": 2024.0, "year": 2014, "partner": 5009}, {"g": "f", "item": "Paper+-Board Ex Newsprnt", "p": 1936.0, "s": 1961.0, "year": 2014, "partner": 5009}, {"g": "f", "item": "Plywood", "p": 675.0, "s": 695.0, "year": 2014, "partner": 5009}, {"g": "f", "item": "Fibreboard", "p": 5494.0, "s": 2561.0, "year": 2014, "partner": 5009}, {"g": "f", "item": "Paper+-Board Ex Newsprnt", "p": 40.0, "s": 23.0, "year": 2003, "partner": 21}, {"g": "f", "item": "Paper+-Board Ex Newsprnt", "p": 21.0, "s": 14.0, "year": 2005, "partner": 150}, {"g": "f", "item": "Paper+-Board Ex Newsprnt", "p": 1.0, "s": 1.0, "year": 2003, "partner": 165}, {"g": "f", "item": "Ind Rwd Wir (NC) Tropica", "p": 173.0, "s": 15.0, "year": 1998, "partner": 44}, {"g": "f", "item": "Paper+-Board Ex Newsprnt", "p": 20.0, "s": 19.0, "year": 2004, "partner": 174}, {"g": "f", "item": "Plywood", "p": 40.0, "s": 31.0, "year": 2004, "partner": 174}, {"g": "f", "item": "Particle Board", "p": 2.0, "s": 0.0, "year": 2000, "partner": 181}, {"g": "f", "item": "Sawnwood (C)", "p": 803.0, "s": 91.0, "year": 2005, "partner": 183}, {"g": "f", "item": "Sawnwood (C)", "p": 140.0, "s": 38.0, "year": 2014, "partner": 183}, {"g": "f", "item": "Paper+-Board Ex Newsprnt", "p": 14.0, "s": 12.0, "year": 2010, "partner": 59}, {"g": "f", "item": "Paper+-Board Ex Newsprnt", "p": 15.0, "s": 12.0, "year": 2011, "partner": 59}, {"g": "f", "item": "Paper+-Board Ex Newsprnt", "p": 22.0, "s": 44.0, "year": 2012, "partner": 59}, {"g": "f", "item": "Paper+-Board Ex Newsprnt", "p": 56.0, "s": 56.0, "year": 2013, "partner": 59}, {"g": "f", "item": "Paper+-Board Ex Newsprnt", "p": 50.0, "s": 60.0, "year": 2014, "partner": 59}, {"g": "f", "item": "Paper+-Board Ex Newsprnt", "p": 13.0, "s": 11.0, "year": 2006, "partner": 194}, {"g": "f", "item": "Plywood", "p": 6.0, "s": 1.0, "year": 2007, "partner": 194}, {"g": "f", "item": "Plywood", "p": 37.0, "s": 12.0, "year": 2001, "partner": 200}, {"g": "f", "item": "Paper+-Board Ex Newsprnt", "p": 209.0, "s": 240.0, "year": 2014, "partner": 200}, {"g": "f", "item": "Paper+-Board Ex Newsprnt", "p": 78.0, "s": 87.0, "year": 2008, "partner": 202}, {"g": "f", "item": "Paper+-Board Ex Newsprnt", "p": 264.0, "s": 219.0, "year": 2009, "partner": 202}, {"g": "f", "item": "Paper+-Board Ex Newsprnt", "p": 38.0, "s": 6.0, "year": 2010, "partner": 202}, {"g": "f", "item": "Paper+-Board Ex Newsprnt", "p": 374.0, "s": 427.0, "year": 2011, "partner": 202}, {"g": "f", "item": "Paper+-Board Ex Newsprnt", "p": 80.0, "s": 80.0, "year": 2012, "partner": 202}, {"g": "f", "item": "Paper+-Board Ex Newsprnt", "p": 259.0, "s": 250.0, "year": 2013, "partner": 202}, {"g": "f", "item": "Paper+-Board Ex Newsprnt", "p": 20.0, "s": 21.0, "year": 2014, "partner": 202}, {"g": "f", "item": "Paper+-Board Ex Newsprnt", "p": 1.0, "s": 4.0, "year": 2012, "partner": 226}, {"g": "f", "item": "Paper+-Board Ex Newsprnt", "p": 1.0, "s": 1.0, "year": 2013, "partner": 226}, {"g": "f", "item": "Sawnwood (C)", "p": 4.0, "s": 1.0, "year": 1997, "partner": 79}, {"g": "f", "item": "Ind Rwd Wir (NC) Other", "p": 5.0, "s": 8.0, "year": 1999, "partner": 79}, {"g": "f", "item": "Paper+-Board Ex Newsprnt", "p": 27.0, "s": 8.0, "year": 2003, "partner": 79}, {"g": "f", "item": "Fibreboard", "p": 2.0, "s": 1.0, "year": 2005, "partner": 79}, {"g": "f", "item": "Paper+-Board Ex Newsprnt", "p": 24.0, "s": 10.0, "year": 2006, "partner": 79}, {"g": "f", "item": "Sawnwood (C)", "p": 23.0, "s": 18.0, "year": 2007, "partner": 79}, {"g": "f", "item": "Paper+-Board Ex Newsprnt", "p": 52.0, "s": 71.0, "year": 2010, "partner": 210}, {"g": "f", "item": "Paper+-Board Ex Newsprnt", "p": 9.0, "s": 27.0, "year": 2005, "partner": 210}, {"g": "f", "item": "Paper+-Board Ex Newsprnt", "p": 15.0, "s": 53.0, "year": 2006, "partner": 210}, {"g": "f", "item": "Paper+-Board Ex Newsprnt", "p": 15.0, "s": 67.0, "year": 2007, "partner": 210}, {"g": "f", "item": "Particle Board", "p": 23.0, "s": 5.0, "year": 1999, "partner": 211}, {"g": "f", "item": "Ind Rwd Wir (C)", "p": 41.0, "s": 2.0, "year": 1999, "partner": 211}, {"g": "f", "item": "Sawnwood (C)", "p": 11.0, "s": 11.0, "year": 2003, "partner": 215}, {"g": "f", "item": "Ind Rwd Wir (C)", "p": 672.0, "s": 62.0, "year": 1999, "partner": 215}, {"g": "f", "item": "Fibreboard", "p": 219.0, "s": 60.0, "year": 2006, "partner": 216}, {"g": "f", "item": "Fibreboard", "p": 208.0, "s": 71.0, "year": 2007, "partner": 216}, {"g": "f", "item": "Fibreboard", "p": 416.0, "s": 164.0, "year": 2008, "partner": 216}, {"g": "f", "item": "Fibreboard", "p": 1802.0, "s": 681.0, "year": 2009, "partner": 216}, {"g": "f", "item": "Fibreboard", "p": 663.0, "s": 296.0, "year": 2010, "partner": 216}, {"g": "f", "item": "Fibreboard", "p": 2274.0, "s": 1213.0, "year": 2011, "partner": 216}, {"g": "f", "item": "Fibreboard", "p": 1243.0, "s": 690.0, "year": 2012, "partner": 216}, {"g": "f", "item": "Fibreboard", "p": 1818.0, "s": 939.0, "year": 2013, "partner": 216}, {"g": "f", "item": "Paper+-Board Ex Newsprnt", "p": 75.0, "s": 65.0, "year": 2014, "partner": 216}, {"g": "f", "item": "Fibreboard", "p": 1511.0, "s": 783.0, "year": 2014, "partner": 216}, {"g": "f", "item": "Plywood", "p": 46.0, "s": 13.0, "year": 2004, "partner": 221}, {"g": "f", "item": "Paper+-Board Ex Newsprnt", "p": 2.0, "s": 2.0, "year": 2009, "partner": 221}, {"g": "f", "item": "Plywood", "p": 91.0, "s": 45.0, "year": 2009, "partner": 221}, {"g": "f", "item": "Sawnwood (NC)", "p": 169.0, "s": 105.0, "year": 2010, "partner": 221}, {"g": "f", "item": "Ind Rwd Wir (NC) Other", "p": 242.0, "s": 149.0, "year": 2010, "partner": 221}, {"g": "f", "item": "Plywood", "p": 101.0, "s": 101.0, "year": 2010, "partner": 221}, {"g": "f", "item": "Fibreboard", "p": 172.0, "s": 75.0, "year": 2010, "partner": 221}, {"g": "f", "item": "Plywood", "p": 232.0, "s": 176.0, "year": 2011, "partner": 221}, {"g": "f", "item": "Sawnwood (C)", "p": 104.0, "s": 34.0, "year": 2012, "partner": 221}, {"g": "f", "item": "Sawnwood (NC)", "p": 265.0, "s": 141.0, "year": 2012, "partner": 221}, {"g": "f", "item": "Plywood", "p": 549.0, "s": 452.0, "year": 2012, "partner": 221}, {"g": "f", "item": "Fibreboard", "p": 1586.0, "s": 851.0, "year": 2012, "partner": 221}, {"g": "f", "item": "Sawnwood (C)", "p": 946.0, "s": 434.0, "year": 2013, "partner": 221}, {"g": "f", "item": "Paper+-Board Ex Newsprnt", "p": 38.0, "s": 34.0, "year": 2013, "partner": 221}, {"g": "f", "item": "Plywood", "p": 437.0, "s": 336.0, "year": 2013, "partner": 221}, {"g": "f", "item": "Fibreboard", "p": 3267.0, "s": 1431.0, "year": 2013, "partner": 221}, {"g": "f", "item": "Plywood", "p": 45.0, "s": 7.0, "year": 2000, "partner": 351}, {"g": "f", "item": "Paper+-Board Ex Newsprnt", "p": 14.0, "s": 8.0, "year": 2001, "partner": 351}, {"g": "f", "item": "Plywood", "p": 106.0, "s": 35.0, "year": 2006, "partner": 351}, {"g": "f", "item": "Fibreboard", "p": 13.0, "s": 11.0, "year": 2006, "partner": 351}, {"g": "f", "item": "Paper+-Board Ex Newsprnt", "p": 9.0, "s": 6.0, "year": 2007, "partner": 351}, {"g": "f", "item": "Fibreboard", "p": 35.0, "s": 16.0, "year": 2007, "partner": 351}, {"g": "f", "item": "Fibreboard", "p": 184.0, "s": 73.0, "year": 2008, "partner": 351}, {"g": "f", "item": "Paper+-Board Ex Newsprnt", "p": 24.0, "s": 29.0, "year": 2009, "partner": 351}, {"g": "f", "item": "Particle Board", "p": 57.0, "s": 23.0, "year": 2009, "partner": 351}, {"g": "f", "item": "Fibreboard", "p": 531.0, "s": 206.0, "year": 2009, "partner": 351}, {"g": "f", "item": "Paper+-Board Ex Newsprnt", "p": 56.0, "s": 62.0, "year": 2010, "partner": 351}, {"g": "f", "item": "Plywood", "p": 154.0, "s": 117.0, "year": 2010, "partner": 351}, {"g": "f", "item": "Fibreboard", "p": 922.0, "s": 317.0, "year": 2010, "partner": 351}, {"g": "f", "item": "Paper+-Board Ex Newsprnt", "p": 55.0, "s": 49.0, "year": 2011, "partner": 351}, {"g": "f", "item": "Newsprint", "p": 72.0, "s": 74.0, "year": 2011, "partner": 351}, {"g": "f", "item": "Plywood", "p": 185.0, "s": 118.0, "year": 2011, "partner": 351}, {"g": "f", "item": "Fibreboard", "p": 1337.0, "s": 524.0, "year": 2011, "partner": 351}, {"g": "f", "item": "Paper+-Board Ex Newsprnt", "p": 182.0, "s": 184.0, "year": 2012, "partner": 351}, {"g": "f", "item": "Plywood", "p": 50.0, "s": 31.0, "year": 2012, "partner": 351}, {"g": "f", "item": "Fibreboard", "p": 1653.0, "s": 652.0, "year": 2012, "partner": 351}, {"g": "f", "item": "Paper+-Board Ex Newsprnt", "p": 360.0, "s": 405.0, "year": 2013, "partner": 351}, {"g": "f", "item": "Plywood", "p": 82.0, "s": 57.0, "year": 2013, "partner": 351}, {"g": "f", "item": "Fibreboard", "p": 1786.0, "s": 712.0, "year": 2013, "partner": 351}, {"g": "f", "item": "Paper+-Board Ex Newsprnt", "p": 196.0, "s": 353.0, "year": 2014, "partner": 351}, {"g": "f", "item": "Plywood", "p": 675.0, "s": 695.0, "year": 2014, "partner": 351}, {"g": "f", "item": "Fibreboard", "p": 3729.0, "s": 1542.0, "year": 2014, "partner": 351}, {"g": "f", "item": "Wood Pulp", "p": 45.0, "s": 6.0, "year": 2008, "partner": 225}, {"g": "f", "item": "Fibreboard", "p": 1373.0, "s": 646.0, "year": 2008, "partner": 225}, {"g": "f", "item": "Veneer Sheets", "p": 21.0, "s": 11.0, "year": 2008, "partner": 225}, {"g": "f", "item": "Sawnwood (C)", "p": 4837.0, "s": 2103.0, "year": 2008, "partner": 225}, {"g": "f", "item": "Sawnwood (NC)", "p": 6344.0, "s": 2358.0, "year": 2008, "partner": 225}, {"g": "f", "item": "Ind Rwd Wir (C)", "p": 1114.0, "s": 68.0, "year": 2008, "partner": 225}, {"g": "f", "item": "Paper+-Board Ex Newsprnt", "p": 123.0, "s": 103.0, "year": 2008, "partner": 225}, {"g": "f", "item": "Plywood", "p": 1186.0, "s": 681.0, "year": 2008, "partner": 225}, {"g": "f", "item": "Paper+-Board Ex Newsprnt", "p": 5.0, "s": 2.0, "year": 1997, "partner": 98}, {"g": "f", "item": "Paper+-Board Ex Newsprnt", "p": 17.0, "s": 64.0, "year": 2001, "partner": 229}, {"g": "f", "item": "Veneer Sheets", "p": 112.0, "s": 46.0, "year": 1998, "partner": 229}, {"g": "f", "item": "Paper+-Board Ex Newsprnt", "p": 2.0, "s": 1.0, "year": 1998, "partner": 229}, {"g": "f", "item": "Sawnwood (C)", "p": 2.0, "s": 5.0, "year": 2014, "partner": 229}, {"g": "f", "item": "Paper+-Board Ex Newsprnt", "p": 3.0, "s": 9.0, "year": 2005, "partner": 229}, {"g": "f", "item": "Paper+-Board Ex Newsprnt", "p": 21.0, "s": 114.0, "year": 2008, "partner": 100}, {"g": "f", "item": "Fibreboard", "p": 8.0, "s": 30.0, "year": 2011, "partner": 100}, {"g": "f", "item": "Paper+-Board Ex Newsprnt", "p": 3.0, "s": 8.0, "year": 2004, "partner": 100}, {"g": "f", "item": "Fibreboard", "p": 37.0, "s": 21.0, "year": 2004, "partner": 100}, {"g": "f", "item": "Paper+-Board Ex Newsprnt", "p": 105.0, "s": 84.0, "year": 2013, "partner": 100}, {"g": "f", "item": "Fibreboard", "p": 6.0, "s": 24.0, "year": 2013, "partner": 100}, {"g": "f", "item": "Paper+-Board Ex Newsprnt", "p": 835.0, "s": 663.0, "year": 2014, "partner": 100}, {"g": "f", "item": "Fibreboard", "p": 44.0, "s": 143.0, "year": 2014, "partner": 100}, {"g": "f", "item": "Paper+-Board Ex Newsprnt", "p": 497.0, "s": 364.0, "year": 1999, "partner": 101}, {"g": "f", "item": "Paper+-Board Ex Newsprnt", "p": 2309.0, "s": 1406.0, "year": 2000, "partner": 101}, {"g": "f", "item": "Plywood", "p": 385.0, "s": 57.0, "year": 2000, "partner": 101}, {"g": "f", "item": "Paper+-Board Ex Newsprnt", "p": 42.0, "s": 790.0, "year": 2001, "partner": 101}, {"g": "f", "item": "Ind Rwd Wir (NC) Other", "p": 30.0, "s": 8.0, "year": 2001, "partner": 101}, {"g": "f", "item": "Plywood", "p": 377.0, "s": 99.0, "year": 2001, "partner": 101}, {"g": "f", "item": "Paper+-Board Ex Newsprnt", "p": 16.0, "s": 10.0, "year": 2003, "partner": 101}, {"g": "f", "item": "Paper+-Board Ex Newsprnt", "p": 193.0, "s": 205.0, "year": 2011, "partner": 101}, {"g": "f", "item": "Paper+-Board Ex Newsprnt", "p": 137.0, "s": 139.0, "year": 2012, "partner": 101}, {"g": "f", "item": "Paper+-Board Ex Newsprnt", "p": 120.0, "s": 111.0, "year": 2013, "partner": 101}, {"g": "f", "item": "Paper+-Board Ex Newsprnt", "p": 390.0, "s": 391.0, "year": 2014, "partner": 101}, {"g": "f", "item": "Sawnwood (C)", "p": 52.0, "s": 15.0, "year": 2008, "partner": 230}, {"g": "f", "item": "Sawnwood (C)", "p": 76.0, "s": 21.0, "year": 2014, "partner": 230}, {"g": "f", "item": "Sawnwood (C)", "p": 81.0, "s": 25.0, "year": 2012, "partner": 230}, {"g": "f", "item": "Sawnwood (C)", "p": 104.0, "s": 32.0, "year": 2013, "partner": 230}, {"g": "f", "item": "Sawnwood (C)", "p": 646.0, "s": 75.0, "year": 2006, "partner": 230}, {"g": "f", "item": "Fibreboard", "p": 11.0, "s": 10.0, "year": 2012, "partner": 223}, {"g": "f", "item": "Sawnwood (NC)", "p": 112.0, "s": 39.0, "year": 2013, "partner": 223}, {"g": "f", "item": "Fibreboard", "p": 3.0, "s": 3.0, "year": 2013, "partner": 223}, {"g": "f", "item": "Paper+-Board Ex Newsprnt", "p": 2.0, "s": 2.0, "year": 2014, "partner": 223}, {"g": "f", "item": "Fibreboard", "p": 79.0, "s": 45.0, "year": 2014, "partner": 223}, {"g": "f", "item": "Newsprint", "p": 198.0, "s": 36.0, "year": 1997, "partner": 106}, {"g": "f", "item": "Fibreboard", "p": 118.0, "s": 25.0, "year": 1997, "partner": 106}, {"g": "f", "item": "Paper+-Board Ex Newsprnt", "p": 3.0, "s": 3.0, "year": 2002, "partner": 106}, {"g": "f", "item": "Sawnwood (C)", "p": 120.0, "s": 76.0, "year": 2009, "partner": 106}, {"g": "f", "item": "Sawnwood (C)", "p": 1087.0, "s": 815.0, "year": 2010, "partner": 106}, {"g": "f", "item": "Paper+-Board Ex Newsprnt", "p": 99.0, "s": 28.0, "year": 2010, "partner": 106}, {"g": "f", "item": "Sawnwood (C)", "p": 771.0, "s": 582.0, "year": 2011, "partner": 106}, {"g": "f", "item": "Sawnwood (C)", "p": 505.0, "s": 376.0, "year": 2012, "partner": 106}, {"g": "f", "item": "Sawnwood (C)", "p": 1583.0, "s": 1185.0, "year": 2013, "partner": 106}, {"g": "f", "item": "Sawnwood (NC)", "p": 12.0, "s": 11.0, "year": 2013, "partner": 106}, {"g": "f", "item": "Sawnwood (C)", "p": 1918.0, "s": 1436.0, "year": 2014, "partner": 106}, {"g": "f", "item": "Sawnwood (C)", "p": 18.0, "s": 8.0, "year": 2011, "partner": 231}, {"g": "f", "item": "Sawnwood (NC)", "p": 27.0, "s": 11.0, "year": 2005, "partner": 231}, {"g": "f", "item": "Newsprint", "p": 60.0, "s": 40.0, "year": 2006, "partner": 231}, {"g": "f", "item": "Fibreboard", "p": 1.0, "s": 0.0, "year": 2000, "partner": 114}, {"g": "f", "item": "Veneer Sheets", "p": 159.0, "s": 46.0, "year": 2000, "partner": 114}, {"g": "f", "item": "Particle Board", "p": 1.0, "s": 0.0, "year": 2000, "partner": 114}, {"g": "f", "item": "Sawnwood (NC)", "p": 40.0, "s": 2.0, "year": 2000, "partner": 114}, {"g": "f", "item": "Plywood", "p": 93.0, "s": 43.0, "year": 2000, "partner": 114}, {"g": "f", "item": "Paper+-Board Ex Newsprnt", "p": 6.0, "s": 2.0, "year": 2000, "partner": 114}, {"g": "f", "item": "Newsprint", "p": 50.0, "s": 26.0, "year": 2002, "partner": 114}, {"g": "f", "item": "Particle Board", "p": 5.0, "s": 2.0, "year": 2003, "partner": 114}, {"g": "f", "item": "Fibreboard", "p": 4.0, "s": 1.0, "year": 2003, "partner": 114}, {"g": "f", "item": "Paper+-Board Ex Newsprnt", "p": 76.0, "s": 56.0, "year": 2004, "partner": 114}, {"g": "f", "item": "Veneer Sheets", "p": 84.0, "s": 41.0, "year": 2004, "partner": 114}, {"g": "f", "item": "Plywood", "p": 6.0, "s": 3.0, "year": 2004, "partner": 114}, {"g": "f", "item": "Paper+-Board Ex Newsprnt", "p": 3.0, "s": 27.0, "year": 2007, "partner": 114}, {"g": "f", "item": "Veneer Sheets", "p": 2.0, "s": 2.0, "year": 2007, "partner": 114}, {"g": "f", "item": "Newsprint", "p": 1.0, "s": 9.0, "year": 2007, "partner": 114}, {"g": "f", "item": "Ind Rwd Wir (C)", "p": 6.0, "s": 0.0, "year": 2007, "partner": 114}, {"g": "f", "item": "Sawnwood (C)", "p": 26.0, "s": 10.0, "year": 2008, "partner": 114}, {"g": "f", "item": "Paper+-Board Ex Newsprnt", "p": 2.0, "s": 1.0, "year": 2008, "partner": 114}, {"g": "f", "item": "Newsprint", "p": 2.0, "s": 5.0, "year": 2008, "partner": 114}, {"g": "f", "item": "Ind Rwd Wir (NC) Other", "p": 33.0, "s": 49.0, "year": 2008, "partner": 114}, {"g": "f", "item": "Plywood", "p": 10.0, "s": 12.0, "year": 2009, "partner": 114}, {"g": "f", "item": "Ind Rwd Wir (NC) Other", "p": 12.0, "s": 9.0, "year": 2010, "partner": 114}, {"g": "f", "item": "Particle Board", "p": 2.0, "s": 4.0, "year": 2010, "partner": 114}, {"g": "f", "item": "Sawnwood (C)", "p": 7.0, "s": 3.0, "year": 2010, "partner": 114}, {"g": "f", "item": "Plywood", "p": 3.0, "s": 4.0, "year": 2010, "partner": 114}, {"g": "f", "item": "Paper+-Board Ex Newsprnt", "p": 21.0, "s": 82.0, "year": 2010, "partner": 114}, {"g": "f", "item": "Sawnwood (C)", "p": 0.0, "s": 0.0, "year": 1997, "partner": 254}, {"g": "f", "item": "Paper+-Board Ex Newsprnt", "p": 0.0, "s": 0.0, "year": 1997, "partner": 254}, {"g": "f", "item": "Newsprint", "p": 0.0, "s": 0.0, "year": 1997, "partner": 254}, {"g": "f", "item": "Fibreboard", "p": 0.0, "s": 1.0, "year": 1997, "partner": 254}, {"g": "f", "item": "Ind Rwd Wir (NC) Tropica", "p": 0.0, "s": 0.0, "year": 1998, "partner": 254}, {"g": "f", "item": "Sawnwood (C)", "p": 0.0, "s": 0.0, "year": 1998, "partner": 254}, {"g": "f", "item": "Veneer Sheets", "p": 0.0, "s": 0.0, "year": 1998, "partner": 254}, {"g": "f", "item": "Paper+-Board Ex Newsprnt", "p": 18.0, "s": 11.0, "year": 1998, "partner": 254}, {"g": "f", "item": "Ind Rwd Wir (NC) Other", "p": 56.0, "s": 0.0, "year": 1999, "partner": 254}, {"g": "f", "item": "Particle Board", "p": 0.0, "s": 0.0, "year": 1999, "partner": 254}, {"g": "f", "item": "Sawnwood (C)", "p": 0.0, "s": 0.0, "year": 1999, "partner": 254}, {"g": "f", "item": "Ind Rwd Wir (C)", "p": 0.0, "s": 0.0, "year": 1999, "partner": 254}, {"g": "f", "item": "Paper+-Board Ex Newsprnt", "p": 2.0, "s": 1.0, "year": 1999, "partner": 254}, {"g": "f", "item": "Fibreboard", "p": 118.0, "s": 26.0, "year": 2000, "partner": 254}, {"g": "f", "item": "Veneer Sheets", "p": 0.0, "s": 0.0, "year": 2000, "partner": 254}, {"g": "f", "item": "Particle Board", "p": 0.0, "s": 0.0, "year": 2000, "partner": 254}, {"g": "f", "item": "Sawnwood (C)", "p": 0.0, "s": 0.0, "year": 2000, "partner": 254}, {"g": "f", "item": "Sawnwood (NC)", "p": 0.0, "s": 0.0, "year": 2000, "partner": 254}, {"g": "f", "item": "Plywood", "p": 0.0, "s": 0.0, "year": 2000, "partner": 254}, {"g": "f", "item": "Paper+-Board Ex Newsprnt", "p": 2.0, "s": 0.0, "year": 2000, "partner": 254}, {"g": "f", "item": "Paper+-Board Ex Newsprnt", "p": 1223.0, "s": -103.0, "year": 2001, "partner": 254}, {"g": "f", "item": "Ind Rwd Wir (NC) Other", "p": 31.0, "s": 0.0, "year": 2001, "partner": 254}, {"g": "f", "item": "Plywood", "p": 109.0, "s": -4.0, "year": 2001, "partner": 254}, {"g": "f", "item": "Fibreboard", "p": 35.0, "s": 13.0, "year": 2001, "partner": 254}, {"g": "f", "item": "Paper+-Board Ex Newsprnt", "p": 1301.0, "s": 790.0, "year": 2002, "partner": 254}, {"g": "f", "item": "Newsprint", "p": 148.0, "s": 10.0, "year": 2002, "partner": 254}, {"g": "f", "item": "Sawnwood (C)", "p": 0.0, "s": 0.0, "year": 2003, "partner": 254}, {"g": "f", "item": "Paper+-Board Ex Newsprnt", "p": 4.0, "s": 3.0, "year": 2003, "partner": 254}, {"g": "f", "item": "Particle Board", "p": 0.0, "s": 0.0, "year": 2003, "partner": 254}, {"g": "f", "item": "Fibreboard", "p": 81.0, "s": 8.0, "year": 2003, "partner": 254}, {"g": "f", "item": "Fibreboard", "p": 133.0, "s": 1.0, "year": 2004, "partner": 254}, {"g": "f", "item": "Veneer Sheets", "p": -32.0, "s": 0.0, "year": 2004, "partner": 254}, {"g": "f", "item": "Sawnwood (C)", "p": 243.0, "s": 0.0, "year": 2004, "partner": 254}, {"g": "f", "item": "Plywood", "p": 41.0, "s": 0.0, "year": 2004, "partner": 254}, {"g": "f", "item": "Paper+-Board Ex Newsprnt", "p": 111.0, "s": 57.0, "year": 2004, "partner": 254}, {"g": "f", "item": "Sawnwood (C)", "p": -761.0, "s": -105.0, "year": 2005, "partner": 254}, {"g": "f", "item": "Paper+-Board Ex Newsprnt", "p": 158.0, "s": 37.0, "year": 2005, "partner": 254}, {"g": "f", "item": "Sawnwood (NC)", "p": 13.0, "s": -9.0, "year": 2005, "partner": 254}, {"g": "f", "item": "Fibreboard", "p": 168.0, "s": 21.0, "year": 2005, "partner": 254}, {"g": "f", "item": "Fibreboard", "p": -62.0, "s": -49.0, "year": 2006, "partner": 254}, {"g": "f", "item": "Sawnwood (C)", "p": -211.0, "s": 1.0, "year": 2006, "partner": 254}, {"g": "f", "item": "Newsprint", "p": 138.0, "s": -4.0, "year": 2006, "partner": 254}, {"g": "f", "item": "Plywood", "p": 27.0, "s": 12.0, "year": 2006, "partner": 254}, {"g": "f", "item": "Paper+-Board Ex Newsprnt", "p": 158.0, "s": 68.0, "year": 2006, "partner": 254}, {"g": "f", "item": "Paper+-Board Ex Newsprnt", "p": 74.0, "s": 42.0, "year": 2007, "partner": 254}, {"g": "f", "item": "Veneer Sheets", "p": 1.0, "s": 0.0, "year": 2007, "partner": 254}, {"g": "f", "item": "Plywood", "p": 0.0, "s": 1.0, "year": 2007, "partner": 254}, {"g": "f", "item": "Fibreboard", "p": 165.0, "s": 21.0, "year": 2007, "partner": 254}, {"g": "f", "item": "Wood Pulp", "p": 0.0, "s": 0.0, "year": 2008, "partner": 254}, {"g": "f", "item": "Fibreboard", "p": -1.0, "s": 0.0, "year": 2008, "partner": 254}, {"g": "f", "item": "Ind Rwd Wir (NC) Other", "p": 0.0, "s": 7.0, "year": 2008, "partner": 254}, {"g": "f", "item": "Veneer Sheets", "p": 0.0, "s": 0.0, "year": 2008, "partner": 254}, {"g": "f", "item": "Newsprint", "p": 0.0, "s": 0.0, "year": 2008, "partner": 254}, {"g": "f", "item": "Sawnwood (C)", "p": 0.0, "s": 0.0, "year": 2008, "partner": 254}, {"g": "f", "item": "Sawnwood (NC)", "p": 0.0, "s": 0.0, "year": 2008, "partner": 254}, {"g": "f", "item": "Ind Rwd Wir (C)", "p": 0.0, "s": 0.0, "year": 2008, "partner": 254}, {"g": "f", "item": "Paper+-Board Ex Newsprnt", "p": 26.0, "s": 13.0, "year": 2008, "partner": 254}, {"g": "f", "item": "Plywood", "p": 0.0, "s": 0.0, "year": 2008, "partner": 254}, {"g": "f", "item": "Fibreboard", "p": 597.0, "s": 261.0, "year": 2009, "partner": 254}, {"g": "f", "item": "Particle Board", "p": 0.0, "s": 0.0, "year": 2009, "partner": 254}, {"g": "f", "item": "Sawnwood (C)", "p": 0.0, "s": 0.0, "year": 2009, "partner": 254}, {"g": "f", "item": "Plywood", "p": 0.0, "s": 0.0, "year": 2009, "partner": 254}, {"g": "f", "item": "Paper+-Board Ex Newsprnt", "p": 35.0, "s": 26.0, "year": 2009, "partner": 254}, {"g": "f", "item": "Fibreboard", "p": 597.0, "s": 262.0, "year": 2010, "partner": 254}, {"g": "f", "item": "Ind Rwd Wir (NC) Other", "p": 0.0, "s": 0.0, "year": 2010, "partner": 254}, {"g": "f", "item": "Particle Board", "p": 0.0, "s": 0.0, "year": 2010, "partner": 254}, {"g": "f", "item": "Sawnwood (C)", "p": 0.0, "s": 0.0, "year": 2010, "partner": 254}, {"g": "f", "item": "Sawnwood (NC)", "p": 0.0, "s": 0.0, "year": 2010, "partner": 254}, {"g": "f", "item": "Plywood", "p": 0.0, "s": 0.0, "year": 2010, "partner": 254}, {"g": "f", "item": "Paper+-Board Ex Newsprnt", "p": 2.0, "s": 3.0, "year": 2010, "partner": 254}, {"g": "f", "item": "Fibreboard", "p": 597.0, "s": 263.0, "year": 2011, "partner": 254}, {"g": "f", "item": "Sawnwood (C)", "p": -916.0, "s": -323.0, "year": 2011, "partner": 254}, {"g": "f", "item": "Newsprint", "p": 0.0, "s": 0.0, "year": 2011, "partner": 254}, {"g": "f", "item": "Plywood", "p": 0.0, "s": 0.0, "year": 2011, "partner": 254}, {"g": "f", "item": "Paper+-Board Ex Newsprnt", "p": 172.0, "s": 183.0, "year": 2011, "partner": 254}, {"g": "f", "item": "Fibreboard", "p": 1.0, "s": 0.0, "year": 2012, "partner": 254}, {"g": "f", "item": "Sawnwood (C)", "p": -505.0, "s": -377.0, "year": 2012, "partner": 254}, {"g": "f", "item": "Sawnwood (NC)", "p": 0.0, "s": 0.0, "year": 2012, "partner": 254}, {"g": "f", "item": "Plywood", "p": 0.0, "s": 1.0, "year": 2012, "partner": 254}, {"g": "f", "item": "Paper+-Board Ex Newsprnt", "p": 171.0, "s": 119.0, "year": 2012, "partner": 254}, {"g": "f", "item": "Fibreboard", "p": 0.0, "s": 0.0, "year": 2013, "partner": 254}, {"g": "f", "item": "Sawnwood (C)", "p": 0.0, "s": 0.0, "year": 2013, "partner": 254}, {"g": "f", "item": "Sawnwood (NC)", "p": 0.0, "s": 0.0, "year": 2013, "partner": 254}, {"g": "f", "item": "Plywood", "p": 0.0, "s": 0.0, "year": 2013, "partner": 254}, {"g": "f", "item": "Paper+-Board Ex Newsprnt", "p": 54.0, "s": 75.0, "year": 2013, "partner": 254}, {"g": "f", "item": "Sawnwood (C)", "p": 0.0, "s": 0.0, "year": 2014, "partner": 254}, {"g": "f", "item": "Paper+-Board Ex Newsprnt", "p": 140.0, "s": 144.0, "year": 2014, "partner": 254}, {"g": "f", "item": "Plywood", "p": 0.0, "s": 0.0, "year": 2014, "partner": 254}, {"g": "f", "item": "Fibreboard", "p": 131.0, "s": 49.0, "year": 2014, "partner": 254}]