[{"g": "m", "item": "Paper+-Board Ex Newsprnt", "p": 48.0, "s": 26.0, "year": 2008, "partner": 165}, {"g": "m", "item": "Paper+-Board Ex Newsprnt", "p": 18.0, "s": 11.0, "year": 2003, "partner": 165}, {"g": "m", "item": "Paper+-Board Ex Newsprnt", "p": 21.0, "s": 44.0, "year": 2005, "partner": 165}, {"g": "m", "item": "Sawnwood (NC)", "p": 20.0, "s": 11.0, "year": 2005, "partner": 165}, {"g": "m", "item": "Plywood", "p": 29.0, "s": 15.0, "year": 2004, "partner": 98}, {"g": "m", "item": "Plywood", "p": 29.0, "s": 15.0, "year": 2005, "partner": 98}, {"g": "m", "item": "Sawnwood (NC)", "p": 17.0, "s": 22.0, "year": 2008, "partner": 131}, {"g": "m", "item": "Sawnwood (NC)", "p": 69.0, "s": 105.0, "year": 2009, "partner": 131}, {"g": "m", "item": "Ind Rwd Wir (C)", "p": 269.0, "s": 14.0, "year": 2009, "partner": 131}, {"g": "m", "item": "Ind Rwd Wir (NC) Tropica", "p": 49.0, "s": 36.0, "year": 2010, "partner": 131}, {"g": "m", "item": "Sawnwood (NC)", "p": 13.0, "s": 13.0, "year": 2010, "partner": 131}, {"g": "m", "item": "Ind Rwd Wir (NC) Tropica", "p": 46.0, "s": 31.0, "year": 2011, "partner": 131}, {"g": "m", "item": "Sawnwood (NC)", "p": 14.0, "s": 20.0, "year": 2012, "partner": 131}, {"g": "m", "item": "Ind Rwd Wir (NC) Tropica", "p": 17.0, "s": 5.0, "year": 2004, "partner": 100}, {"g": "m", "item": "Ind Rwd Wir (NC) Tropica", "p": 42.0, "s": 30.0, "year": 2011, "partner": 101}, {"g": "m", "item": "Sawnwood (NC)", "p": 0.0, "s": 0.0, "year": 2002, "partner": 5009}, {"g": "m", "item": "Plywood", "p": 0.0, "s": 0.0, "year": 2002, "partner": 5009}, {"g": "m", "item": "Paper+-Board Ex Newsprnt", "p": 18.0, "s": 11.0, "year": 2003, "partner": 5009}, {"g": "m", "item": "Ind Rwd Wir (NC) Tropica", "p": 47.0, "s": 7.0, "year": 2004, "partner": 5009}, {"g": "m", "item": "Ind Rwd Wir (NC) Other", "p": 1008.0, "s": 59.0, "year": 2004, "partner": 5009}, {"g": "m", "item": "Plywood", "p": 46.0, "s": 15.0, "year": 2004, "partner": 5009}, {"g": "m", "item": "Paper+-Board Ex Newsprnt", "p": 18.0, "s": 11.0, "year": 2005, "partner": 5009}, {"g": "m", "item": "Ind Rwd Wir (NC) Other", "p": 1008.0, "s": 59.0, "year": 2005, "partner": 5009}, {"g": "m", "item": "Plywood", "p": 46.0, "s": 15.0, "year": 2005, "partner": 5009}, {"g": "m", "item": "Ind Rwd Wir (NC) Tropica", "p": 65.0, "s": 49.0, "year": 2007, "partner": 5009}, {"g": "m", "item": "Paper+-Board Ex Newsprnt", "p": 67.0, "s": 37.0, "year": 2008, "partner": 5009}, {"g": "m", "item": "Sawnwood (NC)", "p": 17.0, "s": 22.0, "year": 2008, "partner": 5009}, {"g": "m", "item": "Ind Rwd Wir (NC) Tropica", "p": 10.0, "s": 9.0, "year": 2009, "partner": 5009}, {"g": "m", "item": "Sawnwood (NC)", "p": 69.0, "s": 105.0, "year": 2009, "partner": 5009}, {"g": "m", "item": "Ind Rwd Wir (C)", "p": 269.0, "s": 14.0, "year": 2009, "partner": 5009}, {"g": "m", "item": "Ind Rwd Wir (NC) Tropica", "p": 340.0, "s": 168.0, "year": 2010, "partner": 5009}, {"g": "m", "item": "Newsprint", "p": 4.0, "s": 1242.0, "year": 2010, "partner": 5009}, {"g": "m", "item": "Sawnwood (NC)", "p": 158.0, "s": 150.0, "year": 2010, "partner": 5009}, {"g": "m", "item": "Paper+-Board Ex Newsprnt", "p": 152.0, "s": 1187.0, "year": 2010, "partner": 5009}, {"g": "m", "item": "Ind Rwd Wir (NC) Tropica", "p": 127.0, "s": 75.0, "year": 2011, "partner": 5009}, {"g": "m", "item": "Sawnwood (NC)", "p": 663.0, "s": 646.0, "year": 2011, "partner": 5009}, {"g": "m", "item": "Ind Rwd Wir (NC) Other", "p": 588.0, "s": 865.0, "year": 2011, "partner": 5009}, {"g": "m", "item": "Chips and Particles", "p": 9.0, "s": 214.0, "year": 2012, "partner": 5009}, {"g": "m", "item": "Ind Rwd Wir (NC) Tropica", "p": 52.0, "s": 65.0, "year": 2012, "partner": 5009}, {"g": "m", "item": "Sawnwood (NC)", "p": 44.0, "s": 66.0, "year": 2012, "partner": 5009}, {"g": "m", "item": "Ind Rwd Wir (NC) Other", "p": 80.0, "s": 325.0, "year": 2012, "partner": 5009}, {"g": "m", "item": "Paper+-Board Ex Newsprnt", "p": 66.0, "s": 1090.0, "year": 2013, "partner": 5009}, {"g": "m", "item": "Sawnwood (NC)", "p": 24.0, "s": 31.0, "year": 2013, "partner": 5009}, {"g": "m", "item": "Ind Rwd Wir (NC) Other", "p": 16.0, "s": 23.0, "year": 2013, "partner": 5009}, {"g": "m", "item": "Plywood", "p": 3.0, "s": 1.0, "year": 2013, "partner": 5009}, {"g": "m", "item": "Ind Rwd Wir (NC) Other", "p": 5.0, "s": 13.0, "year": 2014, "partner": 5009}, {"g": "m", "item": "Plywood", "p": 3.0, "s": 1.0, "year": 2013, "partner": 168}, {"g": "m", "item": "Sawnwood (NC)", "p": 19.0, "s": 20.0, "year": 2002, "partner": 10}, {"g": "m", "item": "Plywood", "p": 8.0, "s": 3.0, "year": 2002, "partner": 10}, {"g": "m", "item": "Sawnwood (NC)", "p": 48.0, "s": 64.0, "year": 2010, "partner": 10}, {"g": "m", "item": "Paper+-Board Ex Newsprnt", "p": 2.0, "s": 5.0, "year": 2010, "partner": 107}, {"g": "m", "item": "Ind Rwd Wir (NC) Tropica", "p": 23.0, "s": 2.0, "year": 2004, "partner": 174}, {"g": "m", "item": "Particle Board", "p": 16.0, "s": 3.0, "year": 2006, "partner": 143}, {"g": "m", "item": "Paper+-Board Ex Newsprnt", "p": 24.0, "s": 1.0, "year": 2013, "partner": 200}, {"g": "m", "item": "Sawnwood (NC)", "p": 10.0, "s": 14.0, "year": 2013, "partner": 200}, {"g": "m", "item": "Paper+-Board Ex Newsprnt", "p": 19.0, "s": 11.0, "year": 2008, "partner": 195}, {"g": "m", "item": "Paper+-Board Ex Newsprnt", "p": 147.0, "s": 137.0, "year": 2010, "partner": 195}, {"g": "m", "item": "Paper+-Board Ex Newsprnt", "p": 4.0, "s": 1046.0, "year": 2010, "partner": 159}, {"g": "m", "item": "Newsprint", "p": 4.0, "s": 1242.0, "year": 2010, "partner": 159}, {"g": "m", "item": "Wood Pulp", "p": 1.0, "s": 0.0, "year": 2010, "partner": 159}, {"g": "m", "item": "Ind Rwd Wir (NC) Other", "p": 15.0, "s": 59.0, "year": 2004, "partner": 252}, {"g": "m", "item": "Ind Rwd Wir (NC) Other", "p": 449.0, "s": 249.0, "year": 2005, "partner": 252}, {"g": "m", "item": "Sawnwood (NC)", "p": 58.0, "s": 52.0, "year": 2010, "partner": 252}, {"g": "m", "item": "Ind Rwd Wir (NC) Other", "p": 25.0, "s": 139.0, "year": 2011, "partner": 252}, {"g": "m", "item": "Sawnwood (NC)", "p": 30.0, "s": 33.0, "year": 2012, "partner": 252}, {"g": "m", "item": "Ind Rwd Wir (NC) Other", "p": 28.0, "s": 273.0, "year": 2012, "partner": 252}, {"g": "m", "item": "Sawnwood (NC)", "p": 14.0, "s": 17.0, "year": 2013, "partner": 252}, {"g": "m", "item": "Ind Rwd Wir (NC) Other", "p": 5.0, "s": 11.0, "year": 2013, "partner": 252}, {"g": "m", "item": "Ind Rwd Wir (NC) Other", "p": 5.0, "s": 13.0, "year": 2014, "partner": 252}, {"g": "m", "item": "Sawnwood (NC)", "p": 0.0, "s": 0.0, "year": 2002, "partner": 254}, {"g": "m", "item": "Plywood", "p": 0.0, "s": 0.0, "year": 2002, "partner": 254}, {"g": "m", "item": "Paper+-Board Ex Newsprnt", "p": 0.0, "s": 0.0, "year": 2003, "partner": 254}, {"g": "m", "item": "Ind Rwd Wir (NC) Tropica", "p": 7.0, "s": 0.0, "year": 2004, "partner": 254}, {"g": "m", "item": "Ind Rwd Wir (NC) Other", "p": 993.0, "s": 0.0, "year": 2004, "partner": 254}, {"g": "m", "item": "Plywood", "p": 17.0, "s": 0.0, "year": 2004, "partner": 254}, {"g": "m", "item": "Paper+-Board Ex Newsprnt", "p": -3.0, "s": -33.0, "year": 2005, "partner": 254}, {"g": "m", "item": "Ind Rwd Wir (NC) Other", "p": 559.0, "s": -190.0, "year": 2005, "partner": 254}, {"g": "m", "item": "Plywood", "p": 17.0, "s": 0.0, "year": 2005, "partner": 254}, {"g": "m", "item": "Paper+-Board Ex Newsprnt", "p": 0.0, "s": 0.0, "year": 2008, "partner": 254}, {"g": "m", "item": "Sawnwood (NC)", "p": 0.0, "s": 0.0, "year": 2008, "partner": 254}, {"g": "m", "item": "Ind Rwd Wir (NC) Tropica", "p": 0.0, "s": 0.0, "year": 2009, "partner": 254}, {"g": "m", "item": "Sawnwood (NC)", "p": 0.0, "s": 0.0, "year": 2009, "partner": 254}, {"g": "m", "item": "Ind Rwd Wir (C)", "p": 0.0, "s": 0.0, "year": 2009, "partner": 254}, {"g": "m", "item": "Ind Rwd Wir (NC) Tropica", "p": 0.0, "s": 0.0, "year": 2010, "partner": 254}, {"g": "m", "item": "Newsprint", "p": 0.0, "s": 0.0, "year": 2010, "partner": 254}, {"g": "m", "item": "Sawnwood (NC)", "p": 0.0, "s": 0.0, "year": 2010, "partner": 254}, {"g": "m", "item": "Paper+-Board Ex Newsprnt", "p": 0.0, "s": 0.0, "year": 2010, "partner": 254}, {"g": "m", "item": "Ind Rwd Wir (NC) Tropica", "p": 0.0, "s": 0.0, "year": 2011, "partner": 254}, {"g": "m", "item": "Sawnwood (NC)", "p": 0.0, "s": 0.0, "year": 2011, "partner": 254}, {"g": "m", "item": "Ind Rwd Wir (NC) Other", "p": 0.0, "s": 0.0, "year": 2011, "partner": 254}, {"g": "m", "item": "Chips and Particles", "p": 0.0, "s": 0.0, "year": 2012, "partner": 254}, {"g": "m", "item": "Ind Rwd Wir (NC) Tropica", "p": 0.0, "s": 0.0, "year": 2012, "partner": 254}, {"g": "m", "item": "Sawnwood (NC)", "p": 0.0, "s": 13.0, "year": 2012, "partner": 254}, {"g": "m", "item": "Ind Rwd Wir (NC) Other", "p": 0.0, "s": 0.0, "year": 2012, "partner": 254}, {"g": "m", "item": "Paper+-Board Ex Newsprnt", "p": 42.0, "s": 1089.0, "year": 2013, "partner": 254}, {"g": "m", "item": "Sawnwood (NC)", "p": 0.0, "s": 0.0, "year": 2013, "partner": 254}, {"g": "m", "item": "Ind Rwd Wir (NC) Other", "p": 0.0, "s": 0.0, "year": 2013, "partner": 254}, {"g": "m", "item": "Plywood", "p": 0.0, "s": 0.0, "year": 2013, "partner": 254}, {"g": "m", "item": "Ind Rwd Wir (NC) Other", "p": 0.0, "s": 0.0, "year": 2014, "partner": 254}, {"g": "m", "item": "Ind Rwd Wir (NC) Tropica", "p": 65.0, "s": 49.0, "year": 2007, "partner": 351}, {"g": "m", "item": "Ind Rwd Wir (NC) Tropica", "p": 10.0, "s": 9.0, "year": 2009, "partner": 351}, {"g": "m", "item": "Ind Rwd Wir (NC) Tropica", "p": 290.0, "s": 132.0, "year": 2010, "partner": 351}, {"g": "m", "item": "Sawnwood (NC)", "p": 38.0, "s": 21.0, "year": 2010, "partner": 351}, {"g": "m", "item": "Ind Rwd Wir (NC) Tropica", "p": 39.0, "s": 14.0, "year": 2011, "partner": 351}, {"g": "m", "item": "Sawnwood (NC)", "p": 663.0, "s": 646.0, "year": 2011, "partner": 351}, {"g": "m", "item": "Ind Rwd Wir (NC) Other", "p": 563.0, "s": 726.0, "year": 2011, "partner": 351}, {"g": "m", "item": "Chips and Particles", "p": 9.0, "s": 214.0, "year": 2012, "partner": 351}, {"g": "m", "item": "Ind Rwd Wir (NC) Tropica", "p": 52.0, "s": 65.0, "year": 2012, "partner": 351}, {"g": "m", "item": "Ind Rwd Wir (NC) Other", "p": 52.0, "s": 52.0, "year": 2012, "partner": 351}, {"g": "m", "item": "Ind Rwd Wir (NC) Other", "p": 11.0, "s": 13.0, "year": 2013, "partner": 351}, {"g": "f", "item": "Sawnwood (NC)", "p": 8.0, "s": 2.0, "year": 2003, "partner": 131}, {"g": "f", "item": "Sawnwood (NC)", "p": 12.0, "s": 9.0, "year": 2009, "partner": 131}, {"g": "f", "item": "Sawnwood (NC)", "p": 134.0, "s": 105.0, "year": 2010, "partner": 131}, {"g": "f", "item": "Sawnwood (NC)", "p": 28.0, "s": 30.0, "year": 2011, "partner": 131}, {"g": "f", "item": "Plywood", "p": 2.0, "s": 2.0, "year": 2012, "partner": 131}, {"g": "f", "item": "Plywood", "p": 4.0, "s": 2.0, "year": 2013, "partner": 131}, {"g": "f", "item": "Sawnwood (C)", "p": 865.0, "s": 18.0, "year": 2002, "partner": 10}, {"g": "f", "item": "Veneer Sheets", "p": 5.0, "s": 4.0, "year": 2002, "partner": 10}, {"g": "f", "item": "Paper+-Board Ex Newsprnt", "p": 26.0, "s": 77.0, "year": 2002, "partner": 10}, {"g": "f", "item": "Plywood", "p": 19.0, "s": 7.0, "year": 2002, "partner": 10}, {"g": "f", "item": "Ind Rwd Wir (NC) Tropica", "p": 44.0, "s": 13.0, "year": 2003, "partner": 10}, {"g": "f", "item": "Sawnwood (C)", "p": 3.0, "s": 7.0, "year": 2003, "partner": 10}, {"g": "f", "item": "Sawnwood (NC)", "p": 19.0, "s": 28.0, "year": 2003, "partner": 10}, {"g": "f", "item": "Ind Rwd Wir (C)", "p": 431.0, "s": 26.0, "year": 2003, "partner": 10}, {"g": "f", "item": "Paper+-Board Ex Newsprnt", "p": 10.0, "s": 48.0, "year": 2003, "partner": 10}, {"g": "f", "item": "Paper+-Board Ex Newsprnt", "p": 8.0, "s": 13.0, "year": 2004, "partner": 10}, {"g": "f", "item": "Sawnwood (NC)", "p": 95.0, "s": 43.0, "year": 2004, "partner": 10}, {"g": "f", "item": "Veneer Sheets", "p": 1.0, "s": 2.0, "year": 2005, "partner": 10}, {"g": "f", "item": "Sawnwood (NC)", "p": 160.0, "s": 64.0, "year": 2005, "partner": 10}, {"g": "f", "item": "Plywood", "p": 9.0, "s": 6.0, "year": 2005, "partner": 10}, {"g": "f", "item": "Plywood", "p": 46.0, "s": 32.0, "year": 2006, "partner": 10}, {"g": "f", "item": "Sawnwood (NC)", "p": 8.0, "s": 5.0, "year": 2008, "partner": 10}, {"g": "f", "item": "Plywood", "p": 104.0, "s": 94.0, "year": 2008, "partner": 10}, {"g": "f", "item": "Paper+-Board Ex Newsprnt", "p": 6.0, "s": 39.0, "year": 2009, "partner": 10}, {"g": "f", "item": "Veneer Sheets", "p": 4.0, "s": 15.0, "year": 2009, "partner": 10}, {"g": "f", "item": "Sawnwood (NC)", "p": 3.0, "s": 2.0, "year": 2009, "partner": 10}, {"g": "f", "item": "Plywood", "p": 6.0, "s": 5.0, "year": 2009, "partner": 10}, {"g": "f", "item": "Sawnwood (C)", "p": 35.0, "s": 15.0, "year": 2010, "partner": 10}, {"g": "f", "item": "Sawnwood (NC)", "p": 7.0, "s": 6.0, "year": 2010, "partner": 10}, {"g": "f", "item": "Sawnwood (C)", "p": 1.0, "s": 14.0, "year": 2012, "partner": 10}, {"g": "f", "item": "Particle Board", "p": 4.0, "s": 8.0, "year": 2013, "partner": 10}, {"g": "f", "item": "Sawnwood (C)", "p": 25.0, "s": 22.0, "year": 2013, "partner": 10}, {"g": "f", "item": "Sawnwood (NC)", "p": 7.0, "s": 9.0, "year": 2013, "partner": 10}, {"g": "f", "item": "Ind Rwd Wir (C)", "p": 1094.0, "s": 67.0, "year": 2013, "partner": 10}, {"g": "f", "item": "Plywood", "p": 5.0, "s": 5.0, "year": 2013, "partner": 10}, {"g": "f", "item": "Sawnwood (C)", "p": 4.0, "s": 7.0, "year": 2014, "partner": 10}, {"g": "f", "item": "Paper+-Board Ex Newsprnt", "p": 15.0, "s": 69.0, "year": 2014, "partner": 10}, {"g": "f", "item": "Wood Pulp", "p": 14.0, "s": 27.0, "year": 2002, "partner": 5009}, {"g": "f", "item": "Veneer Sheets", "p": 0.0, "s": 0.0, "year": 2002, "partner": 5009}, {"g": "f", "item": "Particle Board", "p": 0.0, "s": 0.0, "year": 2002, "partner": 5009}, {"g": "f", "item": "Sawnwood (C)", "p": 9.0, "s": 2.0, "year": 2002, "partner": 5009}, {"g": "f", "item": "Sawnwood (NC)", "p": 13.0, "s": 14.0, "year": 2002, "partner": 5009}, {"g": "f", "item": "Plywood", "p": 108.0, "s": 64.0, "year": 2002, "partner": 5009}, {"g": "f", "item": "Paper+-Board Ex Newsprnt", "p": 123.0, "s": 56.0, "year": 2002, "partner": 5009}, {"g": "f", "item": "Ind Rwd Wir (NC) Tropica", "p": 44.0, "s": 13.0, "year": 2003, "partner": 5009}, {"g": "f", "item": "Wood Pulp", "p": 26.0, "s": 14.0, "year": 2003, "partner": 5009}, {"g": "f", "item": "Sawnwood (C)", "p": 5.0, "s": 9.0, "year": 2003, "partner": 5009}, {"g": "f", "item": "Sawnwood (NC)", "p": 27.0, "s": 30.0, "year": 2003, "partner": 5009}, {"g": "f", "item": "Ind Rwd Wir (C)", "p": 431.0, "s": 26.0, "year": 2003, "partner": 5009}, {"g": "f", "item": "Paper+-Board Ex Newsprnt", "p": 76.0, "s": 125.0, "year": 2003, "partner": 5009}, {"g": "f", "item": "Wood Pulp", "p": 35.0, "s": 15.0, "year": 2004, "partner": 5009}, {"g": "f", "item": "Fibreboard", "p": 196.0, "s": 91.0, "year": 2004, "partner": 5009}, {"g": "f", "item": "Sawnwood (C)", "p": 98.0, "s": 17.0, "year": 2004, "partner": 5009}, {"g": "f", "item": "Sawnwood (NC)", "p": 140.0, "s": 43.0, "year": 2004, "partner": 5009}, {"g": "f", "item": "Paper+-Board Ex Newsprnt", "p": 213.0, "s": 184.0, "year": 2004, "partner": 5009}, {"g": "f", "item": "Veneer Sheets", "p": 33.0, "s": 26.0, "year": 2005, "partner": 5009}, {"g": "f", "item": "Sawnwood (C)", "p": 98.0, "s": 17.0, "year": 2005, "partner": 5009}, {"g": "f", "item": "Sawnwood (NC)", "p": 140.0, "s": 43.0, "year": 2005, "partner": 5009}, {"g": "f", "item": "Ind Rwd Wir (C)", "p": 431.0, "s": 26.0, "year": 2005, "partner": 5009}, {"g": "f", "item": "Paper+-Board Ex Newsprnt", "p": 213.0, "s": 184.0, "year": 2005, "partner": 5009}, {"g": "f", "item": "Plywood", "p": 108.0, "s": 64.0, "year": 2005, "partner": 5009}, {"g": "f", "item": "Paper+-Board Ex Newsprnt", "p": 213.0, "s": 184.0, "year": 2006, "partner": 5009}, {"g": "f", "item": "Plywood", "p": 108.0, "s": 64.0, "year": 2006, "partner": 5009}, {"g": "f", "item": "Fibreboard", "p": 196.0, "s": 91.0, "year": 2006, "partner": 5009}, {"g": "f", "item": "Paper+-Board Ex Newsprnt", "p": 175.0, "s": 171.0, "year": 2007, "partner": 5009}, {"g": "f", "item": "Fibreboard", "p": 203.0, "s": 95.0, "year": 2007, "partner": 5009}, {"g": "f", "item": "Paper+-Board Ex Newsprnt", "p": 192.0, "s": 199.0, "year": 2008, "partner": 5009}, {"g": "f", "item": "Sawnwood (NC)", "p": 8.0, "s": 5.0, "year": 2008, "partner": 5009}, {"g": "f", "item": "Plywood", "p": 143.0, "s": 141.0, "year": 2008, "partner": 5009}, {"g": "f", "item": "Wood Pulp", "p": 38.0, "s": 20.0, "year": 2009, "partner": 5009}, {"g": "f", "item": "Veneer Sheets", "p": 4.0, "s": 15.0, "year": 2009, "partner": 5009}, {"g": "f", "item": "Sawnwood (NC)", "p": 15.0, "s": 12.0, "year": 2009, "partner": 5009}, {"g": "f", "item": "Plywood", "p": 100.0, "s": 125.0, "year": 2009, "partner": 5009}, {"g": "f", "item": "Paper+-Board Ex Newsprnt", "p": 262.0, "s": 263.0, "year": 2009, "partner": 5009}, {"g": "f", "item": "Veneer Sheets", "p": 4.0, "s": 6.0, "year": 2010, "partner": 5009}, {"g": "f", "item": "Sawnwood (C)", "p": 85.0, "s": 36.0, "year": 2010, "partner": 5009}, {"g": "f", "item": "Sawnwood (NC)", "p": 140.0, "s": 111.0, "year": 2010, "partner": 5009}, {"g": "f", "item": "Plywood", "p": 560.0, "s": 408.0, "year": 2010, "partner": 5009}, {"g": "f", "item": "Paper+-Board Ex Newsprnt", "p": 222.0, "s": 240.0, "year": 2010, "partner": 5009}, {"g": "f", "item": "Sawnwood (C)", "p": 32.0, "s": 15.0, "year": 2011, "partner": 5009}, {"g": "f", "item": "Paper+-Board Ex Newsprnt", "p": 852.0, "s": 1007.0, "year": 2011, "partner": 5009}, {"g": "f", "item": "Sawnwood (NC)", "p": 35.0, "s": 36.0, "year": 2011, "partner": 5009}, {"g": "f", "item": "Plywood", "p": 1283.0, "s": 1356.0, "year": 2011, "partner": 5009}, {"g": "f", "item": "Sawnwood (C)", "p": 2.0, "s": 14.0, "year": 2012, "partner": 5009}, {"g": "f", "item": "Paper+-Board Ex Newsprnt", "p": 984.0, "s": 1083.0, "year": 2012, "partner": 5009}, {"g": "f", "item": "Plywood", "p": 2348.0, "s": 2309.0, "year": 2012, "partner": 5009}, {"g": "f", "item": "Fibreboard", "p": 16.0, "s": 20.0, "year": 2012, "partner": 5009}, {"g": "f", "item": "Wood Pulp", "p": 40.0, "s": 39.0, "year": 2013, "partner": 5009}, {"g": "f", "item": "Ind Rwd Wir (NC) Other", "p": 5.0, "s": 2.0, "year": 2013, "partner": 5009}, {"g": "f", "item": "Veneer Sheets", "p": 4.0, "s": 20.0, "year": 2013, "partner": 5009}, {"g": "f", "item": "Particle Board", "p": 109.0, "s": 70.0, "year": 2013, "partner": 5009}, {"g": "f", "item": "Sawnwood (C)", "p": 26.0, "s": 23.0, "year": 2013, "partner": 5009}, {"g": "f", "item": "Sawnwood (NC)", "p": 7.0, "s": 9.0, "year": 2013, "partner": 5009}, {"g": "f", "item": "Ind Rwd Wir (C)", "p": 1208.0, "s": 74.0, "year": 2013, "partner": 5009}, {"g": "f", "item": "Paper+-Board Ex Newsprnt", "p": 621.0, "s": 318.0, "year": 2013, "partner": 5009}, {"g": "f", "item": "Plywood", "p": 3031.0, "s": 912.0, "year": 2013, "partner": 5009}, {"g": "f", "item": "Fibreboard", "p": 19.0, "s": 30.0, "year": 2014, "partner": 5009}, {"g": "f", "item": "Ind Rwd Wir (NC) Other", "p": 14.0, "s": 8.0, "year": 2014, "partner": 5009}, {"g": "f", "item": "Veneer Sheets", "p": 4.0, "s": 33.0, "year": 2014, "partner": 5009}, {"g": "f", "item": "Particle Board", "p": 2.0, "s": 1.0, "year": 2014, "partner": 5009}, {"g": "f", "item": "Sawnwood (C)", "p": 4.0, "s": 7.0, "year": 2014, "partner": 5009}, {"g": "f", "item": "Newsprint", "p": 9.0, "s": 4.0, "year": 2014, "partner": 5009}, {"g": "f", "item": "Plywood", "p": 3463.0, "s": 2928.0, "year": 2014, "partner": 5009}, {"g": "f", "item": "Paper+-Board Ex Newsprnt", "p": 1017.0, "s": 1220.0, "year": 2014, "partner": 5009}, {"g": "f", "item": "Plywood", "p": 2.0, "s": 0.0, "year": 2013, "partner": 21}, {"g": "f", "item": "Wood Pulp", "p": 24.0, "s": 15.0, "year": 2004, "partner": 150}, {"g": "f", "item": "Plywood", "p": 19.0, "s": 30.0, "year": 2008, "partner": 156}, {"g": "f", "item": "Sawnwood (C)", "p": 32.0, "s": 8.0, "year": 2004, "partner": 156}, {"g": "f", "item": "Plywood", "p": 5.0, "s": 10.0, "year": 2013, "partner": 171}, {"g": "f", "item": "Sawnwood (C)", "p": 20.0, "s": 9.0, "year": 2004, "partner": 173}, {"g": "f", "item": "Particle Board", "p": 1162.0, "s": 160.0, "year": 2006, "partner": 174}, {"g": "f", "item": "Fibreboard", "p": 865.0, "s": 148.0, "year": 2006, "partner": 174}, {"g": "f", "item": "Plywood", "p": 15.0, "s": 25.0, "year": 2009, "partner": 174}, {"g": "f", "item": "Veneer Sheets", "p": 4.0, "s": 6.0, "year": 2010, "partner": 174}, {"g": "f", "item": "Fibreboard", "p": 4.0, "s": 7.0, "year": 2012, "partner": 174}, {"g": "f", "item": "Particle Board", "p": 20.0, "s": 3.0, "year": 2013, "partner": 174}, {"g": "f", "item": "Paper+-Board Ex Newsprnt", "p": 6.0, "s": 6.0, "year": 2011, "partner": 200}, {"g": "f", "item": "Plywood", "p": 25.0, "s": 31.0, "year": 2011, "partner": 200}, {"g": "f", "item": "Paper+-Board Ex Newsprnt", "p": 5.0, "s": 11.0, "year": 2012, "partner": 200}, {"g": "f", "item": "Paper+-Board Ex Newsprnt", "p": 4.0, "s": 5.0, "year": 2013, "partner": 200}, {"g": "f", "item": "Particle Board", "p": 8.0, "s": 5.0, "year": 2013, "partner": 200}, {"g": "f", "item": "Plywood", "p": 41.0, "s": 33.0, "year": 2013, "partner": 200}, {"g": "f", "item": "Paper+-Board Ex Newsprnt", "p": 16.0, "s": 39.0, "year": 2014, "partner": 200}, {"g": "f", "item": "Veneer Sheets", "p": 4.0, "s": 33.0, "year": 2014, "partner": 200}, {"g": "f", "item": "Plywood", "p": 24.0, "s": 38.0, "year": 2014, "partner": 200}, {"g": "f", "item": "Paper+-Board Ex Newsprnt", "p": 60.0, "s": 123.0, "year": 2002, "partner": 79}, {"g": "f", "item": "Particle Board", "p": 22.0, "s": 13.0, "year": 2002, "partner": 79}, {"g": "f", "item": "Wood Pulp", "p": 21.0, "s": 21.0, "year": 2002, "partner": 79}, {"g": "f", "item": "Paper+-Board Ex Newsprnt", "p": 66.0, "s": 77.0, "year": 2003, "partner": 79}, {"g": "f", "item": "Wood Pulp", "p": 2.0, "s": 2.0, "year": 2003, "partner": 79}, {"g": "f", "item": "Paper+-Board Ex Newsprnt", "p": 108.0, "s": 91.0, "year": 2004, "partner": 79}, {"g": "f", "item": "Fibreboard", "p": 116.0, "s": 91.0, "year": 2004, "partner": 79}, {"g": "f", "item": "Sawnwood (C)", "p": 43.0, "s": 10.0, "year": 2005, "partner": 79}, {"g": "f", "item": "Paper+-Board Ex Newsprnt", "p": 43.0, "s": 27.0, "year": 2005, "partner": 79}, {"g": "f", "item": "Paper+-Board Ex Newsprnt", "p": 18.0, "s": 14.0, "year": 2006, "partner": 79}, {"g": "f", "item": "Paper+-Board Ex Newsprnt", "p": 25.0, "s": 60.0, "year": 2009, "partner": 79}, {"g": "f", "item": "Wood Pulp", "p": 3.0, "s": 5.0, "year": 2009, "partner": 79}, {"g": "f", "item": "Wood Pulp", "p": 24.0, "s": 12.0, "year": 2003, "partner": 210}, {"g": "f", "item": "Paper+-Board Ex Newsprnt", "p": 18.0, "s": 14.0, "year": 2005, "partner": 216}, {"g": "f", "item": "Paper+-Board Ex Newsprnt", "p": 54.0, "s": 41.0, "year": 2006, "partner": 216}, {"g": "f", "item": "Paper+-Board Ex Newsprnt", "p": 57.0, "s": 44.0, "year": 2007, "partner": 216}, {"g": "f", "item": "Paper+-Board Ex Newsprnt", "p": 131.0, "s": 128.0, "year": 2008, "partner": 216}, {"g": "f", "item": "Paper+-Board Ex Newsprnt", "p": 74.0, "s": 70.0, "year": 2009, "partner": 216}, {"g": "f", "item": "Paper+-Board Ex Newsprnt", "p": 39.0, "s": 39.0, "year": 2010, "partner": 216}, {"g": "f", "item": "Paper+-Board Ex Newsprnt", "p": 26.0, "s": 33.0, "year": 2011, "partner": 216}, {"g": "f", "item": "Paper+-Board Ex Newsprnt", "p": 29.0, "s": 30.0, "year": 2012, "partner": 216}, {"g": "f", "item": "Paper+-Board Ex Newsprnt", "p": 8.0, "s": 8.0, "year": 2013, "partner": 216}, {"g": "f", "item": "Wood Pulp", "p": 2.0, "s": 21.0, "year": 2013, "partner": 216}, {"g": "f", "item": "Paper+-Board Ex Newsprnt", "p": 4.0, "s": 5.0, "year": 2014, "partner": 216}, {"g": "f", "item": "Paper+-Board Ex Newsprnt", "p": 2.0, "s": 3.0, "year": 2006, "partner": 351}, {"g": "f", "item": "Plywood", "p": 248.0, "s": 81.0, "year": 2006, "partner": 351}, {"g": "f", "item": "Fibreboard", "p": 7.0, "s": 4.0, "year": 2007, "partner": 351}, {"g": "f", "item": "Plywood", "p": 20.0, "s": 17.0, "year": 2008, "partner": 351}, {"g": "f", "item": "Paper+-Board Ex Newsprnt", "p": 9.0, "s": 8.0, "year": 2009, "partner": 351}, {"g": "f", "item": "Plywood", "p": 80.0, "s": 95.0, "year": 2009, "partner": 351}, {"g": "f", "item": "Paper+-Board Ex Newsprnt", "p": 13.0, "s": 47.0, "year": 2010, "partner": 351}, {"g": "f", "item": "Plywood", "p": 531.0, "s": 380.0, "year": 2010, "partner": 351}, {"g": "f", "item": "Paper+-Board Ex Newsprnt", "p": 4.0, "s": 11.0, "year": 2011, "partner": 351}, {"g": "f", "item": "Plywood", "p": 248.0, "s": 150.0, "year": 2011, "partner": 351}, {"g": "f", "item": "Paper+-Board Ex Newsprnt", "p": 5.0, "s": 16.0, "year": 2012, "partner": 351}, {"g": "f", "item": "Plywood", "p": 1365.0, "s": 1178.0, "year": 2012, "partner": 351}, {"g": "f", "item": "Fibreboard", "p": 12.0, "s": 13.0, "year": 2012, "partner": 351}, {"g": "f", "item": "Ind Rwd Wir (NC) Other", "p": 5.0, "s": 2.0, "year": 2013, "partner": 351}, {"g": "f", "item": "Veneer Sheets", "p": 3.0, "s": 12.0, "year": 2013, "partner": 351}, {"g": "f", "item": "Particle Board", "p": 48.0, "s": 18.0, "year": 2013, "partner": 351}, {"g": "f", "item": "Plywood", "p": 2092.0, "s": 466.0, "year": 2013, "partner": 351}, {"g": "f", "item": "Paper+-Board Ex Newsprnt", "p": 24.0, "s": 25.0, "year": 2013, "partner": 351}, {"g": "f", "item": "Paper+-Board Ex Newsprnt", "p": 14.0, "s": 44.0, "year": 2014, "partner": 351}, {"g": "f", "item": "Ind Rwd Wir (NC) Other", "p": 14.0, "s": 8.0, "year": 2014, "partner": 351}, {"g": "f", "item": "Plywood", "p": 2918.0, "s": 2340.0, "year": 2014, "partner": 351}, {"g": "f", "item": "Fibreboard", "p": 7.0, "s": 11.0, "year": 2014, "partner": 351}, {"g": "f", "item": "Paper+-Board Ex Newsprnt", "p": 1.0, "s": 1.0, "year": 2004, "partner": 100}, {"g": "f", "item": "Paper+-Board Ex Newsprnt", "p": 813.0, "s": 950.0, "year": 2011, "partner": 101}, {"g": "f", "item": "Sawnwood (NC)", "p": 7.0, "s": 6.0, "year": 2011, "partner": 101}, {"g": "f", "item": "Plywood", "p": 1008.0, "s": 1167.0, "year": 2011, "partner": 101}, {"g": "f", "item": "Paper+-Board Ex Newsprnt", "p": 944.0, "s": 1001.0, "year": 2012, "partner": 101}, {"g": "f", "item": "Plywood", "p": 981.0, "s": 1116.0, "year": 2012, "partner": 101}, {"g": "f", "item": "Wood Pulp", "p": 3.0, "s": 3.0, "year": 2013, "partner": 101}, {"g": "f", "item": "Particle Board", "p": 28.0, "s": 34.0, "year": 2013, "partner": 101}, {"g": "f", "item": "Ind Rwd Wir (C)", "p": 58.0, "s": 4.0, "year": 2013, "partner": 101}, {"g": "f", "item": "Paper+-Board Ex Newsprnt", "p": 579.0, "s": 265.0, "year": 2013, "partner": 101}, {"g": "f", "item": "Plywood", "p": 881.0, "s": 383.0, "year": 2013, "partner": 101}, {"g": "f", "item": "Paper+-Board Ex Newsprnt", "p": 965.0, "s": 1041.0, "year": 2014, "partner": 101}, {"g": "f", "item": "Newsprint", "p": 9.0, "s": 4.0, "year": 2014, "partner": 101}, {"g": "f", "item": "Particle Board", "p": 2.0, "s": 1.0, "year": 2014, "partner": 101}, {"g": "f", "item": "Plywood", "p": 521.0, "s": 549.0, "year": 2014, "partner": 101}, {"g": "f", "item": "Paper+-Board Ex Newsprnt", "p": 14.0, "s": 32.0, "year": 2008, "partner": 231}, {"g": "f", "item": "Paper+-Board Ex Newsprnt", "p": 116.0, "s": 64.0, "year": 2009, "partner": 231}, {"g": "f", "item": "Paper+-Board Ex Newsprnt", "p": 3.0, "s": 9.0, "year": 2007, "partner": 231}, {"g": "f", "item": "Ind Rwd Wir (C)", "p": 56.0, "s": 3.0, "year": 2013, "partner": 105}, {"g": "f", "item": "Paper+-Board Ex Newsprnt", "p": 15.0, "s": 24.0, "year": 2007, "partner": 106}, {"g": "f", "item": "Sawnwood (C)", "p": 9.0, "s": 2.0, "year": 2002, "partner": 110}, {"g": "f", "item": "Sawnwood (NC)", "p": 13.0, "s": 14.0, "year": 2002, "partner": 110}, {"g": "f", "item": "Plywood", "p": 48.0, "s": 17.0, "year": 2002, "partner": 110}, {"g": "f", "item": "Sawnwood (C)", "p": 2.0, "s": 3.0, "year": 2003, "partner": 110}, {"g": "f", "item": "Ind Rwd Wir (C)", "p": 34.0, "s": 2.0, "year": 2005, "partner": 110}, {"g": "f", "item": "Plywood", "p": 8.0, "s": 5.0, "year": 2005, "partner": 110}, {"g": "f", "item": "Plywood", "p": 11.0, "s": 9.0, "year": 2006, "partner": 110}, {"g": "f", "item": "Sawnwood (C)", "p": 50.0, "s": 21.0, "year": 2010, "partner": 110}, {"g": "f", "item": "Plywood", "p": 28.0, "s": 27.0, "year": 2010, "partner": 110}, {"g": "f", "item": "Sawnwood (C)", "p": 32.0, "s": 14.0, "year": 2011, "partner": 110}, {"g": "f", "item": "Particle Board", "p": 1.0, "s": 1.0, "year": 2013, "partner": 117}, {"g": "f", "item": "Wood Pulp", "p": -7.0, "s": 6.0, "year": 2002, "partner": 254}, {"g": "f", "item": "Veneer Sheets", "p": 0.0, "s": 0.0, "year": 2002, "partner": 254}, {"g": "f", "item": "Particle Board", "p": 0.0, "s": 0.0, "year": 2002, "partner": 254}, {"g": "f", "item": "Sawnwood (C)", "p": -865.0, "s": -19.0, "year": 2002, "partner": 254}, {"g": "f", "item": "Sawnwood (NC)", "p": 0.0, "s": 0.0, "year": 2002, "partner": 254}, {"g": "f", "item": "Plywood", "p": 41.0, "s": 41.0, "year": 2002, "partner": 254}, {"g": "f", "item": "Paper+-Board Ex Newsprnt", "p": 27.0, "s": -164.0, "year": 2002, "partner": 254}, {"g": "f", "item": "Ind Rwd Wir (NC) Tropica", "p": 0.0, "s": 0.0, "year": 2003, "partner": 254}, {"g": "f", "item": "Wood Pulp", "p": 0.0, "s": 0.0, "year": 2003, "partner": 254}, {"g": "f", "item": "Sawnwood (C)", "p": 0.0, "s": 0.0, "year": 2003, "partner": 254}, {"g": "f", "item": "Sawnwood (NC)", "p": 0.0, "s": 0.0, "year": 2003, "partner": 254}, {"g": "f", "item": "Ind Rwd Wir (C)", "p": 0.0, "s": 0.0, "year": 2003, "partner": 254}, {"g": "f", "item": "Paper+-Board Ex Newsprnt", "p": 0.0, "s": 0.0, "year": 2003, "partner": 254}, {"g": "f", "item": "Wood Pulp", "p": 11.0, "s": 0.0, "year": 2004, "partner": 254}, {"g": "f", "item": "Fibreboard", "p": 80.0, "s": 0.0, "year": 2004, "partner": 254}, {"g": "f", "item": "Sawnwood (C)", "p": 46.0, "s": 0.0, "year": 2004, "partner": 254}, {"g": "f", "item": "Sawnwood (NC)", "p": 45.0, "s": 0.0, "year": 2004, "partner": 254}, {"g": "f", "item": "Paper+-Board Ex Newsprnt", "p": 96.0, "s": 79.0, "year": 2004, "partner": 254}, {"g": "f", "item": "Veneer Sheets", "p": 32.0, "s": 24.0, "year": 2005, "partner": 254}, {"g": "f", "item": "Sawnwood (C)", "p": 55.0, "s": 7.0, "year": 2005, "partner": 254}, {"g": "f", "item": "Sawnwood (NC)", "p": -20.0, "s": -21.0, "year": 2005, "partner": 254}, {"g": "f", "item": "Ind Rwd Wir (C)", "p": 397.0, "s": 24.0, "year": 2005, "partner": 254}, {"g": "f", "item": "Paper+-Board Ex Newsprnt", "p": 152.0, "s": 143.0, "year": 2005, "partner": 254}, {"g": "f", "item": "Plywood", "p": 91.0, "s": 53.0, "year": 2005, "partner": 254}, {"g": "f", "item": "Paper+-Board Ex Newsprnt", "p": 139.0, "s": 126.0, "year": 2006, "partner": 254}, {"g": "f", "item": "Plywood", "p": -197.0, "s": -58.0, "year": 2006, "partner": 254}, {"g": "f", "item": "Fibreboard", "p": -669.0, "s": -57.0, "year": 2006, "partner": 254}, {"g": "f", "item": "Paper+-Board Ex Newsprnt", "p": 99.0, "s": 94.0, "year": 2007, "partner": 254}, {"g": "f", "item": "Fibreboard", "p": 196.0, "s": 91.0, "year": 2007, "partner": 254}, {"g": "f", "item": "Paper+-Board Ex Newsprnt", "p": 47.0, "s": 39.0, "year": 2008, "partner": 254}, {"g": "f", "item": "Sawnwood (NC)", "p": 0.0, "s": 0.0, "year": 2008, "partner": 254}, {"g": "f", "item": "Plywood", "p": 0.0, "s": 0.0, "year": 2008, "partner": 254}, {"g": "f", "item": "Wood Pulp", "p": 35.0, "s": 15.0, "year": 2009, "partner": 254}, {"g": "f", "item": "Veneer Sheets", "p": 0.0, "s": 0.0, "year": 2009, "partner": 254}, {"g": "f", "item": "Sawnwood (NC)", "p": 0.0, "s": 0.0, "year": 2009, "partner": 254}, {"g": "f", "item": "Plywood", "p": 0.0, "s": 0.0, "year": 2009, "partner": 254}, {"g": "f", "item": "Paper+-Board Ex Newsprnt", "p": 32.0, "s": 22.0, "year": 2009, "partner": 254}, {"g": "f", "item": "Veneer Sheets", "p": 0.0, "s": 0.0, "year": 2010, "partner": 254}, {"g": "f", "item": "Sawnwood (C)", "p": 0.0, "s": 0.0, "year": 2010, "partner": 254}, {"g": "f", "item": "Sawnwood (NC)", "p": 0.0, "s": 0.0, "year": 2010, "partner": 254}, {"g": "f", "item": "Plywood", "p": 1.0, "s": 1.0, "year": 2010, "partner": 254}, {"g": "f", "item": "Paper+-Board Ex Newsprnt", "p": 170.0, "s": 154.0, "year": 2010, "partner": 254}, {"g": "f", "item": "Sawnwood (C)", "p": 0.0, "s": 1.0, "year": 2011, "partner": 254}, {"g": "f", "item": "Paper+-Board Ex Newsprnt", "p": 3.0, "s": 8.0, "year": 2011, "partner": 254}, {"g": "f", "item": "Sawnwood (NC)", "p": 0.0, "s": 0.0, "year": 2011, "partner": 254}, {"g": "f", "item": "Plywood", "p": 2.0, "s": 8.0, "year": 2011, "partner": 254}, {"g": "f", "item": "Sawnwood (C)", "p": 1.0, "s": 0.0, "year": 2012, "partner": 254}, {"g": "f", "item": "Paper+-Board Ex Newsprnt", "p": 1.0, "s": 24.0, "year": 2012, "partner": 254}, {"g": "f", "item": "Plywood", "p": 1.0, "s": 12.0, "year": 2012, "partner": 254}, {"g": "f", "item": "Fibreboard", "p": 0.0, "s": 1.0, "year": 2012, "partner": 254}, {"g": "f", "item": "Wood Pulp", "p": 35.0, "s": 15.0, "year": 2013, "partner": 254}, {"g": "f", "item": "Ind Rwd Wir (NC) Other", "p": 0.0, "s": 0.0, "year": 2013, "partner": 254}, {"g": "f", "item": "Veneer Sheets", "p": 1.0, "s": 8.0, "year": 2013, "partner": 254}, {"g": "f", "item": "Particle Board", "p": 0.0, "s": 0.0, "year": 2013, "partner": 254}, {"g": "f", "item": "Sawnwood (C)", "p": 1.0, "s": 1.0, "year": 2013, "partner": 254}, {"g": "f", "item": "Sawnwood (NC)", "p": 0.0, "s": 0.0, "year": 2013, "partner": 254}, {"g": "f", "item": "Ind Rwd Wir (C)", "p": 0.0, "s": 0.0, "year": 2013, "partner": 254}, {"g": "f", "item": "Paper+-Board Ex Newsprnt", "p": 5.0, "s": 14.0, "year": 2013, "partner": 254}, {"g": "f", "item": "Plywood", "p": 0.0, "s": 13.0, "year": 2013, "partner": 254}, {"g": "f", "item": "Fibreboard", "p": 12.0, "s": 19.0, "year": 2014, "partner": 254}, {"g": "f", "item": "Ind Rwd Wir (NC) Other", "p": 0.0, "s": 0.0, "year": 2014, "partner": 254}, {"g": "f", "item": "Veneer Sheets", "p": 0.0, "s": 0.0, "year": 2014, "partner": 254}, {"g": "f", "item": "Particle Board", "p": 0.0, "s": 0.0, "year": 2014, "partner": 254}, {"g": "f", "item": "Sawnwood (C)", "p": 0.0, "s": 0.0, "year": 2014, "partner": 254}, {"g": "f", "item": "Newsprint", "p": 0.0, "s": 0.0, "year": 2014, "partner": 254}, {"g": "f", "item": "Plywood", "p": 0.0, "s": 1.0, "year": 2014, "partner": 254}, {"g": "f", "item": "Paper+-Board Ex Newsprnt", "p": 4.0, "s": 23.0, "year": 2014, "partner": 254}, {"g": "f", "item": "Paper+-Board Ex Newsprnt", "p": 10.0, "s": 21.0, "year": 2002, "partner": 255}]